-- Concepts
INSERT INTO CD_TBL VALUES('a87a6d21-2ca6-4aea-88f3-6135cceb58d1',TRUE);
INSERT INTO CD_TBL VALUES('c8064cbd-fa06-4530-b430-1a52f1530c27',TRUE);
INSERT INTO CD_TBL VALUES('bdef5f90-5497-4f26-956c-8f818cce2bd2',TRUE);
INSERT INTO CD_TBL VALUES('c34fcbf1-e0fe-4989-90fd-0dc49e1b9685',TRUE);
INSERT INTO CD_TBL VALUES('cd4aa3c4-02d5-4cc9-9088-ef8f31e321c5',TRUE);
INSERT INTO CD_TBL VALUES ('bbd960a1-3853-4b13-b62a-d768f93a08c5', TRUE);
INSERT INTO CD_TBL VALUES ('846c2ccf-5b02-4b3f-beb4-3d69ce7830dd', TRUE);
INSERT INTO CD_TBL VALUES ('0f4ba634-5107-4eab-9658-25be293cd831', TRUE);
INSERT INTO CD_TBL VALUES ('2557f7b4-e465-4965-b016-766f192131ab', TRUE);
INSERT INTO CD_TBL VALUES ('4b98c47f-eaa5-472c-a2c6-97dddc0cb68c', TRUE);
INSERT INTO CD_TBL VALUES ('54b52119-1709-4098-8911-5df6d6c84140', TRUE);
INSERT INTO CD_TBL VALUES ('be84b6d3-446d-4e7e-b35d-2925f9f93434', TRUE);
INSERT INTO CD_TBL VALUES ('1987c53c-7ab8-4461-9ebc-0d428744a8c0', TRUE);
INSERT INTO CD_TBL VALUES ('43a9642c-a054-45df-9bee-99274b4635cd', TRUE);
INSERT INTO CD_TBL VALUES ('57619b4a-2c8a-4674-a7fc-8e4f9aeb4903', TRUE);
INSERT INTO CD_TBL VALUES ('28d022c6-8a8b-47c4-9e6a-2bc67308739e', TRUE);
INSERT INTO CD_TBL VALUES ('118e2293-0f46-4b78-8252-ab078afb32d3', TRUE);
INSERT INTO CD_TBL VALUES ('40829e76-33ec-420c-ae79-c9b9dc5a3481', TRUE);
INSERT INTO CD_TBL VALUES ('0804e3a1-abe6-4bfb-9ad3-5484f170d181', TRUE);
INSERT INTO CD_TBL VALUES ('80c58da9-917c-450b-843f-de21e4ae41a9', TRUE);
INSERT INTO CD_TBL VALUES ('22304ab0-b133-494a-ad30-4d9170176f99', TRUE);
INSERT INTO CD_TBL VALUES ('487e2e90-c2ab-4693-b190-2c4e2f0e7cec', TRUE);
INSERT INTO CD_TBL VALUES ('7ce22b9d-e062-447c-a921-71e690ebd5cf', TRUE);
INSERT INTO CD_TBL VALUES ('ec38d31f-a187-4921-9fb6-ff9d227e9e9c', TRUE);
INSERT INTO CD_TBL VALUES ('bc6b2fc6-6542-4bec-96eb-8573a606dbb4', TRUE);
INSERT INTO CD_TBL VALUES ('ab94417b-0d1a-4c46-8d55-6c3fba04ed7e', TRUE);
INSERT INTO CD_TBL VALUES ('82d09e9e-9b12-47dd-acba-0557cc025bd7', TRUE);
INSERT INTO CD_TBL VALUES ('932a3c7e-ad77-450a-8a1f-030fc2855450', TRUE);
INSERT INTO CD_TBL VALUES ('a064984f-9847-4480-8bea-dddf64b3c77c', TRUE);
INSERT INTO CD_TBL VALUES ('73a70eea-06cd-4865-a5f7-f010e33ba4f3', TRUE);
INSERT INTO CD_TBL VALUES ('b47f044d-a9c8-4a65-9f84-d99d913beb97', TRUE);
INSERT INTO CD_TBL VALUES ('21a61f18-1fc5-47c0-a235-721d2f965e33', TRUE);
INSERT INTO CD_TBL VALUES ('f38f409f-3e92-4e6b-b8fd-b2abc7e6c177', TRUE);
INSERT INTO CD_TBL VALUES ('fdae49aa-6fcb-40ae-9653-744e87fdd692', TRUE);
INSERT INTO CD_TBL VALUES ('9613f16a-f962-4c27-8489-b78aebd7e2ec', TRUE);
INSERT INTO CD_TBL VALUES ('90c2f40c-784e-4260-8b91-66bb032d3652', TRUE);
INSERT INTO CD_TBL VALUES ('1a76e650-0242-4b40-9267-bf3a5b386c96', TRUE);
INSERT INTO CD_TBL VALUES ('5a5023c9-9a53-4f4f-a9b2-5938c71041e7', TRUE);
INSERT INTO CD_TBL VALUES ('7a4a0c9c-cf1c-423a-987e-d2a5717ac74e', TRUE);
INSERT INTO CD_TBL VALUES ('ec74541f-87c4-4327-a4b9-97f325501747', TRUE);
INSERT INTO CD_TBL VALUES ('29894070-a76b-47ef-8c16-d84e0acd9ea6', TRUE);
INSERT INTO CD_TBL VALUES ('646542bc-72e4-488b-bbf4-865d452e62ec', TRUE);
INSERT INTO CD_TBL VALUES ('78b9540f-438b-4b6f-8d83-aaf4979dbc64', TRUE);
INSERT INTO CD_TBL VALUES ('26fe590c-3684-4574-9359-057fdd06ba61', TRUE);
INSERT INTO CD_TBL VALUES ('85f68168-2a43-4532-bc79-191fa0b47c8b', TRUE);
INSERT INTO CD_TBL VALUES ('28c81cdc-ca56-4c92-b691-094e89630642', TRUE);
INSERT INTO CD_TBL VALUES ('5a280fc0-8c26-4191-b204-b1b1e4e19462', TRUE);
INSERT INTO CD_TBL VALUES ('99488a1d-6d97-4013-8c91-ded6ad3b8e89', TRUE);
INSERT INTO CD_TBL VALUES ('07e4d325-63b9-487d-a22c-9b194c09a6ba', TRUE);
INSERT INTO CD_TBL VALUES ('c3b1a717-74d0-4ae3-830c-efddcc57bb92', TRUE);
INSERT INTO CD_TBL VALUES ('16d4c8a8-5776-4c34-b189-018d236f1cb6', TRUE);
INSERT INTO CD_TBL VALUES ('802ae6bb-31b8-401a-9d40-9ce3c3da227c', TRUE);
INSERT INTO CD_TBL VALUES ('2ca49a5f-af50-402d-9263-7725071c3ed9', TRUE);
INSERT INTO CD_TBL VALUES ('f81e1097-ed9e-461b-9e1f-52bd7ed47236', TRUE);
INSERT INTO CD_TBL VALUES ('31a56b8d-b358-453a-a3c8-b1d60ee52578', TRUE);
INSERT INTO CD_TBL VALUES ('50829a86-6643-423c-bbae-eb3119575349', TRUE);
INSERT INTO CD_TBL VALUES ('9b3412c0-adb9-41fa-9b23-2557bd0b3348', TRUE);
INSERT INTO CD_TBL VALUES ('4f509ada-d366-41ac-bd84-e0b3046a0ffc', TRUE);
INSERT INTO CD_TBL VALUES ('e769140d-195e-4fdf-b64f-0da4ecf74b36', TRUE);
INSERT INTO CD_TBL VALUES ('221bc06c-27f4-4244-8efe-a7b968fbdbd6', TRUE);
INSERT INTO CD_TBL VALUES ('d920a941-ec06-4d0d-9f60-631b790f8e0d', TRUE);
INSERT INTO CD_TBL VALUES ('f730f892-ebcc-43bc-8d39-bda98bc76563', TRUE);
INSERT INTO CD_TBL VALUES ('e0f40a69-0e09-44e1-bd37-080ac88661e3', TRUE);
INSERT INTO CD_TBL VALUES ('da22b2fb-bf0b-4aa6-8dcc-cb4c4cad1ca8', TRUE);
INSERT INTO CD_TBL VALUES ('c898b180-dad0-4115-9200-f48329fd7771', TRUE);
INSERT INTO CD_TBL VALUES ('cfbed12b-ffb1-48d7-b0ab-68f898a76749', TRUE);
INSERT INTO CD_TBL VALUES ('a5a71f07-0235-42e8-beab-adefeb357bf5', TRUE);
INSERT INTO CD_TBL VALUES ('742b318f-8198-4dde-9b43-34d20d0c18e2', TRUE);
INSERT INTO CD_TBL VALUES ('a0d72d7c-b32f-4619-a943-f40ced704df6', TRUE);
INSERT INTO CD_TBL VALUES ('c44dd7b3-4e4e-493f-9ace-557ca3c672a7', TRUE);
INSERT INTO CD_TBL VALUES ('44d04d8c-a81b-47ce-8857-c88cc92e8dfc', TRUE);
INSERT INTO CD_TBL VALUES ('eb55fb0a-126d-4f97-a7e4-454d600c5c9a', TRUE);
INSERT INTO CD_TBL VALUES ('d18cc00b-c339-47a5-9ff9-23c77542a5c3', TRUE);
INSERT INTO CD_TBL VALUES ('65c0a364-b1bf-4b16-8c28-6d1e2fc90ad1', TRUE);
INSERT INTO CD_TBL VALUES ('69f1fd07-ba26-4e92-8ad0-deac7559e90f', TRUE);
INSERT INTO CD_TBL VALUES ('1373ff04-a6ef-420a-b1d0-4a07465fe8e8', TRUE);
INSERT INTO CD_TBL VALUES ('b76ff324-b174-40b7-a6ac-d1fdf8e23967', TRUE);
INSERT INTO CD_TBL VALUES ('0b019bcf-c51f-4b8c-bfae-b7232a7dfb59', TRUE);
INSERT INTO CD_TBL VALUES ('4a2de544-f8c9-4e29-b156-df478d5cbe25', TRUE);
INSERT INTO CD_TBL VALUES ('fbf1a25a-b874-4d1b-83a9-da193869ee78', TRUE);
INSERT INTO CD_TBL VALUES ('74cd3296-cb58-4984-9750-d077a130ce05', TRUE);
INSERT INTO CD_TBL VALUES ('e29fcfad-ec1d-4c60-a055-039a494248ae', TRUE);
INSERT INTO CD_TBL VALUES ('fdf8335e-1f12-4de0-8356-f8778ed41c21', TRUE);
INSERT INTO CD_TBL VALUES ('8ba5e5c9-693b-49d4-973c-d7010f3a23ee', TRUE);
INSERT INTO CD_TBL VALUES ('9025e5c9-693b-49d4-973c-d7010f3a23ee', TRUE);
INSERT INTO CD_TBL VALUES ('8a6cb575-cf22-4184-a2b7-d9e99d2cd850', TRUE);
INSERT INTO CD_TBL VALUES ('61fcbf42-b5e0-4fb5-9392-108a5c6dbec7', TRUE);
INSERT INTO CD_TBL VALUES ('0162f67f-50a6-4743-88b6-edcde354caca', TRUE);
INSERT INTO CD_TBL VALUES ('b91f756a-5b37-409e-8cf9-c985d5dba2f1', TRUE);
INSERT INTO CD_TBL VALUES ('9de2a846-ddf2-4ebc-902e-84508c5089ea', TRUE);
INSERT INTO CD_TBL VALUES ('d39073be-0f8f-440e-b8c8-7034cc138a95', TRUE);
INSERT INTO CD_TBL VALUES ('2e9fa332-9391-48c6-9fc8-920a750b25d3', TRUE);
INSERT INTO CD_TBL VALUES ('e5a09cc2-5ae5-40c2-8e32-687dba06715d', TRUE);
INSERT INTO CD_TBL VALUES ('fafec286-89d5-420b-9085-054aca9d1eef', TRUE);
INSERT INTO CD_TBL VALUES ('2452b691-f122-4121-b9df-76d990b43f35', TRUE);
INSERT INTO CD_TBL VALUES ('2a7043bc-6cca-447d-b230-8414f790cdb6', TRUE);
INSERT INTO CD_TBL VALUES ('a1fa9cd6-1ce7-4f7e-a0c1-7a503f9f1255', TRUE);
INSERT INTO CD_TBL VALUES ('7c08bd55-4d42-49cd-92f8-6388d6c4183f', TRUE);
INSERT INTO CD_TBL VALUES ('0b3c64f4-220d-44e5-bdc6-4bfad6120963', TRUE);
INSERT INTO CD_TBL VALUES ('8cf4b0b0-84e5-4122-85fe-6afa8240c218', TRUE);
INSERT INTO CD_TBL VALUES ('c7ace528-277d-4efb-94ee-bfd1278f40f7', TRUE);
INSERT INTO CD_TBL VALUES ('21ab7873-8ef3-4d78-9c19-4582b3c40631', TRUE);
INSERT INTO CD_TBL VALUES ('79dd4f75-68e8-4722-a7f5-8bc2e08f5cd6', TRUE);
INSERT INTO CD_TBL VALUES ('48b2ffb3-07db-47ba-ad73-fc8fb8502471', TRUE);
INSERT INTO CD_TBL VALUES ('6eefee7d-dff5-46d3-a6a7-171ef93879c7', TRUE);
INSERT INTO CD_TBL VALUES ('4d1a5c28-deb7-411e-b75f-d524f90dfa63', TRUE);
INSERT INTO CD_TBL VALUES ('1935aaf6-d487-4c82-ac17-fb917b5b6d71', TRUE);
INSERT INTO CD_TBL VALUES ('f29f08de-78a7-4a5e-aeaf-7b545ba19a09', TRUE);
INSERT INTO CD_TBL VALUES ('ad28a7ac-a66b-42c4-91b4-de40a2b11980', TRUE);
INSERT INTO CD_TBL VALUES ('604cf1b7-8891-49fb-b95f-3e4e875691bc', TRUE);
INSERT INTO CD_TBL VALUES ('71651ed8-8c91-4839-b76e-9bfdd2edba43', TRUE);
INSERT INTO CD_TBL VALUES ('f0cb3faf-435d-4704-9217-b884f757bc14', TRUE);
INSERT INTO CD_TBL VALUES ('f158af2a-d405-4616-a459-50e8494a9a56', TRUE);
INSERT INTO CD_TBL VALUES ('cc35ad2b-6699-4946-ae38-76ab08193f41', TRUE);
INSERT INTO CD_TBL VALUES ('c50d66d2-e5da-4a34-b2b7-4cd4fe4ef2c4', TRUE);
INSERT INTO CD_TBL VALUES ('39604248-7812-4b60-bc54-8cc1fffb1de6', TRUE);
INSERT INTO CD_TBL VALUES ('ec8a5482-2059-43fc-a4ce-04f71f64e3d8', TRUE);
INSERT INTO CD_TBL VALUES ('d64ed94f-e4a4-49a2-a0d8-1e6f393aab36', TRUE);
INSERT INTO CD_TBL VALUES ('196405f1-e07e-494e-a56e-b4b563cd85fc', TRUE);
INSERT INTO CD_TBL VALUES ('97ad6a1d-6871-448c-a504-cb82cabc0452', TRUE);
INSERT INTO CD_TBL VALUES ('4c503921-1d6e-4149-a3c4-33f6be4646ce', TRUE);
INSERT INTO CD_TBL VALUES ('4b8b0a87-7d2e-406d-aeb0-1041c3841b57', TRUE);
INSERT INTO CD_TBL VALUES ('61848557-d78d-40e5-954f-0b9c97307a04', TRUE);
INSERT INTO CD_TBL VALUES ('455dadf8-c175-45a1-a859-34283a8210f8', TRUE);
INSERT INTO CD_TBL VALUES ('a0174216-6439-4351-9483-a241a48029b7', TRUE);
INSERT INTO CD_TBL VALUES ('6cbf29ad-ac51-48c9-885a-cfe3026ecf6e', TRUE);
INSERT INTO CD_TBL VALUES ('9c4c40ae-2c15-4581-a496-be1abfe4eb66', TRUE);
INSERT INTO CD_TBL VALUES ('0a364ad7-f961-4d8a-93f0-1fd4176548b3', TRUE);
INSERT INTO CD_TBL VALUES ('d9f63423-ba9b-48d9-ba38-c404b784b670', TRUE);
INSERT INTO CD_TBL VALUES ('a2594e6e-e8fe-4c68-82a5-d3a46dbec87d', TRUE);
INSERT INTO CD_TBL VALUES ('727a61ed-2f35-4e09-8bb6-6d09e2ba8fec', TRUE);
INSERT INTO CD_TBL VALUES ('5a6a6766-8e1d-4d36-ae50-9b7d82d8a182', TRUE);
INSERT INTO CD_TBL VALUES ('3a9f0c2f-e322-4639-a8e7-0df67cac761b', TRUE);
INSERT INTO CD_TBL VALUES ('9790b291-b8a3-4c85-a240-c2c38885ad5d', TRUE);
INSERT INTO CD_TBL VALUES ('c704a23d-86ef-4e11-9050-f8aa10919ff2', TRUE);
INSERT INTO CD_TBL VALUES ('5e8e0f8b-bc23-4847-82ab-49b8dd79981e', TRUE);
INSERT INTO CD_TBL VALUES ('de3f7527-e3c9-45ef-8574-00ca4495f767', TRUE);
INSERT INTO CD_TBL VALUES ('0b82357f-5ae0-4543-ab8e-a33e9b315bab', TRUE);
INSERT INTO CD_TBL VALUES ('649d6d69-139c-4006-ae45-aff4649d6079', TRUE);
INSERT INTO CD_TBL VALUES ('479896b0-35d5-4842-8109-5fdbee14e8a4', TRUE);
INSERT INTO CD_TBL VALUES ('a5cac7f7-e3b7-4dd8-872c-db0e7fcc2d84', TRUE);
INSERT INTO CD_TBL VALUES ('6792db6c-fd5c-4ab8-96f5-ace5665bdcb9', TRUE);
INSERT INTO CD_TBL VALUES ('76990d3d-3f27-4b39-836b-ba87eeba3328', TRUE);
INSERT INTO CD_TBL VALUES ('be1235ee-710a-4732-88fd-6e895de7c56d', TRUE);
INSERT INTO CD_TBL VALUES ('ea60a5a9-e971-4f0d-bb5d-dc7a0c74a2c9', TRUE);
INSERT INTO CD_TBL VALUES ('ec401b5c-4c33-4229-9c72-428fc5db37ff', TRUE);
INSERT INTO CD_TBL VALUES ('cbb6297b-743c-453c-8476-ba4c10a1c965', TRUE);
INSERT INTO CD_TBL VALUES ('99e77288-cb09-4050-a8cf-385513f32f0a', TRUE);
INSERT INTO CD_TBL VALUES ('03067700-ce37-405f-8ed3-e4965ba2f601', TRUE);
INSERT INTO CD_TBL VALUES ('bce17b21-05b2-4f02-bf7a-c6d3561aa948', TRUE);
INSERT INTO CD_TBL VALUES ('28c744df-d889-4a44-bc1a-2e9e9d64af13', TRUE);
INSERT INTO CD_TBL VALUES ('7f81b83e-0d78-4685-8ba4-224eb315ce54', TRUE);
INSERT INTO CD_TBL VALUES ('4b5471d4-e3fe-45f7-85a2-ae2b4f224757', TRUE);
INSERT INTO CD_TBL VALUES ('28fb791e-179e-461a-b16c-cac13a04bd0a', TRUE);
INSERT INTO CD_TBL VALUES ('3f92dbee-a65e-434f-98ce-841feeb02e3f', TRUE);
INSERT INTO CD_TBL VALUES ('53c694b8-27d8-43dd-95a4-bb318431d17c', TRUE);
INSERT INTO CD_TBL VALUES ('01b87999-85a7-4f5c-9b7e-892f1195cfe3', TRUE);
INSERT INTO CD_TBL VALUES ('02bb7934-76b5-4cc5-bd42-58570f15eb4d', TRUE);
INSERT INTO CD_TBL VALUES ('6da3a6ca-2ab0-4d32-9588-e094f277f06d', TRUE);
INSERT INTO CD_TBL VALUES ('353f9255-765e-4336-8007-1d61ab09aad6', TRUE);
INSERT INTO CD_TBL VALUES ('c3be013a-20c5-4c20-840c-d9dbb15d040e', TRUE);
INSERT INTO CD_TBL VALUES ('727b3624-ea62-46bb-a68b-b9e49e302eca', TRUE);
INSERT INTO CD_TBL VALUES ('ac05185b-5a80-47a8-b924-060deb6d0eb2', TRUE);
INSERT INTO CD_TBL VALUES ('5d175f21-1963-4589-a400-b5ef5f64842c', TRUE);
INSERT INTO CD_TBL VALUES ('3c1225de-194e-49ce-a41a-0f9376b04c11', TRUE);
INSERT INTO CD_TBL VALUES ('5b0fac74-5ac6-44e6-99a4-6813c0e2f4a9', TRUE);
INSERT INTO CD_TBL VALUES ('fa5e70a4-a46e-4665-8a20-94d4d7b86fc8', TRUE);
INSERT INTO CD_TBL VALUES ('693f08fa-625a-40d2-b928-6856099c0349', TRUE);
INSERT INTO CD_TBL VALUES ('79f6136c-1465-45e8-917e-e7832bc8e3b2', TRUE);
INSERT INTO CD_TBL VALUES ('4ff91e06-2e39-44e3-9fbe-0d828fe318fe', TRUE);
INSERT INTO CD_TBL VALUES ('64474c12-b978-4bb6-a584-46dadec2d952', TRUE);
INSERT INTO CD_TBL VALUES ('f9dc5787-dd4d-42c6-a082-ac7d11956fda', TRUE);
INSERT INTO CD_TBL VALUES ('1b2dbf82-a503-4cf4-9ecb-a8e111b4674e', TRUE);
INSERT INTO CD_TBL VALUES ('0716a333-cd46-439d-bfd6-bf788f3885fa', TRUE);
INSERT INTO CD_TBL VALUES ('8e087135-8c6f-4214-bdd2-448387d3f24c', TRUE);
INSERT INTO CD_TBL VALUES ('ced7cc70-12bc-45bb-ac46-ddf41141e64b', TRUE);
INSERT INTO CD_TBL VALUES ('6af35d6e-557c-4034-9518-e87bc6cff808', TRUE);
INSERT INTO CD_TBL VALUES ('fdda3bd9-a3ee-479c-9b2d-89ba49f09b85', TRUE);
INSERT INTO CD_TBL VALUES ('3682b98d-4b14-4e2b-92f5-aa7abf522e28', TRUE);
INSERT INTO CD_TBL VALUES ('8de7b5e7-c941-42bd-b735-52d750efc5e6', TRUE);
INSERT INTO CD_TBL VALUES ('867fd445-d490-4619-804e-75c04b8a0e57', TRUE);
INSERT INTO CD_TBL VALUES ('77b7a04b-c065-4faf-8ec0-2cdad4ae372b', TRUE);
INSERT INTO CD_TBL VALUES ('33bd1401-dfdb-40e7-a914-0a695ad5186e', TRUE);
INSERT INTO CD_TBL VALUES ('757f98df-14e0-446a-bd50-bb0affb34f09', TRUE);
INSERT INTO CD_TBL VALUES ('b1d2148d-bb35-4337-8fe6-021f5a3ac8a3', TRUE);
INSERT INTO CD_TBL VALUES ('25985F42-476A-4455-A977-4E97A554D710', TRUE);
INSERT INTO CD_TBL VALUES ('1ee4e74f-542d-4544-96f6-266a6247f274', TRUE);
INSERT INTO CD_TBL VALUES ('3b8e2334-4ccc-4f24-8aae-37341ea03d3e', TRUE);
INSERT INTO CD_TBL VALUES ('35b13152-e43c-4bcb-8649-a9e83bee33a2', TRUE);
INSERT INTO CD_TBL VALUES ('d4844672-c0d7-434c-8377-6dd0655b0532', TRUE);
INSERT INTO CD_TBL VALUES ('9d256279-f1ac-46b3-a974-dd13e2ad4f72', TRUE);
INSERT INTO CD_TBL VALUES ('3d907f37-085c-4c26-b59b-62e40621dafd', TRUE);
INSERT INTO CD_TBL VALUES ('f28ed78f-85ab-47a1-ba08-b5051e62d6c3', TRUE);
INSERT INTO CD_TBL VALUES ('47049b0f-f189-4e19-9aa8-7c38adb2491a', TRUE);
INSERT INTO CD_TBL VALUES ('f31a2a5b-ce13-47e1-a0fb-d704f31547db', TRUE);
INSERT INTO CD_TBL VALUES ('cbe2a00c-e1d5-44e9-aae3-d7d03e3c2efa', TRUE);
INSERT INTO CD_TBL VALUES ('43ad7bc0-2ed8-4b27-97e5-b3db00a07d17', TRUE);
INSERT INTO CD_TBL VALUES ('66c96ae6-c5c4-4d66-9bd0-a00c56e831da', TRUE);
INSERT INTO CD_TBL VALUES ('b43c9513-1c1c-4ed0-92db-55a904c122e6', TRUE);
INSERT INTO CD_TBL VALUES ('1bcfb08d-c6fa-41dd-98bf-06336a33a3b7', TRUE);
INSERT INTO CD_TBL VALUES ('f5b10c57-3ae1-41ea-8649-1cf8d9848ae1', TRUE);
INSERT INTO CD_TBL VALUES ('0c522bd1-dfa2-43cb-a98e-f6ff137968ae', TRUE);
INSERT INTO CD_TBL VALUES ('d7ad48c0-889d-41e2-99e9-be5e6c5327b2', TRUE);
INSERT INTO CD_TBL VALUES ('ef597ffe-d965-4398-b55a-650530ebb997', TRUE);
INSERT INTO CD_TBL VALUES ('b9fe057e-7f57-42eb-89d7-67c69646c0c4', TRUE);
INSERT INTO CD_TBL VALUES ('f1ef6c46-05eb-4482-baeb-eaf0a8e5ffef', TRUE);
INSERT INTO CD_TBL VALUES ('6b04fed8-c164-469c-910b-f824c2bda4f0', TRUE);
INSERT INTO CD_TBL VALUES ('bacd9c6f-3fa9-481e-9636-37457962804d', TRUE);
INSERT INTO CD_TBL VALUES ('734551e1-2960-4a68-93a2-b277db072a43', TRUE);
INSERT INTO CD_TBL VALUES ('07c922d2-12c9-415a-95d4-9b3fed4959d6', TRUE);
INSERT INTO CD_TBL VALUES ('cec017ef-4e49-41af-8596-abad1a91c9d0', TRUE);
INSERT INTO CD_TBL VALUES ('6521dd09-334b-4fbf-9c89-1ad5a804326c', TRUE);
INSERT INTO CD_TBL VALUES ('8ff9d9a5-a206-4566-82cd-67b770d7ce8a', TRUE);
INSERT INTO CD_TBL VALUES ('0c157566-d1e9-4976-8542-473caa9ba2a4', TRUE);
INSERT INTO CD_TBL VALUES ('a8fcd83f-808b-494b-8a1c-ec2c6dbc3dfa', TRUE);
INSERT INTO CD_TBL VALUES ('ddc1b705-c768-4c7a-8f69-76ad4b167b40', TRUE);
INSERT INTO CD_TBL VALUES ('b52c7e95-88b8-4c4c-836a-934277afdb92', TRUE);
INSERT INTO CD_TBL VALUES ('f3ef7e48-d8b7-4030-b431-aff7e0e1cb76', TRUE);
INSERT INTO CD_TBL VALUES ('31b0dfcb-d7ba-452a-98b9-45ebccd30732', TRUE);
INSERT INTO CD_TBL VALUES ('9bbe0cfe-faab-4dc9-a28f-c001e3e95e6e', TRUE);
INSERT INTO CD_TBL VALUES ('f5547ada-1eb9-40bb-b163-081567d869e7', TRUE);
INSERT INTO CD_TBL VALUES ('703df8f4-b124-44c5-9506-1ab74ddfd91d', TRUE);
INSERT INTO CD_TBL VALUES ('ab39087c-17d3-421a-a1e3-2de4e0ab9faf', TRUE);
INSERT INTO CD_TBL VALUES ('9c02a621-8565-46b4-94ff-a2bd210989b1', TRUE);
INSERT INTO CD_TBL VALUES ('5b0f8c93-57c9-4dff-b59a-9564739ef445', TRUE);
INSERT INTO CD_TBL VALUES ('c5c8b935-294f-4c90-9d81-cbf914bf5808', TRUE);
INSERT INTO CD_TBL VALUES ('6780df3b-afbd-44a3-8627-cbb3dc2f02f6', TRUE);
INSERT INTO CD_TBL VALUES ('d6657fdb-4ef3-4131-af79-14e01a21faca', TRUE);
INSERT INTO CD_TBL VALUES ('77b6d8cd-05a0-4b1f-9e14-b895203bf40c', TRUE);
INSERT INTO CD_TBL VALUES ('117da15c-0864-4f00-a987-9b9854cba44e', TRUE);
INSERT INTO CD_TBL VALUES ('abfd3fe8-9526-48fb-b366-35baca9bd170', TRUE);
INSERT INTO CD_TBL VALUES ('20e98d17-e24d-4c64-b09e-521a177ccd05', TRUE);
INSERT INTO CD_TBL VALUES ('ff34dfa7-c6d3-4f8b-bc9f-14bcdc13ba6c', TRUE);
INSERT INTO CD_TBL VALUES ('455f1772-f580-47e8-86bd-b5ce25d351f9', TRUE);
INSERT INTO CD_TBL VALUES ('41baf7aa-5ffd-4421-831f-42d4ab3de38a', TRUE);
INSERT INTO CD_TBL VALUES ('c6b92576-1d62-4896-8799-6f931f8ab607', TRUE);
INSERT INTO CD_TBL VALUES ('08fff7d9-bac7-417b-b026-c9bee52f4a37', TRUE);
INSERT INTO CD_TBL VALUES ('639b4b8f-afd3-4963-9e79-ef0d3928796a', TRUE);
INSERT INTO CD_TBL VALUES ('845120de-e6f7-4cec-94aa-e6e943c91367', TRUE);
INSERT INTO CD_TBL VALUES ('b2feb552-8eaf-45fe-a397-f789d6f4728a', TRUE);
INSERT INTO CD_TBL VALUES ('212b1b6b-b074-4a75-862d-e4e194252044', TRUE);
INSERT INTO CD_TBL VALUES ('cff670e4-965e-4288-b966-47a44479d2ad', TRUE);
INSERT INTO CD_TBL VALUES ('020c28a0-7c52-42f4-a046-db9e329d5a42', TRUE);
INSERT INTO CD_TBL VALUES ('ca44a469-81d7-4484-9189-ca1d55afecbc', TRUE);
INSERT INTO CD_TBL VALUES ('d874424e-c692-4fd8-b94e-642e1cbf83e9', TRUE);
INSERT INTO CD_TBL VALUES ('03eb7808-0851-49e2-b773-663b0ac2bd38', TRUE);
INSERT INTO CD_TBL VALUES ('1571297b-86ed-4002-8b40-13403cba68ab', TRUE);
INSERT INTO CD_TBL VALUES ('192f1768-d39e-409d-87be-5afd0ee0d1fe', TRUE);
INSERT INTO CD_TBL VALUES ('06af93c0-08fc-4df4-b084-190d680331e0', TRUE);
INSERT INTO CD_TBL VALUES ('6be8d358-f591-4a3a-9a57-1889b0147c7e', TRUE);
INSERT INTO CD_TBL VALUES ('7eae32b1-27ae-4e78-909b-9f7d07e1c446', TRUE);
INSERT INTO CD_TBL VALUES ('61677f76-dc05-466d-91de-47efc8e7a3e6', TRUE);
INSERT INTO CD_TBL VALUES ('676de278-64aa-44f2-9b69-60d61fc1f5f5', TRUE);
INSERT INTO CD_TBL VALUES ('d38091b5-9065-4721-8a1f-bfbb3b4bf447', TRUE);
INSERT INTO CD_TBL VALUES ('3b14a426-6337-4f2a-b83b-e6be7dbcd5a5', TRUE);
INSERT INTO CD_TBL VALUES ('13925967-e748-4dd6-b562-1e1da3ddfb06', TRUE);
INSERT INTO CD_TBL VALUES ('099bcc5e-8e2f-4d50-b509-9f9d5bbeb58e', TRUE);
INSERT INTO CD_TBL VALUES ('acf7baf2-221f-4bc2-8116-ceb5165be079', TRUE);
INSERT INTO CD_TBL VALUES ('dc3df205-18ef-4854-ac00-68c295c9c744', TRUE);
INSERT INTO CD_TBL VALUES ('d1578637-e1cb-415e-b319-4011da033813', TRUE);
INSERT INTO CD_TBL VALUES ('db2ae02a-ff12-4c1b-9c5b-ecdd41af8583', TRUE);
INSERT INTO CD_TBL VALUES ('81b6a0f8-b86a-495f-9d5d-8a4073fdd882', TRUE);
INSERT INTO CD_TBL VALUES ('57d81685-e399-4abd-8744-96454188a9fa', TRUE);
INSERT INTO CD_TBL VALUES ('8dbeac94-cccb-4412-a990-09bab26dd048', TRUE);
INSERT INTO CD_TBL VALUES ('22918d17-d3dc-4135-a003-4c1c52e57e75', TRUE);
INSERT INTO CD_TBL VALUES ('8fce259a-b859-4ae3-8160-0221f6ab1650', TRUE);
INSERT INTO CD_TBL VALUES ('55da61a2-7b86-47f3-9b0b-ba47dc99c950', TRUE);
INSERT INTO CD_TBL VALUES ('c66d7ca9-c6c2-46b1-9276-ad76baf04b07', TRUE);
INSERT INTO CD_TBL VALUES ('3209e3f1-2258-4b63-8182-2c888da66cf0', TRUE);
INSERT INTO CD_TBL VALUES ('9871c3bc-b57a-479d-a031-7b56cb06fa84', TRUE);
INSERT INTO CD_TBL VALUES ('ffc6e905-161d-4c0b-8cde-a04e9e9d0cd5', TRUE);
INSERT INTO CD_TBL VALUES ('ebf9ac10-b5c9-407a-91a4-360bfb7e0fb9', TRUE);
INSERT INTO CD_TBL VALUES ('c46eee70-5612-473f-8d24-595ea15c9c39', TRUE);
INSERT INTO CD_TBL VALUES ('0395f357-6821-4562-8192-49ac3c94f548', TRUE);
INSERT INTO CD_TBL VALUES ('12ff7ad6-0acd-4bba-a624-c7a03d3f8a6b', TRUE);
INSERT INTO CD_TBL VALUES ('e5136fdf-ce72-4757-a1cc-24e1cc98f034', TRUE);
INSERT INTO CD_TBL VALUES ('baa88534-dc79-4942-90cd-e047ba24f34f', TRUE);
INSERT INTO CD_TBL VALUES ('4a287bfc-72ca-46b6-9d34-380eeae9369a', TRUE);
INSERT INTO CD_TBL VALUES ('71751e65-cc30-4080-85de-5c19d5201772', TRUE);
INSERT INTO CD_TBL VALUES ('7fd001e8-5451-4a48-b5b6-da5928dce03f', TRUE);
INSERT INTO CD_TBL VALUES ('8be192e3-971a-4c3c-b795-554b0b5ad672', TRUE);
INSERT INTO CD_TBL VALUES ('59e13f51-0cca-433e-8a45-8ec24b332ece', TRUE);
INSERT INTO CD_TBL VALUES ('2be66881-87e1-4173-b950-5534334ee08b', TRUE);
INSERT INTO CD_TBL VALUES ('04c76563-0e0b-49c4-9664-6eb3cbd771d1', TRUE);
INSERT INTO CD_TBL VALUES ('bd98bfb8-c621-48ec-919e-65a65e334d37', TRUE);
INSERT INTO CD_TBL VALUES ('2d0d7c33-c3a0-497a-92d8-d27095f1e2e7', TRUE);
INSERT INTO CD_TBL VALUES ('3fe3c67e-eb5a-4540-bdcd-5ae2a5ffbbef', TRUE);
INSERT INTO CD_TBL VALUES ('a5e71f54-ce6c-48f4-8da5-f8c61b04b7cf', TRUE);
INSERT INTO CD_TBL VALUES ('0413798d-4017-487a-9a8f-ddf40a21f48c', TRUE);
INSERT INTO CD_TBL VALUES ('231c88d8-2989-48f9-8ad7-df27adce9948', TRUE);
INSERT INTO CD_TBL VALUES ('c8581ff7-7699-4788-84dd-d6b28edfa919', TRUE);
INSERT INTO CD_TBL VALUES ('0c1af2f0-6162-4758-b532-ecece14d5a24', TRUE);
INSERT INTO CD_TBL VALUES ('b83c798b-1b67-47d8-9353-7a8687967a63', TRUE);
INSERT INTO CD_TBL VALUES ('a8d497c5-c68c-4bdd-b833-1202735ba0ac', TRUE);
INSERT INTO CD_TBL VALUES ('52aa67c9-4589-4d43-99fc-0e3da3b116e9', TRUE);
INSERT INTO CD_TBL VALUES ('b2f4bc37-b7f5-4836-86f5-500d72a552d0', TRUE);
INSERT INTO CD_TBL VALUES ('8f46d9b3-1a30-4092-b3ed-c1bc0c4189b7', TRUE);
INSERT INTO CD_TBL VALUES ('50a89363-3f59-4271-85fd-f79e8ac11f41', TRUE);
INSERT INTO CD_TBL VALUES ('dd5a11f6-91f8-44d2-aef1-7ad8f5b690a2', TRUE);
INSERT INTO CD_TBL VALUES ('5dc02c7b-88d9-4167-a0c7-3ebbe67ec625', TRUE);
INSERT INTO CD_TBL VALUES ('01afa2d5-ef17-4f41-83d4-b166308e998f', TRUE);
INSERT INTO CD_TBL VALUES ('401b25e9-6096-4fe0-8fea-d7eb40e37592', TRUE);
INSERT INTO CD_TBL VALUES ('ea397b83-59af-4d7a-93f8-71e615072aae', TRUE);
INSERT INTO CD_TBL VALUES ('be912792-f637-4373-a48d-6c9f838191e2', TRUE);
INSERT INTO CD_TBL VALUES ('ec8a162b-81f7-4388-b695-e998369c2425', TRUE);
INSERT INTO CD_TBL VALUES ('69c13f8a-29e2-410b-b5ad-f616f7191b14', TRUE);
INSERT INTO CD_TBL VALUES ('41ae57b4-5f5f-49e5-8c77-4ba7969ff469', TRUE);
INSERT INTO CD_TBL VALUES ('70797990-396d-4542-90a2-7f5f1abf0ad1', TRUE);
INSERT INTO CD_TBL VALUES ('3e0ea001-123e-49a4-b28c-939e5d5ea488', TRUE);
INSERT INTO CD_TBL VALUES ('84223e9b-3217-404d-ad47-3ef9bde43dcb', TRUE);
INSERT INTO CD_TBL VALUES ('efc391b0-4d74-46e4-91e6-c03f315555e2', TRUE);
INSERT INTO CD_TBL VALUES ('2feab4d2-6bd5-4da8-9057-82ff9bf6a1bc', TRUE);
INSERT INTO CD_TBL VALUES ('2fb4dfbc-64dd-4668-b2e5-0d5c743c9a9f', TRUE);
INSERT INTO CD_TBL VALUES ('4e9dbe60-3e4e-4074-a432-0bb4e47eb62d', TRUE);
INSERT INTO CD_TBL VALUES ('958a0b33-c3d7-47ef-9596-59eee434eb2d', TRUE);
INSERT INTO CD_TBL VALUES ('17cd1669-5aaf-4960-bd23-988209eba352', TRUE);
INSERT INTO CD_TBL VALUES ('e7bde797-deac-4c63-9f61-1ddbd38b98f3', TRUE);
INSERT INTO CD_TBL VALUES ('1d570bba-8242-4fdb-bd63-c2e7601a64c6', TRUE);
INSERT INTO CD_TBL VALUES ('091780d7-cd81-4c15-a082-fd969b5baf85', TRUE);
INSERT INTO CD_TBL VALUES ('ff15da84-64e6-47be-95c2-3c5f4629913a', TRUE);
INSERT INTO CD_TBL VALUES ('2beefd30-62af-40e4-83ec-127f3fb6834a', TRUE);
INSERT INTO CD_TBL VALUES ('f292cfc1-e4d1-483f-b67b-b2367bb53451', TRUE);
INSERT INTO CD_TBL VALUES ('0aac5109-30ae-4b49-a780-735cc77218ee', TRUE);
INSERT INTO CD_TBL VALUES ('1969675c-017e-480f-b0a8-33a03d4b4068', TRUE);
INSERT INTO CD_TBL VALUES ('2959b0d3-15a1-4672-9d07-4ece0497bdc5', TRUE);
INSERT INTO CD_TBL VALUES ('5c04ef87-0ca3-4bd9-9b7f-4c2d41101535', TRUE);
INSERT INTO CD_TBL VALUES ('c8d5ab21-0a0a-4e19-9209-d0b23e06c1b1', TRUE);
INSERT INTO CD_TBL VALUES ('4d1f6130-c060-4f8c-8eb3-c1dba2b0db81', TRUE);
INSERT INTO CD_TBL VALUES ('c3000962-275e-4ccc-9bc9-4dd9525bb9c7', TRUE);
INSERT INTO CD_TBL VALUES ('fedc3216-fd31-498f-ae54-d95296a73636', TRUE);
INSERT INTO CD_TBL VALUES ('2e34005b-7176-42be-81e1-67b63f68b4cd', TRUE);
INSERT INTO CD_TBL VALUES ('0ef206eb-189a-4fd8-965c-6044ac8854b8', TRUE);
INSERT INTO CD_TBL VALUES ('ebd2fa4c-a441-4429-aac6-68d46d8c96bf', TRUE);
INSERT INTO CD_TBL VALUES ('612d1915-8faf-475d-a190-6902591eb6dc', TRUE);
INSERT INTO CD_TBL VALUES ('f8e9f0f1-d321-4638-a3a8-043511eaecfc', TRUE);
INSERT INTO CD_TBL VALUES ('cebefd83-e366-4264-ba13-70cfb2b4cdb2', TRUE);
INSERT INTO CD_TBL VALUES ('95d190e8-2282-4ac8-a53a-02b49d9d3a8c', TRUE);
INSERT INTO CD_TBL VALUES ('4ea572f0-c86d-4839-bd45-344285157c92', TRUE);
INSERT INTO CD_TBL VALUES ('86ec6fc5-b952-4e4e-8407-aa3369aa5d51', TRUE);
INSERT INTO CD_TBL VALUES ('415d4872-5cd5-4030-b4b8-677959a2dd1a', TRUE);
INSERT INTO CD_TBL VALUES ('d4c77cd9-eed8-4462-9a44-2ab5af40b711', TRUE);
INSERT INTO CD_TBL VALUES ('3c7d6dbe-3dd0-4dcc-917d-d932375c021e', TRUE);
INSERT INTO CD_TBL VALUES ('65d1d69d-892c-4961-8379-91c5aa70d16e', TRUE);
INSERT INTO CD_TBL VALUES ('ed267443-26fc-4e5f-9647-0c0ab3ad5696', TRUE);
INSERT INTO CD_TBL VALUES ('71f4edb8-ff9f-4136-bb66-efee62ce4a74', TRUE);
INSERT INTO CD_TBL VALUES ('6c7c4cbc-5519-463b-b23d-31dc0238b172', TRUE);
INSERT INTO CD_TBL VALUES ('caf15d91-dcaf-4201-88bb-1f41d116d01c', TRUE);
INSERT INTO CD_TBL VALUES ('d47b92c2-ae09-4d13-bc45-2d545706e731', TRUE);
INSERT INTO CD_TBL VALUES ('928da1ae-db55-450f-8129-73e7d1218653', TRUE);
INSERT INTO CD_TBL VALUES ('ea99e6e9-ba42-4f8f-b0f7-cfb46b5df629', TRUE);
INSERT INTO CD_TBL VALUES ('abb0bfaa-3082-4294-b8f6-5e9ec041b5a0', TRUE);
INSERT INTO CD_TBL VALUES ('0b8f2f1c-190b-4596-8912-88d21d367ee1', TRUE);
INSERT INTO CD_TBL VALUES ('a54a0e82-a7fa-4a9c-b36f-39e976bbe29a', TRUE);
INSERT INTO CD_TBL VALUES ('64813a52-19ec-43e8-aea9-e7527cdea88a', TRUE);
INSERT INTO CD_TBL VALUES ('98023485-f85f-4151-8330-c4adfde0b579', TRUE);
INSERT INTO CD_TBL VALUES ('eec32656-fa6a-40dc-9145-2487f1e561ef', TRUE);
INSERT INTO CD_TBL VALUES ('192eb732-2226-44a8-a802-fe694c581a41', TRUE);
INSERT INTO CD_TBL VALUES ('b8b595a7-9c17-4d12-958a-8b098abdc638', TRUE);
INSERT INTO CD_TBL VALUES ('bee02da3-a599-4d14-9053-38ce443bc2b8', TRUE);
INSERT INTO CD_TBL VALUES ('b6b0854b-948f-47ee-b3c2-688bd722aeac', TRUE);
INSERT INTO CD_TBL VALUES ('318ced77-ccd6-48d0-b16f-6ea4be00a586', TRUE);
INSERT INTO CD_TBL VALUES ('f193cab3-cffa-4671-99af-6be949ba96aa', TRUE);
INSERT INTO CD_TBL VALUES ('2bcbc810-53bc-4337-9c0c-303c52356659', TRUE);
INSERT INTO CD_TBL VALUES ('c8763e54-4ea6-4fd4-ae31-5644ba0cbe0c', TRUE);
INSERT INTO CD_TBL VALUES ('b2180b59-79b2-4cf5-9ea2-fb36d9ad8c03', TRUE);
INSERT INTO CD_TBL VALUES ('ca578e77-bcc2-4305-95d5-ffe559318aea', TRUE);
INSERT INTO CD_TBL VALUES ('7c8e0e91-7849-4d05-a9e9-2663f3c738db', TRUE);
INSERT INTO CD_TBL VALUES ('f73c6dc1-ddf4-4281-a4cf-2dafb8996b19', TRUE);
INSERT INTO CD_TBL VALUES ('439831fb-279b-4c63-a2ca-aa24a95bcecb', TRUE);
INSERT INTO CD_TBL VALUES ('4b0cc35d-e05c-46c4-afd8-2a03ecfe6df1', TRUE);
INSERT INTO CD_TBL VALUES ('a67d6067-3e58-42cd-99d3-b3b25f9c0b1e', TRUE);
INSERT INTO CD_TBL VALUES ('c17d2682-aa2b-421a-a096-f5d634234218', TRUE);
INSERT INTO CD_TBL VALUES ('e0cc9b98-2de1-4ca7-9cc9-15cd488ae7ad', TRUE);
INSERT INTO CD_TBL VALUES ('c70d0aef-fc5f-48b6-a2ab-940667923dd1', TRUE);
INSERT INTO CD_TBL VALUES ('35b73050-b433-4cb4-972a-d8e2cda72c7e', TRUE);
INSERT INTO CD_TBL VALUES ('c8bf65bb-a749-4c2c-a841-2e3b3b4b4ca1', TRUE);
INSERT INTO CD_TBL VALUES ('38dc64a8-3475-40b1-8621-38673dd243d1', TRUE);
INSERT INTO CD_TBL VALUES ('f4723f52-e804-4153-8649-55a8c8cd0263', TRUE);
INSERT INTO CD_TBL VALUES ('f99e2f28-49c8-4328-ad66-ec57950c758e', TRUE);
INSERT INTO CD_TBL VALUES ('d365c5ab-4ad2-40d7-afc2-0cdc734d2b4f', TRUE);
INSERT INTO CD_TBL VALUES ('cd2dd690-9b87-4f5e-a087-7bd0b1cf9248', TRUE);
INSERT INTO CD_TBL VALUES ('9c4b1f37-7428-4f8b-84a7-c08e8ff1fce0', TRUE);
INSERT INTO CD_TBL VALUES ('87b1e344-5a54-46ce-8668-ff4d2363f61b', TRUE);
INSERT INTO CD_TBL VALUES ('0331e13f-f471-4fbd-92dc-66e0a46239d5', TRUE);
INSERT INTO CD_TBL VALUES ('7d84a057-1fcc-4054-a51f-b77d230fc6d1', TRUE);
INSERT INTO CD_TBL VALUES ('6e7a3521-2967-4c0a-80ec-6c5c197b2178', TRUE);
INSERT INTO CD_TBL VALUES ('f3be6b88-bc8f-4263-a779-86f21ea10a47', TRUE);
INSERT INTO CD_TBL VALUES ('094941e9-a3db-48b5-862c-bc289bd7f86c', TRUE);
INSERT INTO CD_TBL VALUES ('f4e3a6bb-612e-46b2-9f77-ff844d971198', TRUE);
INSERT INTO CD_TBL VALUES ('ae94a782-1485-4241-9bca-5b09db2156bf', TRUE);
INSERT INTO CD_TBL VALUES ('0ff2ab03-6e0a-40d1-8947-04c4937b4cc4', TRUE);
INSERT INTO CD_TBL VALUES ('24380d53-ea22-4820-9f06-8671f774f133', TRUE);
INSERT INTO CD_TBL VALUES ('0a4c87e2-16c3-4361-be3c-dd765ee4bc7d', TRUE);
INSERT INTO CD_TBL VALUES ('739457d0-835a-4a9c-811c-42b5e92ed1ca', TRUE);
INSERT INTO CD_TBL VALUES ('8fa25b69-c9c2-4c40-84c1-0ea9641a12ec', TRUE);
INSERT INTO CD_TBL VALUES ('abfe2637-d338-4090-b3a5-3ec19a47be6a', TRUE);
INSERT INTO CD_TBL VALUES ('8bf23192-de75-48eb-abee-81a9a15332f8', TRUE);
INSERT INTO CD_TBL VALUES ('1c0f931c-9c49-4a52-8fbf-5217c52ea778', TRUE);
INSERT INTO CD_TBL VALUES ('6a181a3c-7241-4325-b011-630d3ca6dc4a', TRUE);
INSERT INTO CD_TBL VALUES ('2b4b2ed8-f90c-4193-870a-f48bc39657c1', TRUE);
INSERT INTO CD_TBL VALUES ('8165b43f-8103-4ed3-bac6-4fc0df8c1a84', TRUE);
INSERT INTO CD_TBL VALUES ('e81d6773-97e3-4b2d-b6a3-a4624ba5c6a9', TRUE);
INSERT INTO CD_TBL VALUES ('76fdf0e7-cfe0-47b4-9630-c645f254cdfd', TRUE);
INSERT INTO CD_TBL VALUES ('3db182e2-653b-4bfd-a300-32f23345d1c0', TRUE);
INSERT INTO CD_TBL VALUES ('38d66ec7-0cc8-4609-9675-b6ff91ede605', TRUE);
INSERT INTO CD_TBL VALUES ('40d18ecc-8ff8-4e03-8e58-97a980f04060', TRUE);
INSERT INTO CD_TBL VALUES ('b401dd81-931c-4aad-8fd8-22a6ac2ea3dc', TRUE);
INSERT INTO CD_TBL VALUES ('bfe24b5d-9c32-4df3-ad7b-eaa19e7d4afb', TRUE);
INSERT INTO CD_TBL VALUES ('02fbc345-1a25-4f78-aeea-a12584a1eec3', TRUE);
INSERT INTO CD_TBL VALUES ('528feb11-ae81-426a-be1f-ce74c83009eb', TRUE);
INSERT INTO CD_TBL VALUES ('48c59444-fec0-43b8-aa2c-7aedb70733ad', TRUE);
INSERT INTO CD_TBL VALUES ('b630ba2c-8a00-46d8-bf64-870d381d8917', TRUE);
INSERT INTO CD_TBL VALUES ('c33adda2-a4ed-4092-8d9c-b8e3fbd5d90b', TRUE);
INSERT INTO CD_TBL VALUES ('3cb1993f-3703-453f-87be-21b606db7631', TRUE);
INSERT INTO CD_TBL VALUES ('f7a64463-bc75-44d4-a8ca-c9fbc2c87175', TRUE);
INSERT INTO CD_TBL VALUES ('fa646df9-7d64-4d1f-ae9a-6261fd5fd6ae', TRUE);
INSERT INTO CD_TBL VALUES ('25cae2f2-d1ec-4efe-a92f-d479785f7d8a', TRUE);
INSERT INTO CD_TBL VALUES ('8452ecb9-d762-4c4a-96b2-81d130cb729b', TRUE);
INSERT INTO CD_TBL VALUES ('ce42c680-a783-4cde-bcd1-e261d6fd68a0', TRUE);
INSERT INTO CD_TBL VALUES ('62aca44c-b57c-44fd-9703-fcdff97c04b6', TRUE);
INSERT INTO CD_TBL VALUES ('96ea355d-0c68-481f-8b6f-1b00a101ab8f', TRUE);
INSERT INTO CD_TBL VALUES ('d874cde5-7d76-4f1d-97e6-db7e82bac958', TRUE);
INSERT INTO CD_TBL VALUES ('abe6d0d1-4e37-4b7c-9acc-eedb2c36f9cd', TRUE);
INSERT INTO CD_TBL VALUES ('fe4f72e6-84f8-4276-ae64-2ef1f2ff406f', TRUE);
INSERT INTO CD_TBL VALUES ('59bc87d3-1618-4f14-81d2-71072c1f37e9', TRUE);
INSERT INTO CD_TBL VALUES ('360f6a77-fdb5-4fb6-b223-3cd1047fd08e', TRUE);
INSERT INTO CD_TBL VALUES ('ea13832b-2e38-4bb6-b55d-ae749ccaba95', TRUE);
INSERT INTO CD_TBL VALUES ('66e0dbd1-9065-4af8-808d-89edd302f264', TRUE);
INSERT INTO CD_TBL VALUES ('29ff64e5-b564-411a-92c7-6818c02a9e48', TRUE);
INSERT INTO CD_TBL VALUES ('f941988a-1c55-4408-ab57-e9ed35b2a24d', TRUE);
INSERT INTO CD_TBL VALUES ('4e299c46-f06f-4efc-b3c0-b7b659a120f2', TRUE);
INSERT INTO CD_TBL VALUES ('daf11eb1-fcc2-4521-a1c0-daebaf0a923a', TRUE);
INSERT INTO CD_TBL VALUES ('80097e75-a232-4a9f-878f-7e60ec70f921', TRUE);
INSERT INTO CD_TBL VALUES ('5c5af1d2-0e6d-458f-9574-3ad61c393a90', TRUE);
INSERT INTO CD_TBL VALUES ('233d890b-04ef-4365-99ad-26cb4e1f75f3', TRUE);
INSERT INTO CD_TBL VALUES ('8e88debc-d175-46f3-9b48-106f9c151cd2', TRUE);
INSERT INTO CD_TBL VALUES ('0a50962a-60b4-44d8-a7f6-1eb2aa5967cc', TRUE);
INSERT INTO CD_TBL VALUES ('a907e4d8-d823-478f-9c5a-6facae6b4b5b', TRUE);
INSERT INTO CD_TBL VALUES ('059d689a-2392-4ffb-b6ae-682c9ded8da2', TRUE);
INSERT INTO CD_TBL VALUES ('e6851b39-a771-4a5e-8aa8-9ba140b3dca3', TRUE);
INSERT INTO CD_TBL VALUES ('0b89fb65-ca8e-4a4d-9d25-0bae3f4d7a59', TRUE);
INSERT INTO CD_TBL VALUES ('8ea21d7d-6ee9-449b-a1dc-c4aa0ff7f5b9', TRUE);
INSERT INTO CD_TBL VALUES ('6a1e9e8b-d0c3-44f0-9906-a6458685e269', TRUE);
INSERT INTO CD_TBL VALUES ('60affe56-126d-43ee-9fde-5f117e41c7a8', TRUE);
INSERT INTO CD_TBL VALUES ('0aeec758-c20f-43e4-9789-8c44629f5941', TRUE);
INSERT INTO CD_TBL VALUES ('0fcba203-1238-4001-beb7-19a667506ade', TRUE);
INSERT INTO CD_TBL VALUES ('08a98950-3391-4a66-a1c8-421c6fd82911', TRUE);
INSERT INTO CD_TBL VALUES ('2fd5c939-c508-4250-8efb-13b772e56b7f', TRUE);
INSERT INTO CD_TBL VALUES ('bfdb07db-9721-4ec3-94e1-4bd9f0d6985c', TRUE);
INSERT INTO CD_TBL VALUES ('a3d362a4-4931-4bef-af18-ac59dd092981', TRUE);
INSERT INTO CD_TBL VALUES ('bfcbb345-86db-43ba-b47e-e7411276ac7c', TRUE);
INSERT INTO CD_TBL VALUES ('5e2b0afe-724e-41cd-9be2-9030646f2529', TRUE);
INSERT INTO CD_TBL VALUES ('853c85de-4817-4328-a121-6a3bdafbf82e', TRUE);
INSERT INTO CD_TBL VALUES ('bbfac1ed-5464-4100-93c3-8685b052a2cf', TRUE);
INSERT INTO CD_TBL VALUES ('685eb506-6b97-41c1-b201-b6b932a3f3aa', TRUE);
INSERT INTO CD_TBL VALUES ('fd892cf8-db4f-4e4e-a13b-4eb3bdde5be5', TRUE);
INSERT INTO CD_TBL VALUES ('2eab5298-bc83-492c-9004-ed3499246afe', TRUE);
INSERT INTO CD_TBL VALUES ('cd1e8904-31dc-4374-902d-c91f1de23c46', TRUE);
INSERT INTO CD_TBL VALUES ('dcae9718-ab81-4737-b071-36cf1175804d', TRUE);
INSERT INTO CD_TBL VALUES ('9f17d4cf-a67f-4ac6-8c50-718af6e264ee', TRUE);
INSERT INTO CD_TBL VALUES ('ce50ba92-cd21-43c4-8582-34e7fbb3170f', TRUE);
INSERT INTO CD_TBL VALUES ('f115c204-8485-4cf3-8815-3c6738465e30', TRUE);
INSERT INTO CD_TBL VALUES ('decd6250-7e8b-4b77-895d-31953cf1387a', TRUE);
INSERT INTO CD_TBL VALUES ('34f7bc11-2288-471a-af38-553ae6b8410c', TRUE);
INSERT INTO CD_TBL VALUES ('89bdc57b-d85c-4e85-94e8-c17049540a0d', TRUE);
INSERT INTO CD_TBL VALUES ('5951097b-1a13-4bce-bbf2-9abf52f98dc8', TRUE);
INSERT INTO CD_TBL VALUES ('4cdef917-4fb0-4cdf-b44d-b73486c41845', TRUE);
INSERT INTO CD_TBL VALUES ('f71e193a-0562-46e9-99dd-437d23663ec3', TRUE);
INSERT INTO CD_TBL VALUES ('bb437e4d-7472-48c1-a6e7-576545a782fa', TRUE);
INSERT INTO CD_TBL VALUES ('5a0539cc-093b-448e-aec6-0d529ed0087f', TRUE);
INSERT INTO CD_TBL VALUES ('f172eee7-7f4b-4022-81d0-76393a1200ae', TRUE);
INSERT INTO CD_TBL VALUES ('7e6bc25d-5dea-4645-af3d-aa854b7b6f2f', TRUE);
INSERT INTO CD_TBL VALUES ('cb73d085-026c-4bc7-a1de-356bfd636246', TRUE);
INSERT INTO CD_TBL VALUES ('cfa978f4-140c-430d-82f8-1e6f2d74f48d', TRUE);
INSERT INTO CD_TBL VALUES ('cdd99260-107c-4a4e-acaf-d7c9c7e90fdd', TRUE);
INSERT INTO CD_TBL VALUES ('a3ff423e-81d5-4571-8edf-03c295189a23', TRUE);
INSERT INTO CD_TBL VALUES ('7ee5c1d2-1a21-41b1-8459-cb160fa36c60', TRUE);
INSERT INTO CD_TBL VALUES ('71112058-63f9-4b38-97d9-4ccf58574e51', TRUE);
INSERT INTO CD_TBL VALUES ('12df3395-b43b-421e-b505-049515c228b1', TRUE);
INSERT INTO CD_TBL VALUES ('8b071aec-9063-4398-b242-e561915abb51', TRUE);
INSERT INTO CD_TBL VALUES ('04321b6c-5b19-44a2-be7a-4a53a221a456', TRUE);
INSERT INTO CD_TBL VALUES ('b32962c3-eafa-4146-bbcd-0e33789de32c', TRUE);
INSERT INTO CD_TBL VALUES ('93c93d62-048d-4e64-a0ce-7f2f62a8ec6e', TRUE);
INSERT INTO CD_TBL VALUES ('573a7fb8-fead-4bed-b325-c0fe68ce96ce', TRUE);
INSERT INTO CD_TBL VALUES ('dc5e8411-cb3f-4b7f-8e0e-fc1d1ff3b084', TRUE);
INSERT INTO CD_TBL VALUES ('1071d24e-6fe9-480f-8a20-b1825ae4d707', TRUE);
INSERT INTO CD_TBL VALUES ('8cc5ef0d-3911-4d99-937f-6cfdc2a27d55', TRUE);
INSERT INTO CD_TBL VALUES ('e658ca72-3b6a-4099-ab6e-7cf6861a5b61', TRUE);
INSERT INTO CD_TBL VALUES ('b389dedf-be61-456b-aa70-786e1a5a69e0', TRUE);

-- CONTAINER CAP CODES
INSERT INTO CD_TBL VALUES ('5A209555-FB3A-437D-B043-0190685A4284', TRUE);
INSERT INTO CD_TBL VALUES ('1E630924-CE10-4A8A-A91D-E319F517A6EC', TRUE);
INSERT INTO CD_TBL VALUES ('266A20FE-DFFB-4C8D-9EAD-FDC7CD86C552', TRUE);
INSERT INTO CD_TBL VALUES ('EE2B76DB-85E9-412F-90BB-47A94F8E4C30', TRUE);
INSERT INTO CD_TBL VALUES ('6470A9BE-FCB4-463D-BB0C-894D0CDDD4C2', TRUE);
INSERT INTO CD_TBL VALUES ('47C40DF6-3F69-47CC-A84C-33037E4BFFD9', TRUE);
INSERT INTO CD_TBL VALUES ('05695B7C-6BF7-4AF7-A0C9-A5C8B2E63E05', TRUE);

-- CONTAINER SEPARATOR CODES
INSERT INTO CD_TBL VALUES ('EE450FF6-9BED-4C47-90D2-671AB3041756', TRUE);
INSERT INTO CD_TBL VALUES ('472524EB-C8D4-49F8-862A-EF4BD7CA0395', TRUE);

-- Concept Classes
INSERT INTO CD_CLS_TBL (CLS_ID, CLS_NAME, MNEMONIC, CRT_USR_ID)  VALUES ('17EE5254-8C25-4ABB-B246-083FBE9AFA15','Form Concept', 'Form', 'fadca076-3690-4a6e-af9e-f1cd68e8c7e8');
INSERT INTO CD_CLS_TBL (CLS_ID, CLS_NAME, MNEMONIC, CRT_USR_ID)  VALUES ('17FD5254-8C25-4ABB-B246-083FBE9AFA15','Classification Concept', 'ClassCode', 'fadca076-3690-4a6e-af9e-f1cd68e8c7e8');
INSERT INTO CD_CLS_TBL (CLS_ID, CLS_NAME, MNEMONIC, CRT_USR_ID)  VALUES ('54B93182-FC19-47A2-82C6-089FD70A4F45', 'Status', 'Status', 'fadca076-3690-4a6e-af9e-f1cd68e8c7e8');
INSERT INTO CD_CLS_TBL (CLS_ID, CLS_NAME, MNEMONIC, CRT_USR_ID)  VALUES ('BBA99722-23CE-469A-8FA5-10DEBA853D35', 'Mood', 'Mood', 'fadca076-3690-4a6e-af9e-f1cd68e8c7e8');
INSERT INTO CD_CLS_TBL (CLS_ID, CLS_NAME, MNEMONIC, CRT_USR_ID)  VALUES ('F51DFDCD-039B-4E1F-90BE-3CF56AEF8DA4', 'Relationship Type', 'Relationship', 'fadca076-3690-4a6e-af9e-f1cd68e8c7e8');
INSERT INTO CD_CLS_TBL (CLS_ID, CLS_NAME, MNEMONIC, CRT_USR_ID)  VALUES ('A8A900D3-A07E-4E02-B45F-580D09BAF047', 'Route', 'Route', 'fadca076-3690-4a6e-af9e-f1cd68e8c7e8');
INSERT INTO CD_CLS_TBL (CLS_ID, CLS_NAME, MNEMONIC, CRT_USR_ID)  VALUES ('1EF69347-EF03-4FF7-B3C5-6334448845E6', 'Unit of Measure', 'UnitOfMeasure', 'fadca076-3690-4a6e-af9e-f1cd68e8c7e8');
INSERT INTO CD_CLS_TBL (CLS_ID, CLS_NAME, MNEMONIC, CRT_USR_ID)  VALUES ('92CDEA39-B9A3-4A5B-BC88-A6646C74240D', 'Diagnosis', 'Diagnosis', 'fadca076-3690-4a6e-af9e-f1cd68e8c7e8');
INSERT INTO CD_CLS_TBL (CLS_ID, CLS_NAME, MNEMONIC, CRT_USR_ID)  VALUES ('E445E207-60A3-401A-9B81-A8AC2479F4A6', 'Findings', 'Finding', 'fadca076-3690-4a6e-af9e-f1cd68e8c7e8');
INSERT INTO CD_CLS_TBL (CLS_ID, CLS_NAME, MNEMONIC, CRT_USR_ID)  VALUES ('4BD7F8E6-E4B8-4DBC-93A7-CF14FBAF9700', 'Problem', 'Problem', 'fadca076-3690-4a6e-af9e-f1cd68e8c7e8');
INSERT INTO CD_CLS_TBL (CLS_ID, CLS_NAME, MNEMONIC, CRT_USR_ID)  VALUES ('DC9CBC32-B8EA-4144-BEF1-DC618E28F4D7', 'Drug or other Material', 'Material', 'fadca076-3690-4a6e-af9e-f1cd68e8c7e8');
INSERT INTO CD_CLS_TBL (CLS_ID, CLS_NAME, MNEMONIC, CRT_USR_ID)  VALUES ('0D6B3439-C9BE-4480-AF39-EEB457C052D0', 'Other Classification', 'Other', 'fadca076-3690-4a6e-af9e-f1cd68e8c7e8');
INSERT INTO CD_CLS_TBL (CLS_ID, CLS_NAME, MNEMONIC, CRT_USR_ID)  VALUES ('FFD8304A-43EC-4EBC-95FC-FB4A4F2338F0', 'Stock control codes', 'Stock', 'fadca076-3690-4a6e-af9e-f1cd68e8c7e8');
INSERT INTO CD_CLS_TBL (CLS_ID, CLS_NAME, MNEMONIC, CRT_USR_ID)  VALUES ('05AC7B93-1B1E-47DD-87DD-E56E353ECB94', 'Null Reason', 'NullReason', 'fadca076-3690-4a6e-af9e-f1cd68e8c7e8');

-- Concept Sets
INSERT INTO CD_SET_TBL (SET_ID, SET_NAME, MNEMONIC, OID, URL, CRT_USR_ID) VALUES ('aae906aa-27b3-4cdb-aff1-f08b0fd31e59', 'Concept Status', 'ConceptStatus', '1.3.6.1.4.1.33349.3.1.5.9.3.0', 'http://openiz.org/conceptset/concept-status', 'fadca076-3690-4a6e-af9e-f1cd68e8c7e8');
INSERT INTO CD_SET_TBL (SET_ID, SET_NAME, MNEMONIC, OID, URL, CRT_USR_ID) VALUES ('62c5fde0-a3aa-45df-94e9-242f4451644a', 'Act Class', 'ActClass', '1.3.6.1.4.1.33349.3.1.5.9.3.1', 'http://openiz.org/conceptset/act-class', 'fadca076-3690-4a6e-af9e-f1cd68e8c7e8');
INSERT INTO CD_SET_TBL (SET_ID, SET_NAME, MNEMONIC, OID, URL, CRT_USR_ID) VALUES ('e6a8e44f-0a57-4ebd-80a9-5c53b7a03d76', 'Act Mood', 'ActMood', '1.3.6.1.4.1.33349.3.1.5.9.3.2', 'http://openiz.org/conceptset/act-mood', 'fadca076-3690-4a6e-af9e-f1cd68e8c7e8');
INSERT INTO CD_SET_TBL (SET_ID, SET_NAME, MNEMONIC, OID, URL, CRT_USR_ID) VALUES ('93a48f6a-6808-4c70-83a2-d02178c2a883', 'Act Status', 'ActStatus', '1.3.6.1.4.1.33349.3.1.5.9.3.3', 'http://openiz.org/conceptset/act-status', 'fadca076-3690-4a6e-af9e-f1cd68e8c7e8');
INSERT INTO CD_SET_TBL (SET_ID, SET_NAME, MNEMONIC, OID, URL, CRT_USR_ID) VALUES ('cf686a21-86e5-41e7-af07-0016a054227a', 'Act Relationship Type', 'ActRelationshipType', '1.3.6.1.4.1.33349.3.1.5.9.3.4', 'http://openiz.org/conceptset/act-relationship-type', 'fadca076-3690-4a6e-af9e-f1cd68e8c7e8');
INSERT INTO CD_SET_TBL (SET_ID, SET_NAME, MNEMONIC, OID, URL, CRT_USR_ID) VALUES ('404bf87c-e7a6-4a5a-89cf-02e6804555a0', 'Act Interpretation', 'ActInterpretation', '1.3.6.1.4.1.33349.3.1.5.3.5', 'http://openiz.org/conceptset/act-interpretation', 'fadca076-3690-4a6e-af9e-f1cd68e8c7e8');
INSERT INTO CD_SET_TBL (SET_ID, SET_NAME, MNEMONIC, OID, URL, CRT_USR_ID) VALUES ('4e6da567-0094-4f23-8555-11da499593af', 'Entity Class', 'EntityClass', '1.3.6.1.4.1.33349.3.1.5.9.3.6', 'http://openiz.org/conceptset/entity-class', 'fadca076-3690-4a6e-af9e-f1cd68e8c7e8');
INSERT INTO CD_SET_TBL (SET_ID, SET_NAME, MNEMONIC, OID, URL, CRT_USR_ID) VALUES ('c7578340-a8ff-4d7d-8105-581016324e68', 'Entity Status', 'EntityStatus', '1.3.6.1.4.1.33349.3.1.5.9.3.7', 'http://openiz.org/conceptset/entity-status', 'fadca076-3690-4a6e-af9e-f1cd68e8c7e8');
INSERT INTO CD_SET_TBL (SET_ID, SET_NAME, MNEMONIC, OID, URL, CRT_USR_ID) VALUES ('ee16a667-2085-440a-b1e7-4032d10b9f40', 'Entity Relationship Type', 'EntityRelationshipType', '1.3.6.1.4.1.33349.3.1.5.9.3.8', 'http://openiz.org/conceptset/entity-relationship-type', 'fadca076-3690-4a6e-af9e-f1cd68e8c7e8');
INSERT INTO CD_SET_TBL (SET_ID, SET_NAME, MNEMONIC, OID, URL, CRT_USR_ID) VALUES ('c68a7690-d78d-4afc-8a36-1ebdfb86f15f', 'Address Use', 'AddressUse', '1.3.6.1.4.1.33349.3.1.5.9.3.9', 'http://openiz.org/conceptset/address-use', 'fadca076-3690-4a6e-af9e-f1cd68e8c7e8');
INSERT INTO CD_SET_TBL (SET_ID, SET_NAME, MNEMONIC, OID, URL, CRT_USR_ID) VALUES ('5cca5869-8a7b-47a3-83db-041d5af5c9da', 'Address Component Type', 'AddressComponentType', '1.3.6.1.4.1.33349.3.1.5.9.3.10', 'http://openiz.org/conceptset/address-component-type', 'fadca076-3690-4a6e-af9e-f1cd68e8c7e8');
INSERT INTO CD_SET_TBL (SET_ID, SET_NAME, MNEMONIC, OID, URL, CRT_USR_ID) VALUES ('8df14280-3d05-45a6-bfae-15b63dfc379f', 'Name Use', 'NameUse', '1.3.6.1.4.1.33349.3.1.5.9.3.11', 'http://openiz.org/conceptset/name-use', 'fadca076-3690-4a6e-af9e-f1cd68e8c7e8');
INSERT INTO CD_SET_TBL (SET_ID, SET_NAME, MNEMONIC, OID, URL, CRT_USR_ID) VALUES ('8df14280-3d05-45a6-bfae-15b63dfc3791', 'Name Component Type', 'NameComponentType', '1.3.6.1.4.1.33349.3.1.5.9.3.18', 'http://openiz.org/conceptset/name-component-type', 'fadca076-3690-4a6e-af9e-f1cd68e8c7e8');
INSERT INTO CD_SET_TBL (SET_ID, SET_NAME, MNEMONIC, OID, URL, CRT_USR_ID) VALUES ('1dabe3e2-44b8-4c45-9102-25ea147e5710', 'Telecom Address Use', 'TelecomAddressUse', '1.3.6.1.4.1.33349.3.1.5.9.3.12', 'http://openiz.org/conceptset/telecom-use', 'fadca076-3690-4a6e-af9e-f1cd68e8c7e8');
INSERT INTO CD_SET_TBL (SET_ID, SET_NAME, MNEMONIC, OID, URL, CRT_USR_ID) VALUES ('0d79b02c-6444-40b5-aca4-4009fb03ad54', 'Telecom Address Type', 'TelecomAddressType', '1.3.6.1.4.1.33349.3.1.5.9.3.13', 'http://openiz.org/conceptset/telecom-type', 'fadca076-3690-4a6e-af9e-f1cd68e8c7e8');
INSERT INTO CD_SET_TBL (SET_ID, SET_NAME, MNEMONIC, OID, URL, CRT_USR_ID) VALUES ('95f9a19a-fa85-4af7-9342-4ba3af0de72a', 'Service Code', 'ServiceCode', '1.3.6.1.4.1.33349.3.1.5.9.3.14', 'http://openiz.org/conceptset/service-code', 'fadca076-3690-4a6e-af9e-f1cd68e8c7e8');
INSERT INTO CD_SET_TBL (SET_ID, SET_NAME, MNEMONIC, OID, URL, CRT_USR_ID) VALUES ('d1597e50-845a-46e1-b9ae-6f99ff93d9db', 'Industry Code', 'IndustryCode', '1.3.6.1.4.1.33349.3.1.5.9.3.15', 'http://openiz.org/conceptset/industry-type', 'fadca076-3690-4a6e-af9e-f1cd68e8c7e8');
INSERT INTO CD_SET_TBL (SET_ID, SET_NAME, MNEMONIC, OID, URL, CRT_USR_ID) VALUES ('e9eecd3c-7b80-47f9-9cb6-55c8d3110fb0', 'Administrative Genders', 'AdministrativeGenderCode', '1.3.6.1.4.1.33349.3.1.5.9.3.16', 'http://openiz.org/conceptset/administrative-gender', 'fadca076-3690-4a6e-af9e-f1cd68e8c7e8');
INSERT INTO CD_SET_TBL (SET_ID, SET_NAME, MNEMONIC, OID, URL, CRT_USR_ID) VALUES ('DE358951-24DC-48DC-8185-F10B7EA4DCD1', 'Role Status', 'RoleStatus', '1.3.6.1.4.1.33349.3.1.5.9.3.17', 'http://openiz.org/conceptset/role-status', 'fadca076-3690-4a6e-af9e-f1cd68e8c7e8');
INSERT INTO CD_SET_TBL (SET_ID, SET_NAME, MNEMONIC, OID, URL, CRT_USR_ID) VALUES ('3ec943d0-10be-415b-bc3a-dfa459738707','ActEncounterCode','ActEncounterCode','2.16.840.1.113883.5.4','http://openiz.org/conceptset/v3-ActEncounterCode', 'fadca076-3690-4a6e-af9e-f1cd68e8c7e8');
INSERT INTO CD_SET_TBL (SET_ID, SET_NAME, MNEMONIC, OID, URL, CRT_USR_ID) VALUES ('b6bc75ad-adf4-4101-b4a1-e9aea74ab257','Currency','Currency','2.16.840.1.113883.5.1058','http://openiz.org/conceptset/v3-Currency', 'fadca076-3690-4a6e-af9e-f1cd68e8c7e8');
INSERT INTO CD_SET_TBL (SET_ID, SET_NAME, MNEMONIC, OID, URL, CRT_USR_ID) VALUES ('effc9f86-56e2-4920-a75a-fec310aa1430','EntityDeterminer','EntityDeterminer','2.16.840.1.113883.5.30','http://openiz.org/conceptset/v3-EntityDeterminer', 'fadca076-3690-4a6e-af9e-f1cd68e8c7e8');
INSERT INTO CD_SET_TBL (SET_ID, SET_NAME, MNEMONIC, OID, URL, CRT_USR_ID) VALUES ('592431f5-bbbd-44d6-9c63-5a80a410c738','ActParticipationType','ActParticipationType','2.16.840.1.113883.5.90','http://openiz.org/conceptset/v3-ActParticipationType', 'fadca076-3690-4a6e-af9e-f1cd68e8c7e8');
INSERT INTO CD_SET_TBL (SET_ID, SET_NAME, MNEMONIC, OID, URL, CRT_USR_ID) VALUES ('5285af4b-e060-41b7-99d9-fd8237e5aecf','RoleClass','RoleClass','2.16.840.1.113883.5.110','http://openiz.org/conceptset/v3-RoleClass', 'fadca076-3690-4a6e-af9e-f1cd68e8c7e8');
INSERT INTO CD_SET_TBL (SET_ID, SET_NAME, MNEMONIC, OID, URL, CRT_USR_ID) VALUES ('bc774faf-3893-44e9-b68d-5029077d5120','x_DocumentEncounterMood','x_DocumentEncounterMood','2.16.840.1.113883.5.1001','http://openiz.org/conceptset/v3-x_DocumentEncounterMood', 'fadca076-3690-4a6e-af9e-f1cd68e8c7e8');
INSERT INTO CD_SET_TBL (SET_ID, SET_NAME, MNEMONIC, OID, URL, CRT_USR_ID) VALUES ('d3692f40-1033-48ea-94cb-31fc0f352a4e','FamilyMember','FamilyMember','2.16.840.1.113883.5.111','http://openiz.org/conceptset/v3-FamilyMember', 'fadca076-3690-4a6e-af9e-f1cd68e8c7e8');
INSERT INTO CD_SET_TBL (SET_ID, SET_NAME, MNEMONIC, OID, URL, CRT_USR_ID) VALUES ('1285EC57-5969-46C7-897D-37C169D34029','Family members of children','ChildFamilyMember','1.3.6.1.4.1.33349.3.1.5.9.3.23','http://openiz.org/conceptset/ChildFamilyMember', 'fadca076-3690-4a6e-af9e-f1cd68e8c7e8');
INSERT INTO CD_SET_TBL (SET_ID, SET_NAME, MNEMONIC, OID, URL, CRT_USR_ID) VALUES ('BDFA274A-4192-4612-B6B5-0C67DCF75855','Spousal Family Members','SpousalFamilyMember','1.3.6.1.4.1.33349.3.1.5.9.3.24','http://openiz.org/conceptset/SpousalFamilyMember', 'fadca076-3690-4a6e-af9e-f1cd68e8c7e8');
INSERT INTO CD_SET_TBL (SET_ID, SET_NAME, MNEMONIC, OID, URL, CRT_USR_ID) VALUES ('5737CA40-57DC-4590-AB3B-54C9AFCCD55A', 'Container Cap', 'ContainerCap', '2.16.840.1.113883.5.26', 'http://openiz.org/conceptset/v3-ContainerCap','fadca076-3690-4a6e-af9e-f1cd68e8c7e8');
INSERT INTO CD_SET_TBL (SET_ID, SET_NAME, MNEMONIC, OID, URL, CRT_USR_ID) VALUES ('B9AC7826-5D19-421E-A848-61C3C8F563A2', 'Container Separator', 'ContainerSeparator', '2.16.840.1.113883.5.27', 'http://openiz.org/conceptset/v3-ContainerSeparator','fadca076-3690-4a6e-af9e-f1cd68e8c7e8');

-- Concept Set Members
INSERT INTO CD_SET_MEM_ASSOC_TBL (CD_ID, SET_ID) VALUES ('0FF2AB03-6E0A-40D1-8947-04C4937B4CC4','1285EC57-5969-46C7-897D-37C169D34029');
INSERT INTO CD_SET_MEM_ASSOC_TBL (CD_ID, SET_ID) VALUES ('1C0F931C-9C49-4A52-8FBF-5217C52EA778','1285EC57-5969-46C7-897D-37C169D34029');
INSERT INTO CD_SET_MEM_ASSOC_TBL (CD_ID, SET_ID) VALUES ('FA646DF9-7D64-4D1F-AE9A-6261FD5FD6AE','1285EC57-5969-46C7-897D-37C169D34029');
INSERT INTO CD_SET_MEM_ASSOC_TBL (CD_ID, SET_ID) VALUES ('29FF64E5-B564-411A-92C7-6818C02A9E48','1285EC57-5969-46C7-897D-37C169D34029');
INSERT INTO CD_SET_MEM_ASSOC_TBL (CD_ID, SET_ID) VALUES ('F172EEE7-7F4B-4022-81D0-76393A1200AE','1285EC57-5969-46C7-897D-37C169D34029');
INSERT INTO CD_SET_MEM_ASSOC_TBL (CD_ID, SET_ID) VALUES ('48C59444-FEC0-43B8-AA2C-7AEDB70733AD','1285EC57-5969-46C7-897D-37C169D34029');
INSERT INTO CD_SET_MEM_ASSOC_TBL (CD_ID, SET_ID) VALUES ('24380D53-EA22-4820-9F06-8671F774F133','1285EC57-5969-46C7-897D-37C169D34029');
INSERT INTO CD_SET_MEM_ASSOC_TBL (CD_ID, SET_ID) VALUES ('B630BA2C-8A00-46D8-BF64-870D381D8917','1285EC57-5969-46C7-897D-37C169D34029');
INSERT INTO CD_SET_MEM_ASSOC_TBL (CD_ID, SET_ID) VALUES ('40D18ECC-8FF8-4E03-8E58-97A980F04060','1285EC57-5969-46C7-897D-37C169D34029');
INSERT INTO CD_SET_MEM_ASSOC_TBL (CD_ID, SET_ID) VALUES ('38D66EC7-0CC8-4609-9675-B6FF91EDE605','1285EC57-5969-46C7-897D-37C169D34029');
INSERT INTO CD_SET_MEM_ASSOC_TBL (CD_ID, SET_ID) VALUES ('CD1E8904-31DC-4374-902D-C91F1DE23C46','1285EC57-5969-46C7-897D-37C169D34029');
INSERT INTO CD_SET_MEM_ASSOC_TBL (CD_ID, SET_ID) VALUES ('CDD99260-107C-4A4E-ACAF-D7C9C7E90FDD','1285EC57-5969-46C7-897D-37C169D34029');
INSERT INTO CD_SET_MEM_ASSOC_TBL (CD_ID, SET_ID) VALUES ('BFCBB345-86DB-43BA-B47E-E7411276AC7C','1285EC57-5969-46C7-897D-37C169D34029');
INSERT INTO CD_SET_MEM_ASSOC_TBL (CD_ID, SET_ID) VALUES ('A3FF423E-81D5-4571-8EDF-03C295189A23','D3692F40-1033-48EA-94CB-31FC0F352A4E');
INSERT INTO CD_SET_MEM_ASSOC_TBL (CD_ID, SET_ID) VALUES ('A3FF423E-81D5-4571-8EDF-03C295189A23','BDFA274A-4192-4612-B6B5-0C67DCF75855');
INSERT INTO CD_SET_MEM_ASSOC_TBL (CD_ID, SET_ID) VALUES ('89BDC57B-D85C-4E85-94E8-C17049540A0D','BDFA274A-4192-4612-B6B5-0C67DCF75855');
INSERT INTO CD_SET_MEM_ASSOC_TBL (CD_ID, SET_ID) VALUES ('2EAB5298-BC83-492C-9004-ED3499246AFE','BDFA274A-4192-4612-B6B5-0C67DCF75855');
INSERT INTO CD_SET_MEM_ASSOC_TBL (CD_ID, SET_ID) VALUES ('62ACA44C-B57C-44FD-9703-FCDFF97C04B6','BDFA274A-4192-4612-B6B5-0C67DCF75855');

INSERT INTO CD_SET_MEM_ASSOC_TBL (CD_ID, SET_ID) VALUES ('c8064cbd-fa06-4530-b430-1a52f1530c27', 'aae906aa-27b3-4cdb-aff1-f08b0fd31e59');
INSERT INTO CD_SET_MEM_ASSOC_TBL (CD_ID, SET_ID) VALUES ('bdef5f90-5497-4f26-956c-8f818cce2bd2', 'aae906aa-27b3-4cdb-aff1-f08b0fd31e59');
INSERT INTO CD_SET_MEM_ASSOC_TBL (CD_ID, SET_ID) VALUES ('c34fcbf1-e0fe-4989-90fd-0dc49e1b9685', 'aae906aa-27b3-4cdb-aff1-f08b0fd31e59');
INSERT INTO CD_SET_MEM_ASSOC_TBL (CD_ID, SET_ID) VALUES ('cd4aa3c4-02d5-4cc9-9088-ef8f31e321c5', 'aae906aa-27b3-4cdb-aff1-f08b0fd31e59');
INSERT INTO CD_SET_MEM_ASSOC_TBL (CD_ID, SET_ID) VALUES ('c8064cbd-fa06-4530-b430-1a52f1530c27', 'c7578340-a8ff-4d7d-8105-581016324e68');
INSERT INTO CD_SET_MEM_ASSOC_TBL (CD_ID, SET_ID) VALUES ('bdef5f90-5497-4f26-956c-8f818cce2bd2', 'c7578340-a8ff-4d7d-8105-581016324e68');
INSERT INTO CD_SET_MEM_ASSOC_TBL (CD_ID, SET_ID) VALUES ('c34fcbf1-e0fe-4989-90fd-0dc49e1b9685', 'c7578340-a8ff-4d7d-8105-581016324e68');
INSERT INTO CD_SET_MEM_ASSOC_TBL (CD_ID, SET_ID) VALUES ('cd4aa3c4-02d5-4cc9-9088-ef8f31e321c5', 'c7578340-a8ff-4d7d-8105-581016324e68');
INSERT INTO CD_SET_MEM_ASSOC_TBL (CD_ID, SET_ID) VALUES ('c8064cbd-fa06-4530-b430-1a52f1530c27', '93a48f6a-6808-4c70-83a2-d02178c2a883');
INSERT INTO CD_SET_MEM_ASSOC_TBL (CD_ID, SET_ID) VALUES ('bdef5f90-5497-4f26-956c-8f818cce2bd2', '93a48f6a-6808-4c70-83a2-d02178c2a883');
INSERT INTO CD_SET_MEM_ASSOC_TBL (CD_ID, SET_ID) VALUES ('c34fcbf1-e0fe-4989-90fd-0dc49e1b9685', '93a48f6a-6808-4c70-83a2-d02178c2a883');
INSERT INTO CD_SET_MEM_ASSOC_TBL (CD_ID, SET_ID) VALUES ('cd4aa3c4-02d5-4cc9-9088-ef8f31e321c5', '93a48f6a-6808-4c70-83a2-d02178c2a883');

INSERT INTO CD_SET_MEM_ASSOC_TBL (CD_ID, SET_ID) VALUES ('c8064cbd-fa06-4530-b430-1a52f1530c27', 'DE358951-24DC-48DC-8185-F10B7EA4DCD1');
INSERT INTO CD_SET_MEM_ASSOC_TBL (CD_ID, SET_ID) VALUES ('bdef5f90-5497-4f26-956c-8f818cce2bd2', 'DE358951-24DC-48DC-8185-F10B7EA4DCD1');
INSERT INTO CD_SET_MEM_ASSOC_TBL (CD_ID, SET_ID) VALUES ('c34fcbf1-e0fe-4989-90fd-0dc49e1b9685', 'DE358951-24DC-48DC-8185-F10B7EA4DCD1');
INSERT INTO CD_SET_MEM_ASSOC_TBL (CD_ID, SET_ID) VALUES ('cd4aa3c4-02d5-4cc9-9088-ef8f31e321c5', 'DE358951-24DC-48DC-8185-F10B7EA4DCD1');
INSERT INTO CD_SET_MEM_ASSOC_TBL (CD_ID, SET_ID) VALUES ('bbd960a1-3853-4b13-b62a-d768f93a08c5', '62c5fde0-a3aa-45df-94e9-242f4451644a');
INSERT INTO CD_SET_MEM_ASSOC_TBL (CD_ID, SET_ID) VALUES ('846c2ccf-5b02-4b3f-beb4-3d69ce7830dd', '62c5fde0-a3aa-45df-94e9-242f4451644a');
INSERT INTO CD_SET_MEM_ASSOC_TBL (CD_ID, SET_ID) VALUES ('0f4ba634-5107-4eab-9658-25be293cd831', '62c5fde0-a3aa-45df-94e9-242f4451644a');
INSERT INTO CD_SET_MEM_ASSOC_TBL (CD_ID, SET_ID) VALUES ('2557f7b4-e465-4965-b016-766f192131ab', '62c5fde0-a3aa-45df-94e9-242f4451644a');
INSERT INTO CD_SET_MEM_ASSOC_TBL (CD_ID, SET_ID) VALUES ('4b98c47f-eaa5-472c-a2c6-97dddc0cb68c', '62c5fde0-a3aa-45df-94e9-242f4451644a');
INSERT INTO CD_SET_MEM_ASSOC_TBL (CD_ID, SET_ID) VALUES ('54b52119-1709-4098-8911-5df6d6c84140', '62c5fde0-a3aa-45df-94e9-242f4451644a');
INSERT INTO CD_SET_MEM_ASSOC_TBL (CD_ID, SET_ID) VALUES ('be84b6d3-446d-4e7e-b35d-2925f9f93434', '62c5fde0-a3aa-45df-94e9-242f4451644a');
INSERT INTO CD_SET_MEM_ASSOC_TBL (CD_ID, SET_ID) VALUES ('1987c53c-7ab8-4461-9ebc-0d428744a8c0', '62c5fde0-a3aa-45df-94e9-242f4451644a');
INSERT INTO CD_SET_MEM_ASSOC_TBL (CD_ID, SET_ID) VALUES ('43a9642c-a054-45df-9bee-99274b4635cd', '62c5fde0-a3aa-45df-94e9-242f4451644a');
INSERT INTO CD_SET_MEM_ASSOC_TBL (CD_ID, SET_ID) VALUES ('57619b4a-2c8a-4674-a7fc-8e4f9aeb4903', '62c5fde0-a3aa-45df-94e9-242f4451644a');
INSERT INTO CD_SET_MEM_ASSOC_TBL (CD_ID, SET_ID) VALUES ('28d022c6-8a8b-47c4-9e6a-2bc67308739e', '62c5fde0-a3aa-45df-94e9-242f4451644a');
INSERT INTO CD_SET_MEM_ASSOC_TBL (CD_ID, SET_ID) VALUES ('118e2293-0f46-4b78-8252-ab078afb32d3', '62c5fde0-a3aa-45df-94e9-242f4451644a');
INSERT INTO CD_SET_MEM_ASSOC_TBL (CD_ID, SET_ID) VALUES ('40829e76-33ec-420c-ae79-c9b9dc5a3481', '62c5fde0-a3aa-45df-94e9-242f4451644a');
INSERT INTO CD_SET_MEM_ASSOC_TBL (CD_ID, SET_ID) VALUES ('0804e3a1-abe6-4bfb-9ad3-5484f170d181', '62c5fde0-a3aa-45df-94e9-242f4451644a');
INSERT INTO CD_SET_MEM_ASSOC_TBL (CD_ID, SET_ID) VALUES ('80c58da9-917c-450b-843f-de21e4ae41a9', '62c5fde0-a3aa-45df-94e9-242f4451644a');
INSERT INTO CD_SET_MEM_ASSOC_TBL (CD_ID, SET_ID) VALUES ('22304ab0-b133-494a-ad30-4d9170176f99', '62c5fde0-a3aa-45df-94e9-242f4451644a');
INSERT INTO CD_SET_MEM_ASSOC_TBL (CD_ID, SET_ID) VALUES ('487e2e90-c2ab-4693-b190-2c4e2f0e7cec', '62c5fde0-a3aa-45df-94e9-242f4451644a');
INSERT INTO CD_SET_MEM_ASSOC_TBL (CD_ID, SET_ID) VALUES ('7ce22b9d-e062-447c-a921-71e690ebd5cf', '62c5fde0-a3aa-45df-94e9-242f4451644a');
INSERT INTO CD_SET_MEM_ASSOC_TBL (CD_ID, SET_ID) VALUES ('ec38d31f-a187-4921-9fb6-ff9d227e9e9c', '62c5fde0-a3aa-45df-94e9-242f4451644a');
INSERT INTO CD_SET_MEM_ASSOC_TBL (CD_ID, SET_ID) VALUES ('bc6b2fc6-6542-4bec-96eb-8573a606dbb4', '62c5fde0-a3aa-45df-94e9-242f4451644a');
INSERT INTO CD_SET_MEM_ASSOC_TBL (CD_ID, SET_ID) VALUES ('ab94417b-0d1a-4c46-8d55-6c3fba04ed7e', '62c5fde0-a3aa-45df-94e9-242f4451644a');
INSERT INTO CD_SET_MEM_ASSOC_TBL (CD_ID, SET_ID) VALUES ('82d09e9e-9b12-47dd-acba-0557cc025bd7', '62c5fde0-a3aa-45df-94e9-242f4451644a');
INSERT INTO CD_SET_MEM_ASSOC_TBL (CD_ID, SET_ID) VALUES ('932a3c7e-ad77-450a-8a1f-030fc2855450', '62c5fde0-a3aa-45df-94e9-242f4451644a');
INSERT INTO CD_SET_MEM_ASSOC_TBL (CD_ID, SET_ID) VALUES ('a064984f-9847-4480-8bea-dddf64b3c77c', '62c5fde0-a3aa-45df-94e9-242f4451644a');
INSERT INTO CD_SET_MEM_ASSOC_TBL (CD_ID, SET_ID) VALUES ('73a70eea-06cd-4865-a5f7-f010e33ba4f3', '3ec943d0-10be-415b-bc3a-dfa459738707');
INSERT INTO CD_SET_MEM_ASSOC_TBL (CD_ID, SET_ID) VALUES ('b47f044d-a9c8-4a65-9f84-d99d913beb97', '3ec943d0-10be-415b-bc3a-dfa459738707');
INSERT INTO CD_SET_MEM_ASSOC_TBL (CD_ID, SET_ID) VALUES ('21a61f18-1fc5-47c0-a235-721d2f965e33', '3ec943d0-10be-415b-bc3a-dfa459738707');
INSERT INTO CD_SET_MEM_ASSOC_TBL (CD_ID, SET_ID) VALUES ('f38f409f-3e92-4e6b-b8fd-b2abc7e6c177', '3ec943d0-10be-415b-bc3a-dfa459738707');
INSERT INTO CD_SET_MEM_ASSOC_TBL (CD_ID, SET_ID) VALUES ('fdae49aa-6fcb-40ae-9653-744e87fdd692', '3ec943d0-10be-415b-bc3a-dfa459738707');
INSERT INTO CD_SET_MEM_ASSOC_TBL (CD_ID, SET_ID) VALUES ('9613f16a-f962-4c27-8489-b78aebd7e2ec', '3ec943d0-10be-415b-bc3a-dfa459738707');
INSERT INTO CD_SET_MEM_ASSOC_TBL (CD_ID, SET_ID) VALUES ('90c2f40c-784e-4260-8b91-66bb032d3652', '3ec943d0-10be-415b-bc3a-dfa459738707');
INSERT INTO CD_SET_MEM_ASSOC_TBL (CD_ID, SET_ID) VALUES ('1a76e650-0242-4b40-9267-bf3a5b386c96', '3ec943d0-10be-415b-bc3a-dfa459738707');
INSERT INTO CD_SET_MEM_ASSOC_TBL (CD_ID, SET_ID) VALUES ('5a5023c9-9a53-4f4f-a9b2-5938c71041e7', '3ec943d0-10be-415b-bc3a-dfa459738707');
INSERT INTO CD_SET_MEM_ASSOC_TBL (CD_ID, SET_ID) VALUES ('7a4a0c9c-cf1c-423a-987e-d2a5717ac74e', 'e6a8e44f-0a57-4ebd-80a9-5c53b7a03d76');
INSERT INTO CD_SET_MEM_ASSOC_TBL (CD_ID, SET_ID) VALUES ('ec74541f-87c4-4327-a4b9-97f325501747', 'e6a8e44f-0a57-4ebd-80a9-5c53b7a03d76');
INSERT INTO CD_SET_MEM_ASSOC_TBL (CD_ID, SET_ID) VALUES ('29894070-a76b-47ef-8c16-d84e0acd9ea6', 'cf686a21-86e5-41e7-af07-0016a054227a');
INSERT INTO CD_SET_MEM_ASSOC_TBL (CD_ID, SET_ID) VALUES ('0f4ba634-5107-4eab-9658-25be293cd831', 'cf686a21-86e5-41e7-af07-0016a054227a');
INSERT INTO CD_SET_MEM_ASSOC_TBL (CD_ID, SET_ID) VALUES ('646542bc-72e4-488b-bbf4-865d452e62ec', 'cf686a21-86e5-41e7-af07-0016a054227a');
INSERT INTO CD_SET_MEM_ASSOC_TBL (CD_ID, SET_ID) VALUES ('78b9540f-438b-4b6f-8d83-aaf4979dbc64', 'cf686a21-86e5-41e7-af07-0016a054227a');
INSERT INTO CD_SET_MEM_ASSOC_TBL (CD_ID, SET_ID) VALUES ('26fe590c-3684-4574-9359-057fdd06ba61', 'cf686a21-86e5-41e7-af07-0016a054227a');
INSERT INTO CD_SET_MEM_ASSOC_TBL (CD_ID, SET_ID) VALUES ('85f68168-2a43-4532-bc79-191fa0b47c8b', 'cf686a21-86e5-41e7-af07-0016a054227a');
INSERT INTO CD_SET_MEM_ASSOC_TBL (CD_ID, SET_ID) VALUES ('28c81cdc-ca56-4c92-b691-094e89630642', 'cf686a21-86e5-41e7-af07-0016a054227a');
INSERT INTO CD_SET_MEM_ASSOC_TBL (CD_ID, SET_ID) VALUES ('5a280fc0-8c26-4191-b204-b1b1e4e19462', 'cf686a21-86e5-41e7-af07-0016a054227a');
INSERT INTO CD_SET_MEM_ASSOC_TBL (CD_ID, SET_ID) VALUES ('99488a1d-6d97-4013-8c91-ded6ad3b8e89', 'cf686a21-86e5-41e7-af07-0016a054227a');
INSERT INTO CD_SET_MEM_ASSOC_TBL (CD_ID, SET_ID) VALUES ('07e4d325-63b9-487d-a22c-9b194c09a6ba', 'b6bc75ad-adf4-4101-b4a1-e9aea74ab257');
INSERT INTO CD_SET_MEM_ASSOC_TBL (CD_ID, SET_ID) VALUES ('c3b1a717-74d0-4ae3-830c-efddcc57bb92', 'b6bc75ad-adf4-4101-b4a1-e9aea74ab257');
INSERT INTO CD_SET_MEM_ASSOC_TBL (CD_ID, SET_ID) VALUES ('16d4c8a8-5776-4c34-b189-018d236f1cb6', 'b6bc75ad-adf4-4101-b4a1-e9aea74ab257');
INSERT INTO CD_SET_MEM_ASSOC_TBL (CD_ID, SET_ID) VALUES ('802ae6bb-31b8-401a-9d40-9ce3c3da227c', 'b6bc75ad-adf4-4101-b4a1-e9aea74ab257');
INSERT INTO CD_SET_MEM_ASSOC_TBL (CD_ID, SET_ID) VALUES ('2ca49a5f-af50-402d-9263-7725071c3ed9', 'b6bc75ad-adf4-4101-b4a1-e9aea74ab257');
INSERT INTO CD_SET_MEM_ASSOC_TBL (CD_ID, SET_ID) VALUES ('f81e1097-ed9e-461b-9e1f-52bd7ed47236', 'b6bc75ad-adf4-4101-b4a1-e9aea74ab257');
INSERT INTO CD_SET_MEM_ASSOC_TBL (CD_ID, SET_ID) VALUES ('31a56b8d-b358-453a-a3c8-b1d60ee52578', 'b6bc75ad-adf4-4101-b4a1-e9aea74ab257');
INSERT INTO CD_SET_MEM_ASSOC_TBL (CD_ID, SET_ID) VALUES ('50829a86-6643-423c-bbae-eb3119575349', 'b6bc75ad-adf4-4101-b4a1-e9aea74ab257');
INSERT INTO CD_SET_MEM_ASSOC_TBL (CD_ID, SET_ID) VALUES ('9b3412c0-adb9-41fa-9b23-2557bd0b3348', 'b6bc75ad-adf4-4101-b4a1-e9aea74ab257');
INSERT INTO CD_SET_MEM_ASSOC_TBL (CD_ID, SET_ID) VALUES ('4f509ada-d366-41ac-bd84-e0b3046a0ffc', 'b6bc75ad-adf4-4101-b4a1-e9aea74ab257');
INSERT INTO CD_SET_MEM_ASSOC_TBL (CD_ID, SET_ID) VALUES ('e769140d-195e-4fdf-b64f-0da4ecf74b36', 'b6bc75ad-adf4-4101-b4a1-e9aea74ab257');
INSERT INTO CD_SET_MEM_ASSOC_TBL (CD_ID, SET_ID) VALUES ('221bc06c-27f4-4244-8efe-a7b968fbdbd6', 'b6bc75ad-adf4-4101-b4a1-e9aea74ab257');
INSERT INTO CD_SET_MEM_ASSOC_TBL (CD_ID, SET_ID) VALUES ('d920a941-ec06-4d0d-9f60-631b790f8e0d', 'b6bc75ad-adf4-4101-b4a1-e9aea74ab257');
INSERT INTO CD_SET_MEM_ASSOC_TBL (CD_ID, SET_ID) VALUES ('f730f892-ebcc-43bc-8d39-bda98bc76563', 'b6bc75ad-adf4-4101-b4a1-e9aea74ab257');
INSERT INTO CD_SET_MEM_ASSOC_TBL (CD_ID, SET_ID) VALUES ('e0f40a69-0e09-44e1-bd37-080ac88661e3', 'b6bc75ad-adf4-4101-b4a1-e9aea74ab257');
INSERT INTO CD_SET_MEM_ASSOC_TBL (CD_ID, SET_ID) VALUES ('da22b2fb-bf0b-4aa6-8dcc-cb4c4cad1ca8', 'b6bc75ad-adf4-4101-b4a1-e9aea74ab257');
INSERT INTO CD_SET_MEM_ASSOC_TBL (CD_ID, SET_ID) VALUES ('c898b180-dad0-4115-9200-f48329fd7771', 'b6bc75ad-adf4-4101-b4a1-e9aea74ab257');
INSERT INTO CD_SET_MEM_ASSOC_TBL (CD_ID, SET_ID) VALUES ('cfbed12b-ffb1-48d7-b0ab-68f898a76749', 'b6bc75ad-adf4-4101-b4a1-e9aea74ab257');
INSERT INTO CD_SET_MEM_ASSOC_TBL (CD_ID, SET_ID) VALUES ('a5a71f07-0235-42e8-beab-adefeb357bf5', 'b6bc75ad-adf4-4101-b4a1-e9aea74ab257');
INSERT INTO CD_SET_MEM_ASSOC_TBL (CD_ID, SET_ID) VALUES ('742b318f-8198-4dde-9b43-34d20d0c18e2', 'b6bc75ad-adf4-4101-b4a1-e9aea74ab257');
INSERT INTO CD_SET_MEM_ASSOC_TBL (CD_ID, SET_ID) VALUES ('a0d72d7c-b32f-4619-a943-f40ced704df6', 'b6bc75ad-adf4-4101-b4a1-e9aea74ab257');
INSERT INTO CD_SET_MEM_ASSOC_TBL (CD_ID, SET_ID) VALUES ('c44dd7b3-4e4e-493f-9ace-557ca3c672a7', 'b6bc75ad-adf4-4101-b4a1-e9aea74ab257');
INSERT INTO CD_SET_MEM_ASSOC_TBL (CD_ID, SET_ID) VALUES ('44d04d8c-a81b-47ce-8857-c88cc92e8dfc', 'b6bc75ad-adf4-4101-b4a1-e9aea74ab257');
INSERT INTO CD_SET_MEM_ASSOC_TBL (CD_ID, SET_ID) VALUES ('eb55fb0a-126d-4f97-a7e4-454d600c5c9a', 'b6bc75ad-adf4-4101-b4a1-e9aea74ab257');
INSERT INTO CD_SET_MEM_ASSOC_TBL (CD_ID, SET_ID) VALUES ('d18cc00b-c339-47a5-9ff9-23c77542a5c3', 'b6bc75ad-adf4-4101-b4a1-e9aea74ab257');
INSERT INTO CD_SET_MEM_ASSOC_TBL (CD_ID, SET_ID) VALUES ('65c0a364-b1bf-4b16-8c28-6d1e2fc90ad1', 'b6bc75ad-adf4-4101-b4a1-e9aea74ab257');
INSERT INTO CD_SET_MEM_ASSOC_TBL (CD_ID, SET_ID) VALUES ('69f1fd07-ba26-4e92-8ad0-deac7559e90f', 'b6bc75ad-adf4-4101-b4a1-e9aea74ab257');
INSERT INTO CD_SET_MEM_ASSOC_TBL (CD_ID, SET_ID) VALUES ('1373ff04-a6ef-420a-b1d0-4a07465fe8e8', '4e6da567-0094-4f23-8555-11da499593af');
INSERT INTO CD_SET_MEM_ASSOC_TBL (CD_ID, SET_ID) VALUES ('b76ff324-b174-40b7-a6ac-d1fdf8e23967', '4e6da567-0094-4f23-8555-11da499593af');
INSERT INTO CD_SET_MEM_ASSOC_TBL (CD_ID, SET_ID) VALUES ('0b019bcf-c51f-4b8c-bfae-b7232a7dfb59', '4e6da567-0094-4f23-8555-11da499593af');
INSERT INTO CD_SET_MEM_ASSOC_TBL (CD_ID, SET_ID) VALUES ('4a2de544-f8c9-4e29-b156-df478d5cbe25', '4e6da567-0094-4f23-8555-11da499593af');
INSERT INTO CD_SET_MEM_ASSOC_TBL (CD_ID, SET_ID) VALUES ('fbf1a25a-b874-4d1b-83a9-da193869ee78', '4e6da567-0094-4f23-8555-11da499593af');
INSERT INTO CD_SET_MEM_ASSOC_TBL (CD_ID, SET_ID) VALUES ('74cd3296-cb58-4984-9750-d077a130ce05', '4e6da567-0094-4f23-8555-11da499593af');
INSERT INTO CD_SET_MEM_ASSOC_TBL (CD_ID, SET_ID) VALUES ('e29fcfad-ec1d-4c60-a055-039a494248ae', '4e6da567-0094-4f23-8555-11da499593af');
INSERT INTO CD_SET_MEM_ASSOC_TBL (CD_ID, SET_ID) VALUES ('fdf8335e-1f12-4de0-8356-f8778ed41c21', '4e6da567-0094-4f23-8555-11da499593af');
INSERT INTO CD_SET_MEM_ASSOC_TBL (CD_ID, SET_ID) VALUES ('8ba5e5c9-693b-49d4-973c-d7010f3a23ee', '4e6da567-0094-4f23-8555-11da499593af');
INSERT INTO CD_SET_MEM_ASSOC_TBL (CD_ID, SET_ID) VALUES ('8a6cb575-cf22-4184-a2b7-d9e99d2cd850', '4e6da567-0094-4f23-8555-11da499593af');
INSERT INTO CD_SET_MEM_ASSOC_TBL (CD_ID, SET_ID) VALUES ('61fcbf42-b5e0-4fb5-9392-108a5c6dbec7', '4e6da567-0094-4f23-8555-11da499593af');
INSERT INTO CD_SET_MEM_ASSOC_TBL (CD_ID, SET_ID) VALUES ('0162f67f-50a6-4743-88b6-edcde354caca', '4e6da567-0094-4f23-8555-11da499593af');
INSERT INTO CD_SET_MEM_ASSOC_TBL (CD_ID, SET_ID) VALUES ('b91f756a-5b37-409e-8cf9-c985d5dba2f1', '4e6da567-0094-4f23-8555-11da499593af');
INSERT INTO CD_SET_MEM_ASSOC_TBL (CD_ID, SET_ID) VALUES ('9de2a846-ddf2-4ebc-902e-84508c5089ea', '4e6da567-0094-4f23-8555-11da499593af');
INSERT INTO CD_SET_MEM_ASSOC_TBL (CD_ID, SET_ID) VALUES ('d39073be-0f8f-440e-b8c8-7034cc138a95', '4e6da567-0094-4f23-8555-11da499593af');
INSERT INTO CD_SET_MEM_ASSOC_TBL (CD_ID, SET_ID) VALUES ('2e9fa332-9391-48c6-9fc8-920a750b25d3', '4e6da567-0094-4f23-8555-11da499593af');
INSERT INTO CD_SET_MEM_ASSOC_TBL (CD_ID, SET_ID) VALUES ('e5a09cc2-5ae5-40c2-8e32-687dba06715d', '4e6da567-0094-4f23-8555-11da499593af');
INSERT INTO CD_SET_MEM_ASSOC_TBL (CD_ID, SET_ID) VALUES ('fafec286-89d5-420b-9085-054aca9d1eef', '4e6da567-0094-4f23-8555-11da499593af');
INSERT INTO CD_SET_MEM_ASSOC_TBL (CD_ID, SET_ID) VALUES ('2452b691-f122-4121-b9df-76d990b43f35', '4e6da567-0094-4f23-8555-11da499593af');
INSERT INTO CD_SET_MEM_ASSOC_TBL (CD_ID, SET_ID) VALUES ('2a7043bc-6cca-447d-b230-8414f790cdb6', '4e6da567-0094-4f23-8555-11da499593af');
INSERT INTO CD_SET_MEM_ASSOC_TBL (CD_ID, SET_ID) VALUES ('a1fa9cd6-1ce7-4f7e-a0c1-7a503f9f1255', '4e6da567-0094-4f23-8555-11da499593af');
INSERT INTO CD_SET_MEM_ASSOC_TBL (CD_ID, SET_ID) VALUES ('7c08bd55-4d42-49cd-92f8-6388d6c4183f', '4e6da567-0094-4f23-8555-11da499593af');
INSERT INTO CD_SET_MEM_ASSOC_TBL (CD_ID, SET_ID) VALUES ('0b3c64f4-220d-44e5-bdc6-4bfad6120963', '4e6da567-0094-4f23-8555-11da499593af');
INSERT INTO CD_SET_MEM_ASSOC_TBL (CD_ID, SET_ID) VALUES ('8cf4b0b0-84e5-4122-85fe-6afa8240c218', '4e6da567-0094-4f23-8555-11da499593af');
INSERT INTO CD_SET_MEM_ASSOC_TBL (CD_ID, SET_ID) VALUES ('c7ace528-277d-4efb-94ee-bfd1278f40f7', '4e6da567-0094-4f23-8555-11da499593af');
INSERT INTO CD_SET_MEM_ASSOC_TBL (CD_ID, SET_ID) VALUES ('21ab7873-8ef3-4d78-9c19-4582b3c40631', '4e6da567-0094-4f23-8555-11da499593af');
INSERT INTO CD_SET_MEM_ASSOC_TBL (CD_ID, SET_ID) VALUES ('79dd4f75-68e8-4722-a7f5-8bc2e08f5cd6', '4e6da567-0094-4f23-8555-11da499593af');
INSERT INTO CD_SET_MEM_ASSOC_TBL (CD_ID, SET_ID) VALUES ('48b2ffb3-07db-47ba-ad73-fc8fb8502471', '4e6da567-0094-4f23-8555-11da499593af');
INSERT INTO CD_SET_MEM_ASSOC_TBL (CD_ID, SET_ID) VALUES ('6eefee7d-dff5-46d3-a6a7-171ef93879c7', '4e6da567-0094-4f23-8555-11da499593af');
INSERT INTO CD_SET_MEM_ASSOC_TBL (CD_ID, SET_ID) VALUES ('4d1a5c28-deb7-411e-b75f-d524f90dfa63', '4e6da567-0094-4f23-8555-11da499593af');
INSERT INTO CD_SET_MEM_ASSOC_TBL (CD_ID, SET_ID) VALUES ('1935aaf6-d487-4c82-ac17-fb917b5b6d71', '4e6da567-0094-4f23-8555-11da499593af');
INSERT INTO CD_SET_MEM_ASSOC_TBL (CD_ID, SET_ID) VALUES ('f29f08de-78a7-4a5e-aeaf-7b545ba19a09', 'effc9f86-56e2-4920-a75a-fec310aa1430');
INSERT INTO CD_SET_MEM_ASSOC_TBL (CD_ID, SET_ID) VALUES ('ad28a7ac-a66b-42c4-91b4-de40a2b11980', 'effc9f86-56e2-4920-a75a-fec310aa1430');
INSERT INTO CD_SET_MEM_ASSOC_TBL (CD_ID, SET_ID) VALUES ('604cf1b7-8891-49fb-b95f-3e4e875691bc', 'effc9f86-56e2-4920-a75a-fec310aa1430');
INSERT INTO CD_SET_MEM_ASSOC_TBL (CD_ID, SET_ID) VALUES ('71651ed8-8c91-4839-b76e-9bfdd2edba43', '592431f5-bbbd-44d6-9c63-5a80a410c738');
INSERT INTO CD_SET_MEM_ASSOC_TBL (CD_ID, SET_ID) VALUES ('f0cb3faf-435d-4704-9217-b884f757bc14', '592431f5-bbbd-44d6-9c63-5a80a410c738');
INSERT INTO CD_SET_MEM_ASSOC_TBL (CD_ID, SET_ID) VALUES ('f158af2a-d405-4616-a459-50e8494a9a56', '592431f5-bbbd-44d6-9c63-5a80a410c738');
INSERT INTO CD_SET_MEM_ASSOC_TBL (CD_ID, SET_ID) VALUES ('cc35ad2b-6699-4946-ae38-76ab08193f41', '592431f5-bbbd-44d6-9c63-5a80a410c738');
INSERT INTO CD_SET_MEM_ASSOC_TBL (CD_ID, SET_ID) VALUES ('c50d66d2-e5da-4a34-b2b7-4cd4fe4ef2c4', '592431f5-bbbd-44d6-9c63-5a80a410c738');
INSERT INTO CD_SET_MEM_ASSOC_TBL (CD_ID, SET_ID) VALUES ('39604248-7812-4b60-bc54-8cc1fffb1de6', '592431f5-bbbd-44d6-9c63-5a80a410c738');
INSERT INTO CD_SET_MEM_ASSOC_TBL (CD_ID, SET_ID) VALUES ('ec8a5482-2059-43fc-a4ce-04f71f64e3d8', '592431f5-bbbd-44d6-9c63-5a80a410c738');
INSERT INTO CD_SET_MEM_ASSOC_TBL (CD_ID, SET_ID) VALUES ('d64ed94f-e4a4-49a2-a0d8-1e6f393aab36', '592431f5-bbbd-44d6-9c63-5a80a410c738');
INSERT INTO CD_SET_MEM_ASSOC_TBL (CD_ID, SET_ID) VALUES ('196405f1-e07e-494e-a56e-b4b563cd85fc', '592431f5-bbbd-44d6-9c63-5a80a410c738');
INSERT INTO CD_SET_MEM_ASSOC_TBL (CD_ID, SET_ID) VALUES ('97ad6a1d-6871-448c-a504-cb82cabc0452', '592431f5-bbbd-44d6-9c63-5a80a410c738');
INSERT INTO CD_SET_MEM_ASSOC_TBL (CD_ID, SET_ID) VALUES ('4c503921-1d6e-4149-a3c4-33f6be4646ce', '592431f5-bbbd-44d6-9c63-5a80a410c738');
INSERT INTO CD_SET_MEM_ASSOC_TBL (CD_ID, SET_ID) VALUES ('4b8b0a87-7d2e-406d-aeb0-1041c3841b57', '592431f5-bbbd-44d6-9c63-5a80a410c738');
INSERT INTO CD_SET_MEM_ASSOC_TBL (CD_ID, SET_ID) VALUES ('61848557-d78d-40e5-954f-0b9c97307a04', '592431f5-bbbd-44d6-9c63-5a80a410c738');
INSERT INTO CD_SET_MEM_ASSOC_TBL (CD_ID, SET_ID) VALUES ('455dadf8-c175-45a1-a859-34283a8210f8', '592431f5-bbbd-44d6-9c63-5a80a410c738');
INSERT INTO CD_SET_MEM_ASSOC_TBL (CD_ID, SET_ID) VALUES ('a0174216-6439-4351-9483-a241a48029b7', '592431f5-bbbd-44d6-9c63-5a80a410c738');
INSERT INTO CD_SET_MEM_ASSOC_TBL (CD_ID, SET_ID) VALUES ('6cbf29ad-ac51-48c9-885a-cfe3026ecf6e', '592431f5-bbbd-44d6-9c63-5a80a410c738');
INSERT INTO CD_SET_MEM_ASSOC_TBL (CD_ID, SET_ID) VALUES ('9c4c40ae-2c15-4581-a496-be1abfe4eb66', '592431f5-bbbd-44d6-9c63-5a80a410c738');
INSERT INTO CD_SET_MEM_ASSOC_TBL (CD_ID, SET_ID) VALUES ('0a364ad7-f961-4d8a-93f0-1fd4176548b3', '592431f5-bbbd-44d6-9c63-5a80a410c738');
INSERT INTO CD_SET_MEM_ASSOC_TBL (CD_ID, SET_ID) VALUES ('1373ff04-a6ef-420a-b1d0-4a07465fe8e8', '592431f5-bbbd-44d6-9c63-5a80a410c738');
INSERT INTO CD_SET_MEM_ASSOC_TBL (CD_ID, SET_ID) VALUES ('d9f63423-ba9b-48d9-ba38-c404b784b670', '592431f5-bbbd-44d6-9c63-5a80a410c738');
INSERT INTO CD_SET_MEM_ASSOC_TBL (CD_ID, SET_ID) VALUES ('a2594e6e-e8fe-4c68-82a5-d3a46dbec87d', '592431f5-bbbd-44d6-9c63-5a80a410c738');
INSERT INTO CD_SET_MEM_ASSOC_TBL (CD_ID, SET_ID) VALUES ('727a61ed-2f35-4e09-8bb6-6d09e2ba8fec', '592431f5-bbbd-44d6-9c63-5a80a410c738');
INSERT INTO CD_SET_MEM_ASSOC_TBL (CD_ID, SET_ID) VALUES ('5a6a6766-8e1d-4d36-ae50-9b7d82d8a182', '592431f5-bbbd-44d6-9c63-5a80a410c738');
INSERT INTO CD_SET_MEM_ASSOC_TBL (CD_ID, SET_ID) VALUES ('3a9f0c2f-e322-4639-a8e7-0df67cac761b', '592431f5-bbbd-44d6-9c63-5a80a410c738');
INSERT INTO CD_SET_MEM_ASSOC_TBL (CD_ID, SET_ID) VALUES ('9790b291-b8a3-4c85-a240-c2c38885ad5d', '592431f5-bbbd-44d6-9c63-5a80a410c738');
INSERT INTO CD_SET_MEM_ASSOC_TBL (CD_ID, SET_ID) VALUES ('c704a23d-86ef-4e11-9050-f8aa10919ff2', '592431f5-bbbd-44d6-9c63-5a80a410c738');
INSERT INTO CD_SET_MEM_ASSOC_TBL (CD_ID, SET_ID) VALUES ('5e8e0f8b-bc23-4847-82ab-49b8dd79981e', '592431f5-bbbd-44d6-9c63-5a80a410c738');
INSERT INTO CD_SET_MEM_ASSOC_TBL (CD_ID, SET_ID) VALUES ('de3f7527-e3c9-45ef-8574-00ca4495f767', '592431f5-bbbd-44d6-9c63-5a80a410c738');
INSERT INTO CD_SET_MEM_ASSOC_TBL (CD_ID, SET_ID) VALUES ('0b82357f-5ae0-4543-ab8e-a33e9b315bab', '592431f5-bbbd-44d6-9c63-5a80a410c738');
INSERT INTO CD_SET_MEM_ASSOC_TBL (CD_ID, SET_ID) VALUES ('649d6d69-139c-4006-ae45-aff4649d6079', '592431f5-bbbd-44d6-9c63-5a80a410c738');
INSERT INTO CD_SET_MEM_ASSOC_TBL (CD_ID, SET_ID) VALUES ('479896b0-35d5-4842-8109-5fdbee14e8a4', '592431f5-bbbd-44d6-9c63-5a80a410c738');
INSERT INTO CD_SET_MEM_ASSOC_TBL (CD_ID, SET_ID) VALUES ('a5cac7f7-e3b7-4dd8-872c-db0e7fcc2d84', '592431f5-bbbd-44d6-9c63-5a80a410c738');
INSERT INTO CD_SET_MEM_ASSOC_TBL (CD_ID, SET_ID) VALUES ('6792db6c-fd5c-4ab8-96f5-ace5665bdcb9', '592431f5-bbbd-44d6-9c63-5a80a410c738');
INSERT INTO CD_SET_MEM_ASSOC_TBL (CD_ID, SET_ID) VALUES ('76990d3d-3f27-4b39-836b-ba87eeba3328', '592431f5-bbbd-44d6-9c63-5a80a410c738');
INSERT INTO CD_SET_MEM_ASSOC_TBL (CD_ID, SET_ID) VALUES ('be1235ee-710a-4732-88fd-6e895de7c56d', '592431f5-bbbd-44d6-9c63-5a80a410c738');
INSERT INTO CD_SET_MEM_ASSOC_TBL (CD_ID, SET_ID) VALUES ('ea60a5a9-e971-4f0d-bb5d-dc7a0c74a2c9', '592431f5-bbbd-44d6-9c63-5a80a410c738');
INSERT INTO CD_SET_MEM_ASSOC_TBL (CD_ID, SET_ID) VALUES ('ec401b5c-4c33-4229-9c72-428fc5db37ff', '592431f5-bbbd-44d6-9c63-5a80a410c738');
INSERT INTO CD_SET_MEM_ASSOC_TBL (CD_ID, SET_ID) VALUES ('cbb6297b-743c-453c-8476-ba4c10a1c965', '592431f5-bbbd-44d6-9c63-5a80a410c738');
INSERT INTO CD_SET_MEM_ASSOC_TBL (CD_ID, SET_ID) VALUES ('99e77288-cb09-4050-a8cf-385513f32f0a', '592431f5-bbbd-44d6-9c63-5a80a410c738');
INSERT INTO CD_SET_MEM_ASSOC_TBL (CD_ID, SET_ID) VALUES ('03067700-ce37-405f-8ed3-e4965ba2f601', '592431f5-bbbd-44d6-9c63-5a80a410c738');
INSERT INTO CD_SET_MEM_ASSOC_TBL (CD_ID, SET_ID) VALUES ('bce17b21-05b2-4f02-bf7a-c6d3561aa948', '592431f5-bbbd-44d6-9c63-5a80a410c738');
INSERT INTO CD_SET_MEM_ASSOC_TBL (CD_ID, SET_ID) VALUES ('28c744df-d889-4a44-bc1a-2e9e9d64af13', '592431f5-bbbd-44d6-9c63-5a80a410c738');
INSERT INTO CD_SET_MEM_ASSOC_TBL (CD_ID, SET_ID) VALUES ('7f81b83e-0d78-4685-8ba4-224eb315ce54', '592431f5-bbbd-44d6-9c63-5a80a410c738');
INSERT INTO CD_SET_MEM_ASSOC_TBL (CD_ID, SET_ID) VALUES ('4b5471d4-e3fe-45f7-85a2-ae2b4f224757', '592431f5-bbbd-44d6-9c63-5a80a410c738');
INSERT INTO CD_SET_MEM_ASSOC_TBL (CD_ID, SET_ID) VALUES ('28fb791e-179e-461a-b16c-cac13a04bd0a', '592431f5-bbbd-44d6-9c63-5a80a410c738');
INSERT INTO CD_SET_MEM_ASSOC_TBL (CD_ID, SET_ID) VALUES ('2452b691-f122-4121-b9df-76d990b43f35', '592431f5-bbbd-44d6-9c63-5a80a410c738');
INSERT INTO CD_SET_MEM_ASSOC_TBL (CD_ID, SET_ID) VALUES ('3f92dbee-a65e-434f-98ce-841feeb02e3f', '592431f5-bbbd-44d6-9c63-5a80a410c738');
INSERT INTO CD_SET_MEM_ASSOC_TBL (CD_ID, SET_ID) VALUES ('53c694b8-27d8-43dd-95a4-bb318431d17c', '592431f5-bbbd-44d6-9c63-5a80a410c738');
INSERT INTO CD_SET_MEM_ASSOC_TBL (CD_ID, SET_ID) VALUES ('01b87999-85a7-4f5c-9b7e-892f1195cfe3', '592431f5-bbbd-44d6-9c63-5a80a410c738');
INSERT INTO CD_SET_MEM_ASSOC_TBL (CD_ID, SET_ID) VALUES ('02bb7934-76b5-4cc5-bd42-58570f15eb4d', '592431f5-bbbd-44d6-9c63-5a80a410c738');
INSERT INTO CD_SET_MEM_ASSOC_TBL (CD_ID, SET_ID) VALUES ('6da3a6ca-2ab0-4d32-9588-e094f277f06d', '592431f5-bbbd-44d6-9c63-5a80a410c738');
INSERT INTO CD_SET_MEM_ASSOC_TBL (CD_ID, SET_ID) VALUES ('353f9255-765e-4336-8007-1d61ab09aad6', '592431f5-bbbd-44d6-9c63-5a80a410c738');
INSERT INTO CD_SET_MEM_ASSOC_TBL (CD_ID, SET_ID) VALUES ('c3be013a-20c5-4c20-840c-d9dbb15d040e', '592431f5-bbbd-44d6-9c63-5a80a410c738');
INSERT INTO CD_SET_MEM_ASSOC_TBL (CD_ID, SET_ID) VALUES ('727b3624-ea62-46bb-a68b-b9e49e302eca', '592431f5-bbbd-44d6-9c63-5a80a410c738');
INSERT INTO CD_SET_MEM_ASSOC_TBL (CD_ID, SET_ID) VALUES ('ac05185b-5a80-47a8-b924-060deb6d0eb2', '592431f5-bbbd-44d6-9c63-5a80a410c738');
INSERT INTO CD_SET_MEM_ASSOC_TBL (CD_ID, SET_ID) VALUES ('5d175f21-1963-4589-a400-b5ef5f64842c', '592431f5-bbbd-44d6-9c63-5a80a410c738');
INSERT INTO CD_SET_MEM_ASSOC_TBL (CD_ID, SET_ID) VALUES ('3c1225de-194e-49ce-a41a-0f9376b04c11', '592431f5-bbbd-44d6-9c63-5a80a410c738');
INSERT INTO CD_SET_MEM_ASSOC_TBL (CD_ID, SET_ID) VALUES ('5b0fac74-5ac6-44e6-99a4-6813c0e2f4a9', '592431f5-bbbd-44d6-9c63-5a80a410c738');
INSERT INTO CD_SET_MEM_ASSOC_TBL (CD_ID, SET_ID) VALUES ('fa5e70a4-a46e-4665-8a20-94d4d7b86fc8', '592431f5-bbbd-44d6-9c63-5a80a410c738');
INSERT INTO CD_SET_MEM_ASSOC_TBL (CD_ID, SET_ID) VALUES ('693f08fa-625a-40d2-b928-6856099c0349', '592431f5-bbbd-44d6-9c63-5a80a410c738');
INSERT INTO CD_SET_MEM_ASSOC_TBL (CD_ID, SET_ID) VALUES ('79f6136c-1465-45e8-917e-e7832bc8e3b2', '592431f5-bbbd-44d6-9c63-5a80a410c738');
INSERT INTO CD_SET_MEM_ASSOC_TBL (CD_ID, SET_ID) VALUES ('4ff91e06-2e39-44e3-9fbe-0d828fe318fe', '592431f5-bbbd-44d6-9c63-5a80a410c738');
INSERT INTO CD_SET_MEM_ASSOC_TBL (CD_ID, SET_ID) VALUES ('64474c12-b978-4bb6-a584-46dadec2d952', '592431f5-bbbd-44d6-9c63-5a80a410c738');
INSERT INTO CD_SET_MEM_ASSOC_TBL (CD_ID, SET_ID) VALUES ('f9dc5787-dd4d-42c6-a082-ac7d11956fda', '592431f5-bbbd-44d6-9c63-5a80a410c738');
INSERT INTO CD_SET_MEM_ASSOC_TBL (CD_ID, SET_ID) VALUES ('1b2dbf82-a503-4cf4-9ecb-a8e111b4674e', '592431f5-bbbd-44d6-9c63-5a80a410c738');
INSERT INTO CD_SET_MEM_ASSOC_TBL (CD_ID, SET_ID) VALUES ('0716a333-cd46-439d-bfd6-bf788f3885fa', '592431f5-bbbd-44d6-9c63-5a80a410c738');
INSERT INTO CD_SET_MEM_ASSOC_TBL (CD_ID, SET_ID) VALUES ('8e087135-8c6f-4214-bdd2-448387d3f24c', '3ec943d0-10be-415b-bc3a-dfa459738707');
INSERT INTO CD_SET_MEM_ASSOC_TBL (CD_ID, SET_ID) VALUES ('ced7cc70-12bc-45bb-ac46-ddf41141e64b', '3ec943d0-10be-415b-bc3a-dfa459738707');
INSERT INTO CD_SET_MEM_ASSOC_TBL (CD_ID, SET_ID) VALUES ('6af35d6e-557c-4034-9518-e87bc6cff808', '3ec943d0-10be-415b-bc3a-dfa459738707');
INSERT INTO CD_SET_MEM_ASSOC_TBL (CD_ID, SET_ID) VALUES ('fdda3bd9-a3ee-479c-9b2d-89ba49f09b85', '3ec943d0-10be-415b-bc3a-dfa459738707');
INSERT INTO CD_SET_MEM_ASSOC_TBL (CD_ID, SET_ID) VALUES ('A87A6D21-2CA6-4AEA-88F3-6135CCEB58D1', '5285af4b-e060-41b7-99d9-fd8237e5aecf');
 INSERT INTO CD_SET_MEM_ASSOC_TBL (CD_ID, SET_ID) VALUES ('A87A6D21-2CA6-4AEA-88F3-6135CCEB58D1', 'ee16a667-2085-440a-b1e7-4032d10b9f40');
INSERT INTO CD_SET_MEM_ASSOC_TBL (CD_ID, SET_ID) VALUES ('3682b98d-4b14-4e2b-92f5-aa7abf522e28', '5285af4b-e060-41b7-99d9-fd8237e5aecf');
 INSERT INTO CD_SET_MEM_ASSOC_TBL (CD_ID, SET_ID) VALUES ('3682b98d-4b14-4e2b-92f5-aa7abf522e28', 'ee16a667-2085-440a-b1e7-4032d10b9f40');
INSERT INTO CD_SET_MEM_ASSOC_TBL (CD_ID, SET_ID) VALUES ('8de7b5e7-c941-42bd-b735-52d750efc5e6', '5285af4b-e060-41b7-99d9-fd8237e5aecf');
 INSERT INTO CD_SET_MEM_ASSOC_TBL (CD_ID, SET_ID) VALUES ('8de7b5e7-c941-42bd-b735-52d750efc5e6', 'ee16a667-2085-440a-b1e7-4032d10b9f40');
INSERT INTO CD_SET_MEM_ASSOC_TBL (CD_ID, SET_ID) VALUES ('867fd445-d490-4619-804e-75c04b8a0e57', '5285af4b-e060-41b7-99d9-fd8237e5aecf');
 INSERT INTO CD_SET_MEM_ASSOC_TBL (CD_ID, SET_ID) VALUES ('867fd445-d490-4619-804e-75c04b8a0e57', 'ee16a667-2085-440a-b1e7-4032d10b9f40');
INSERT INTO CD_SET_MEM_ASSOC_TBL (CD_ID, SET_ID) VALUES ('77b7a04b-c065-4faf-8ec0-2cdad4ae372b', '5285af4b-e060-41b7-99d9-fd8237e5aecf');
 INSERT INTO CD_SET_MEM_ASSOC_TBL (CD_ID, SET_ID) VALUES ('77b7a04b-c065-4faf-8ec0-2cdad4ae372b', 'ee16a667-2085-440a-b1e7-4032d10b9f40');
INSERT INTO CD_SET_MEM_ASSOC_TBL (CD_ID, SET_ID) VALUES ('33bd1401-dfdb-40e7-a914-0a695ad5186e', '5285af4b-e060-41b7-99d9-fd8237e5aecf');
 INSERT INTO CD_SET_MEM_ASSOC_TBL (CD_ID, SET_ID) VALUES ('33bd1401-dfdb-40e7-a914-0a695ad5186e', 'ee16a667-2085-440a-b1e7-4032d10b9f40');
INSERT INTO CD_SET_MEM_ASSOC_TBL (CD_ID, SET_ID) VALUES ('757f98df-14e0-446a-bd50-bb0affb34f09', '5285af4b-e060-41b7-99d9-fd8237e5aecf');
 INSERT INTO CD_SET_MEM_ASSOC_TBL (CD_ID, SET_ID) VALUES ('757f98df-14e0-446a-bd50-bb0affb34f09', 'ee16a667-2085-440a-b1e7-4032d10b9f40');
INSERT INTO CD_SET_MEM_ASSOC_TBL (CD_ID, SET_ID) VALUES ('b1d2148d-bb35-4337-8fe6-021f5a3ac8a3', '5285af4b-e060-41b7-99d9-fd8237e5aecf');
 INSERT INTO CD_SET_MEM_ASSOC_TBL (CD_ID, SET_ID) VALUES ('b1d2148d-bb35-4337-8fe6-021f5a3ac8a3', 'ee16a667-2085-440a-b1e7-4032d10b9f40');
INSERT INTO CD_SET_MEM_ASSOC_TBL (CD_ID, SET_ID) VALUES ('25985F42-476A-4455-A977-4E97A554D710', '5285af4b-e060-41b7-99d9-fd8237e5aecf');
 INSERT INTO CD_SET_MEM_ASSOC_TBL (CD_ID, SET_ID) VALUES ('25985F42-476A-4455-A977-4E97A554D710', 'ee16a667-2085-440a-b1e7-4032d10b9f40');
INSERT INTO CD_SET_MEM_ASSOC_TBL (CD_ID, SET_ID) VALUES ('1ee4e74f-542d-4544-96f6-266a6247f274', '5285af4b-e060-41b7-99d9-fd8237e5aecf');
 INSERT INTO CD_SET_MEM_ASSOC_TBL (CD_ID, SET_ID) VALUES ('1ee4e74f-542d-4544-96f6-266a6247f274', 'ee16a667-2085-440a-b1e7-4032d10b9f40');
INSERT INTO CD_SET_MEM_ASSOC_TBL (CD_ID, SET_ID) VALUES ('3b8e2334-4ccc-4f24-8aae-37341ea03d3e', '5285af4b-e060-41b7-99d9-fd8237e5aecf');
 INSERT INTO CD_SET_MEM_ASSOC_TBL (CD_ID, SET_ID) VALUES ('3b8e2334-4ccc-4f24-8aae-37341ea03d3e', 'ee16a667-2085-440a-b1e7-4032d10b9f40');
INSERT INTO CD_SET_MEM_ASSOC_TBL (CD_ID, SET_ID) VALUES ('35b13152-e43c-4bcb-8649-a9e83bee33a2', '5285af4b-e060-41b7-99d9-fd8237e5aecf');
 INSERT INTO CD_SET_MEM_ASSOC_TBL (CD_ID, SET_ID) VALUES ('35b13152-e43c-4bcb-8649-a9e83bee33a2', 'ee16a667-2085-440a-b1e7-4032d10b9f40');
INSERT INTO CD_SET_MEM_ASSOC_TBL (CD_ID, SET_ID) VALUES ('d4844672-c0d7-434c-8377-6dd0655b0532', '5285af4b-e060-41b7-99d9-fd8237e5aecf');
 INSERT INTO CD_SET_MEM_ASSOC_TBL (CD_ID, SET_ID) VALUES ('d4844672-c0d7-434c-8377-6dd0655b0532', 'ee16a667-2085-440a-b1e7-4032d10b9f40');
INSERT INTO CD_SET_MEM_ASSOC_TBL (CD_ID, SET_ID) VALUES ('9d256279-f1ac-46b3-a974-dd13e2ad4f72', '5285af4b-e060-41b7-99d9-fd8237e5aecf');
 INSERT INTO CD_SET_MEM_ASSOC_TBL (CD_ID, SET_ID) VALUES ('9d256279-f1ac-46b3-a974-dd13e2ad4f72', 'ee16a667-2085-440a-b1e7-4032d10b9f40');
INSERT INTO CD_SET_MEM_ASSOC_TBL (CD_ID, SET_ID) VALUES ('3d907f37-085c-4c26-b59b-62e40621dafd', '5285af4b-e060-41b7-99d9-fd8237e5aecf');
 INSERT INTO CD_SET_MEM_ASSOC_TBL (CD_ID, SET_ID) VALUES ('3d907f37-085c-4c26-b59b-62e40621dafd', 'ee16a667-2085-440a-b1e7-4032d10b9f40');
INSERT INTO CD_SET_MEM_ASSOC_TBL (CD_ID, SET_ID) VALUES ('f28ed78f-85ab-47a1-ba08-b5051e62d6c3', '5285af4b-e060-41b7-99d9-fd8237e5aecf');
 INSERT INTO CD_SET_MEM_ASSOC_TBL (CD_ID, SET_ID) VALUES ('f28ed78f-85ab-47a1-ba08-b5051e62d6c3', 'ee16a667-2085-440a-b1e7-4032d10b9f40');
INSERT INTO CD_SET_MEM_ASSOC_TBL (CD_ID, SET_ID) VALUES ('47049b0f-f189-4e19-9aa8-7c38adb2491a', '5285af4b-e060-41b7-99d9-fd8237e5aecf');
 INSERT INTO CD_SET_MEM_ASSOC_TBL (CD_ID, SET_ID) VALUES ('47049b0f-f189-4e19-9aa8-7c38adb2491a', 'ee16a667-2085-440a-b1e7-4032d10b9f40');
INSERT INTO CD_SET_MEM_ASSOC_TBL (CD_ID, SET_ID) VALUES ('f31a2a5b-ce13-47e1-a0fb-d704f31547db', '5285af4b-e060-41b7-99d9-fd8237e5aecf');
 INSERT INTO CD_SET_MEM_ASSOC_TBL (CD_ID, SET_ID) VALUES ('f31a2a5b-ce13-47e1-a0fb-d704f31547db', 'ee16a667-2085-440a-b1e7-4032d10b9f40');
INSERT INTO CD_SET_MEM_ASSOC_TBL (CD_ID, SET_ID) VALUES ('cbe2a00c-e1d5-44e9-aae3-d7d03e3c2efa', '5285af4b-e060-41b7-99d9-fd8237e5aecf');
 INSERT INTO CD_SET_MEM_ASSOC_TBL (CD_ID, SET_ID) VALUES ('cbe2a00c-e1d5-44e9-aae3-d7d03e3c2efa', 'ee16a667-2085-440a-b1e7-4032d10b9f40');
INSERT INTO CD_SET_MEM_ASSOC_TBL (CD_ID, SET_ID) VALUES ('43ad7bc0-2ed8-4b27-97e5-b3db00a07d17', '5285af4b-e060-41b7-99d9-fd8237e5aecf');
 INSERT INTO CD_SET_MEM_ASSOC_TBL (CD_ID, SET_ID) VALUES ('43ad7bc0-2ed8-4b27-97e5-b3db00a07d17', 'ee16a667-2085-440a-b1e7-4032d10b9f40');
INSERT INTO CD_SET_MEM_ASSOC_TBL (CD_ID, SET_ID) VALUES ('66c96ae6-c5c4-4d66-9bd0-a00c56e831da', '5285af4b-e060-41b7-99d9-fd8237e5aecf');
 INSERT INTO CD_SET_MEM_ASSOC_TBL (CD_ID, SET_ID) VALUES ('66c96ae6-c5c4-4d66-9bd0-a00c56e831da', 'ee16a667-2085-440a-b1e7-4032d10b9f40');
INSERT INTO CD_SET_MEM_ASSOC_TBL (CD_ID, SET_ID) VALUES ('b43c9513-1c1c-4ed0-92db-55a904c122e6', '5285af4b-e060-41b7-99d9-fd8237e5aecf');
 INSERT INTO CD_SET_MEM_ASSOC_TBL (CD_ID, SET_ID) VALUES ('b43c9513-1c1c-4ed0-92db-55a904c122e6', 'ee16a667-2085-440a-b1e7-4032d10b9f40');
INSERT INTO CD_SET_MEM_ASSOC_TBL (CD_ID, SET_ID) VALUES ('1bcfb08d-c6fa-41dd-98bf-06336a33a3b7', '5285af4b-e060-41b7-99d9-fd8237e5aecf');
 INSERT INTO CD_SET_MEM_ASSOC_TBL (CD_ID, SET_ID) VALUES ('1bcfb08d-c6fa-41dd-98bf-06336a33a3b7', 'ee16a667-2085-440a-b1e7-4032d10b9f40');
INSERT INTO CD_SET_MEM_ASSOC_TBL (CD_ID, SET_ID) VALUES ('f5b10c57-3ae1-41ea-8649-1cf8d9848ae1', '5285af4b-e060-41b7-99d9-fd8237e5aecf');
 INSERT INTO CD_SET_MEM_ASSOC_TBL (CD_ID, SET_ID) VALUES ('f5b10c57-3ae1-41ea-8649-1cf8d9848ae1', 'ee16a667-2085-440a-b1e7-4032d10b9f40');
INSERT INTO CD_SET_MEM_ASSOC_TBL (CD_ID, SET_ID) VALUES ('0c522bd1-dfa2-43cb-a98e-f6ff137968ae', '5285af4b-e060-41b7-99d9-fd8237e5aecf');
 INSERT INTO CD_SET_MEM_ASSOC_TBL (CD_ID, SET_ID) VALUES ('0c522bd1-dfa2-43cb-a98e-f6ff137968ae', 'ee16a667-2085-440a-b1e7-4032d10b9f40');
INSERT INTO CD_SET_MEM_ASSOC_TBL (CD_ID, SET_ID) VALUES ('d7ad48c0-889d-41e2-99e9-be5e6c5327b2', '5285af4b-e060-41b7-99d9-fd8237e5aecf');
 INSERT INTO CD_SET_MEM_ASSOC_TBL (CD_ID, SET_ID) VALUES ('d7ad48c0-889d-41e2-99e9-be5e6c5327b2', 'ee16a667-2085-440a-b1e7-4032d10b9f40');
INSERT INTO CD_SET_MEM_ASSOC_TBL (CD_ID, SET_ID) VALUES ('ef597ffe-d965-4398-b55a-650530ebb997', '5285af4b-e060-41b7-99d9-fd8237e5aecf');
 INSERT INTO CD_SET_MEM_ASSOC_TBL (CD_ID, SET_ID) VALUES ('ef597ffe-d965-4398-b55a-650530ebb997', 'ee16a667-2085-440a-b1e7-4032d10b9f40');
INSERT INTO CD_SET_MEM_ASSOC_TBL (CD_ID, SET_ID) VALUES ('b9fe057e-7f57-42eb-89d7-67c69646c0c4', '5285af4b-e060-41b7-99d9-fd8237e5aecf');
 INSERT INTO CD_SET_MEM_ASSOC_TBL (CD_ID, SET_ID) VALUES ('b9fe057e-7f57-42eb-89d7-67c69646c0c4', 'ee16a667-2085-440a-b1e7-4032d10b9f40');
INSERT INTO CD_SET_MEM_ASSOC_TBL (CD_ID, SET_ID) VALUES ('f1ef6c46-05eb-4482-baeb-eaf0a8e5ffef', '5285af4b-e060-41b7-99d9-fd8237e5aecf');
 INSERT INTO CD_SET_MEM_ASSOC_TBL (CD_ID, SET_ID) VALUES ('f1ef6c46-05eb-4482-baeb-eaf0a8e5ffef', 'ee16a667-2085-440a-b1e7-4032d10b9f40');
INSERT INTO CD_SET_MEM_ASSOC_TBL (CD_ID, SET_ID) VALUES ('6b04fed8-c164-469c-910b-f824c2bda4f0', '5285af4b-e060-41b7-99d9-fd8237e5aecf');
 INSERT INTO CD_SET_MEM_ASSOC_TBL (CD_ID, SET_ID) VALUES ('6b04fed8-c164-469c-910b-f824c2bda4f0', 'ee16a667-2085-440a-b1e7-4032d10b9f40');
INSERT INTO CD_SET_MEM_ASSOC_TBL (CD_ID, SET_ID) VALUES ('bacd9c6f-3fa9-481e-9636-37457962804d', '5285af4b-e060-41b7-99d9-fd8237e5aecf');
 INSERT INTO CD_SET_MEM_ASSOC_TBL (CD_ID, SET_ID) VALUES ('bacd9c6f-3fa9-481e-9636-37457962804d', 'ee16a667-2085-440a-b1e7-4032d10b9f40');
INSERT INTO CD_SET_MEM_ASSOC_TBL (CD_ID, SET_ID) VALUES ('734551e1-2960-4a68-93a2-b277db072a43', '5285af4b-e060-41b7-99d9-fd8237e5aecf');
 INSERT INTO CD_SET_MEM_ASSOC_TBL (CD_ID, SET_ID) VALUES ('734551e1-2960-4a68-93a2-b277db072a43', 'ee16a667-2085-440a-b1e7-4032d10b9f40');
INSERT INTO CD_SET_MEM_ASSOC_TBL (CD_ID, SET_ID) VALUES ('07c922d2-12c9-415a-95d4-9b3fed4959d6', '5285af4b-e060-41b7-99d9-fd8237e5aecf');
 INSERT INTO CD_SET_MEM_ASSOC_TBL (CD_ID, SET_ID) VALUES ('07c922d2-12c9-415a-95d4-9b3fed4959d6', 'ee16a667-2085-440a-b1e7-4032d10b9f40');
INSERT INTO CD_SET_MEM_ASSOC_TBL (CD_ID, SET_ID) VALUES ('cec017ef-4e49-41af-8596-abad1a91c9d0', '5285af4b-e060-41b7-99d9-fd8237e5aecf');
 INSERT INTO CD_SET_MEM_ASSOC_TBL (CD_ID, SET_ID) VALUES ('cec017ef-4e49-41af-8596-abad1a91c9d0', 'ee16a667-2085-440a-b1e7-4032d10b9f40');
INSERT INTO CD_SET_MEM_ASSOC_TBL (CD_ID, SET_ID) VALUES ('6521dd09-334b-4fbf-9c89-1ad5a804326c', '5285af4b-e060-41b7-99d9-fd8237e5aecf');
 INSERT INTO CD_SET_MEM_ASSOC_TBL (CD_ID, SET_ID) VALUES ('6521dd09-334b-4fbf-9c89-1ad5a804326c', 'ee16a667-2085-440a-b1e7-4032d10b9f40');
INSERT INTO CD_SET_MEM_ASSOC_TBL (CD_ID, SET_ID) VALUES ('8ff9d9a5-a206-4566-82cd-67b770d7ce8a', '5285af4b-e060-41b7-99d9-fd8237e5aecf');
 INSERT INTO CD_SET_MEM_ASSOC_TBL (CD_ID, SET_ID) VALUES ('8ff9d9a5-a206-4566-82cd-67b770d7ce8a', 'ee16a667-2085-440a-b1e7-4032d10b9f40');
INSERT INTO CD_SET_MEM_ASSOC_TBL (CD_ID, SET_ID) VALUES ('0c157566-d1e9-4976-8542-473caa9ba2a4', '5285af4b-e060-41b7-99d9-fd8237e5aecf');
 INSERT INTO CD_SET_MEM_ASSOC_TBL (CD_ID, SET_ID) VALUES ('0c157566-d1e9-4976-8542-473caa9ba2a4', 'ee16a667-2085-440a-b1e7-4032d10b9f40');
INSERT INTO CD_SET_MEM_ASSOC_TBL (CD_ID, SET_ID) VALUES ('a8fcd83f-808b-494b-8a1c-ec2c6dbc3dfa', '5285af4b-e060-41b7-99d9-fd8237e5aecf');
 INSERT INTO CD_SET_MEM_ASSOC_TBL (CD_ID, SET_ID) VALUES ('a8fcd83f-808b-494b-8a1c-ec2c6dbc3dfa', 'ee16a667-2085-440a-b1e7-4032d10b9f40');
INSERT INTO CD_SET_MEM_ASSOC_TBL (CD_ID, SET_ID) VALUES ('ddc1b705-c768-4c7a-8f69-76ad4b167b40', '5285af4b-e060-41b7-99d9-fd8237e5aecf');
 INSERT INTO CD_SET_MEM_ASSOC_TBL (CD_ID, SET_ID) VALUES ('ddc1b705-c768-4c7a-8f69-76ad4b167b40', 'ee16a667-2085-440a-b1e7-4032d10b9f40');
INSERT INTO CD_SET_MEM_ASSOC_TBL (CD_ID, SET_ID) VALUES ('b52c7e95-88b8-4c4c-836a-934277afdb92', '5285af4b-e060-41b7-99d9-fd8237e5aecf');
 INSERT INTO CD_SET_MEM_ASSOC_TBL (CD_ID, SET_ID) VALUES ('b52c7e95-88b8-4c4c-836a-934277afdb92', 'ee16a667-2085-440a-b1e7-4032d10b9f40');
INSERT INTO CD_SET_MEM_ASSOC_TBL (CD_ID, SET_ID) VALUES ('f3ef7e48-d8b7-4030-b431-aff7e0e1cb76', '5285af4b-e060-41b7-99d9-fd8237e5aecf');
 INSERT INTO CD_SET_MEM_ASSOC_TBL (CD_ID, SET_ID) VALUES ('f3ef7e48-d8b7-4030-b431-aff7e0e1cb76', 'ee16a667-2085-440a-b1e7-4032d10b9f40');
INSERT INTO CD_SET_MEM_ASSOC_TBL (CD_ID, SET_ID) VALUES ('31b0dfcb-d7ba-452a-98b9-45ebccd30732', '5285af4b-e060-41b7-99d9-fd8237e5aecf');
 INSERT INTO CD_SET_MEM_ASSOC_TBL (CD_ID, SET_ID) VALUES ('31b0dfcb-d7ba-452a-98b9-45ebccd30732', 'ee16a667-2085-440a-b1e7-4032d10b9f40');
INSERT INTO CD_SET_MEM_ASSOC_TBL (CD_ID, SET_ID) VALUES ('9bbe0cfe-faab-4dc9-a28f-c001e3e95e6e', '5285af4b-e060-41b7-99d9-fd8237e5aecf');
 INSERT INTO CD_SET_MEM_ASSOC_TBL (CD_ID, SET_ID) VALUES ('9bbe0cfe-faab-4dc9-a28f-c001e3e95e6e', 'ee16a667-2085-440a-b1e7-4032d10b9f40');
INSERT INTO CD_SET_MEM_ASSOC_TBL (CD_ID, SET_ID) VALUES ('f5547ada-1eb9-40bb-b163-081567d869e7', '5285af4b-e060-41b7-99d9-fd8237e5aecf');
 INSERT INTO CD_SET_MEM_ASSOC_TBL (CD_ID, SET_ID) VALUES ('f5547ada-1eb9-40bb-b163-081567d869e7', 'ee16a667-2085-440a-b1e7-4032d10b9f40');
INSERT INTO CD_SET_MEM_ASSOC_TBL (CD_ID, SET_ID) VALUES ('703df8f4-b124-44c5-9506-1ab74ddfd91d', '5285af4b-e060-41b7-99d9-fd8237e5aecf');
 INSERT INTO CD_SET_MEM_ASSOC_TBL (CD_ID, SET_ID) VALUES ('703df8f4-b124-44c5-9506-1ab74ddfd91d', 'ee16a667-2085-440a-b1e7-4032d10b9f40');
INSERT INTO CD_SET_MEM_ASSOC_TBL (CD_ID, SET_ID) VALUES ('ab39087c-17d3-421a-a1e3-2de4e0ab9faf', '5285af4b-e060-41b7-99d9-fd8237e5aecf');
 INSERT INTO CD_SET_MEM_ASSOC_TBL (CD_ID, SET_ID) VALUES ('ab39087c-17d3-421a-a1e3-2de4e0ab9faf', 'ee16a667-2085-440a-b1e7-4032d10b9f40');
INSERT INTO CD_SET_MEM_ASSOC_TBL (CD_ID, SET_ID) VALUES ('9c02a621-8565-46b4-94ff-a2bd210989b1', '5285af4b-e060-41b7-99d9-fd8237e5aecf');
 INSERT INTO CD_SET_MEM_ASSOC_TBL (CD_ID, SET_ID) VALUES ('9c02a621-8565-46b4-94ff-a2bd210989b1', 'ee16a667-2085-440a-b1e7-4032d10b9f40');
INSERT INTO CD_SET_MEM_ASSOC_TBL (CD_ID, SET_ID) VALUES ('5b0f8c93-57c9-4dff-b59a-9564739ef445', '5285af4b-e060-41b7-99d9-fd8237e5aecf');
 INSERT INTO CD_SET_MEM_ASSOC_TBL (CD_ID, SET_ID) VALUES ('5b0f8c93-57c9-4dff-b59a-9564739ef445', 'ee16a667-2085-440a-b1e7-4032d10b9f40');
INSERT INTO CD_SET_MEM_ASSOC_TBL (CD_ID, SET_ID) VALUES ('c5c8b935-294f-4c90-9d81-cbf914bf5808', '5285af4b-e060-41b7-99d9-fd8237e5aecf');
 INSERT INTO CD_SET_MEM_ASSOC_TBL (CD_ID, SET_ID) VALUES ('c5c8b935-294f-4c90-9d81-cbf914bf5808', 'ee16a667-2085-440a-b1e7-4032d10b9f40');
INSERT INTO CD_SET_MEM_ASSOC_TBL (CD_ID, SET_ID) VALUES ('6780df3b-afbd-44a3-8627-cbb3dc2f02f6', '5285af4b-e060-41b7-99d9-fd8237e5aecf');
 INSERT INTO CD_SET_MEM_ASSOC_TBL (CD_ID, SET_ID) VALUES ('6780df3b-afbd-44a3-8627-cbb3dc2f02f6', 'ee16a667-2085-440a-b1e7-4032d10b9f40');
INSERT INTO CD_SET_MEM_ASSOC_TBL (CD_ID, SET_ID) VALUES ('d6657fdb-4ef3-4131-af79-14e01a21faca', '5285af4b-e060-41b7-99d9-fd8237e5aecf');
 INSERT INTO CD_SET_MEM_ASSOC_TBL (CD_ID, SET_ID) VALUES ('d6657fdb-4ef3-4131-af79-14e01a21faca', 'ee16a667-2085-440a-b1e7-4032d10b9f40');
INSERT INTO CD_SET_MEM_ASSOC_TBL (CD_ID, SET_ID) VALUES ('77b6d8cd-05a0-4b1f-9e14-b895203bf40c', '5285af4b-e060-41b7-99d9-fd8237e5aecf');
 INSERT INTO CD_SET_MEM_ASSOC_TBL (CD_ID, SET_ID) VALUES ('77b6d8cd-05a0-4b1f-9e14-b895203bf40c', 'ee16a667-2085-440a-b1e7-4032d10b9f40');
INSERT INTO CD_SET_MEM_ASSOC_TBL (CD_ID, SET_ID) VALUES ('117da15c-0864-4f00-a987-9b9854cba44e', '5285af4b-e060-41b7-99d9-fd8237e5aecf');
 INSERT INTO CD_SET_MEM_ASSOC_TBL (CD_ID, SET_ID) VALUES ('117da15c-0864-4f00-a987-9b9854cba44e', 'ee16a667-2085-440a-b1e7-4032d10b9f40');
INSERT INTO CD_SET_MEM_ASSOC_TBL (CD_ID, SET_ID) VALUES ('abfd3fe8-9526-48fb-b366-35baca9bd170', '5285af4b-e060-41b7-99d9-fd8237e5aecf');
 INSERT INTO CD_SET_MEM_ASSOC_TBL (CD_ID, SET_ID) VALUES ('abfd3fe8-9526-48fb-b366-35baca9bd170', 'ee16a667-2085-440a-b1e7-4032d10b9f40');
INSERT INTO CD_SET_MEM_ASSOC_TBL (CD_ID, SET_ID) VALUES ('20e98d17-e24d-4c64-b09e-521a177ccd05', '5285af4b-e060-41b7-99d9-fd8237e5aecf');
 INSERT INTO CD_SET_MEM_ASSOC_TBL (CD_ID, SET_ID) VALUES ('20e98d17-e24d-4c64-b09e-521a177ccd05', 'ee16a667-2085-440a-b1e7-4032d10b9f40');
INSERT INTO CD_SET_MEM_ASSOC_TBL (CD_ID, SET_ID) VALUES ('ff34dfa7-c6d3-4f8b-bc9f-14bcdc13ba6c', '5285af4b-e060-41b7-99d9-fd8237e5aecf');
 INSERT INTO CD_SET_MEM_ASSOC_TBL (CD_ID, SET_ID) VALUES ('ff34dfa7-c6d3-4f8b-bc9f-14bcdc13ba6c', 'ee16a667-2085-440a-b1e7-4032d10b9f40');
INSERT INTO CD_SET_MEM_ASSOC_TBL (CD_ID, SET_ID) VALUES ('455f1772-f580-47e8-86bd-b5ce25d351f9', '5285af4b-e060-41b7-99d9-fd8237e5aecf');
 INSERT INTO CD_SET_MEM_ASSOC_TBL (CD_ID, SET_ID) VALUES ('455f1772-f580-47e8-86bd-b5ce25d351f9', 'ee16a667-2085-440a-b1e7-4032d10b9f40');
INSERT INTO CD_SET_MEM_ASSOC_TBL (CD_ID, SET_ID) VALUES ('41baf7aa-5ffd-4421-831f-42d4ab3de38a', '5285af4b-e060-41b7-99d9-fd8237e5aecf');
 INSERT INTO CD_SET_MEM_ASSOC_TBL (CD_ID, SET_ID) VALUES ('41baf7aa-5ffd-4421-831f-42d4ab3de38a', 'ee16a667-2085-440a-b1e7-4032d10b9f40');
INSERT INTO CD_SET_MEM_ASSOC_TBL (CD_ID, SET_ID) VALUES ('c6b92576-1d62-4896-8799-6f931f8ab607', '5285af4b-e060-41b7-99d9-fd8237e5aecf');
 INSERT INTO CD_SET_MEM_ASSOC_TBL (CD_ID, SET_ID) VALUES ('c6b92576-1d62-4896-8799-6f931f8ab607', 'ee16a667-2085-440a-b1e7-4032d10b9f40');
INSERT INTO CD_SET_MEM_ASSOC_TBL (CD_ID, SET_ID) VALUES ('08fff7d9-bac7-417b-b026-c9bee52f4a37', '5285af4b-e060-41b7-99d9-fd8237e5aecf');
 INSERT INTO CD_SET_MEM_ASSOC_TBL (CD_ID, SET_ID) VALUES ('08fff7d9-bac7-417b-b026-c9bee52f4a37', 'ee16a667-2085-440a-b1e7-4032d10b9f40');
INSERT INTO CD_SET_MEM_ASSOC_TBL (CD_ID, SET_ID) VALUES ('639b4b8f-afd3-4963-9e79-ef0d3928796a', '5285af4b-e060-41b7-99d9-fd8237e5aecf');
 INSERT INTO CD_SET_MEM_ASSOC_TBL (CD_ID, SET_ID) VALUES ('639b4b8f-afd3-4963-9e79-ef0d3928796a', 'ee16a667-2085-440a-b1e7-4032d10b9f40');
INSERT INTO CD_SET_MEM_ASSOC_TBL (CD_ID, SET_ID) VALUES ('845120de-e6f7-4cec-94aa-e6e943c91367', '5285af4b-e060-41b7-99d9-fd8237e5aecf');
 INSERT INTO CD_SET_MEM_ASSOC_TBL (CD_ID, SET_ID) VALUES ('845120de-e6f7-4cec-94aa-e6e943c91367', 'ee16a667-2085-440a-b1e7-4032d10b9f40');
INSERT INTO CD_SET_MEM_ASSOC_TBL (CD_ID, SET_ID) VALUES ('b2feb552-8eaf-45fe-a397-f789d6f4728a', '5285af4b-e060-41b7-99d9-fd8237e5aecf');
 INSERT INTO CD_SET_MEM_ASSOC_TBL (CD_ID, SET_ID) VALUES ('b2feb552-8eaf-45fe-a397-f789d6f4728a', 'ee16a667-2085-440a-b1e7-4032d10b9f40');
INSERT INTO CD_SET_MEM_ASSOC_TBL (CD_ID, SET_ID) VALUES ('212b1b6b-b074-4a75-862d-e4e194252044', '5285af4b-e060-41b7-99d9-fd8237e5aecf');
 INSERT INTO CD_SET_MEM_ASSOC_TBL (CD_ID, SET_ID) VALUES ('212b1b6b-b074-4a75-862d-e4e194252044', 'ee16a667-2085-440a-b1e7-4032d10b9f40');
INSERT INTO CD_SET_MEM_ASSOC_TBL (CD_ID, SET_ID) VALUES ('bce17b21-05b2-4f02-bf7a-c6d3561aa948', '5285af4b-e060-41b7-99d9-fd8237e5aecf');
 INSERT INTO CD_SET_MEM_ASSOC_TBL (CD_ID, SET_ID) VALUES ('bce17b21-05b2-4f02-bf7a-c6d3561aa948', 'ee16a667-2085-440a-b1e7-4032d10b9f40');
INSERT INTO CD_SET_MEM_ASSOC_TBL (CD_ID, SET_ID) VALUES ('cff670e4-965e-4288-b966-47a44479d2ad', '5285af4b-e060-41b7-99d9-fd8237e5aecf');
 INSERT INTO CD_SET_MEM_ASSOC_TBL (CD_ID, SET_ID) VALUES ('cff670e4-965e-4288-b966-47a44479d2ad', 'ee16a667-2085-440a-b1e7-4032d10b9f40');
INSERT INTO CD_SET_MEM_ASSOC_TBL (CD_ID, SET_ID) VALUES ('020c28a0-7c52-42f4-a046-db9e329d5a42', '5285af4b-e060-41b7-99d9-fd8237e5aecf');
 INSERT INTO CD_SET_MEM_ASSOC_TBL (CD_ID, SET_ID) VALUES ('020c28a0-7c52-42f4-a046-db9e329d5a42', 'ee16a667-2085-440a-b1e7-4032d10b9f40');
INSERT INTO CD_SET_MEM_ASSOC_TBL (CD_ID, SET_ID) VALUES ('ca44a469-81d7-4484-9189-ca1d55afecbc', '62c5fde0-a3aa-45df-94e9-242f4451644a');
INSERT INTO CD_SET_MEM_ASSOC_TBL (CD_ID, SET_ID) VALUES ('d874424e-c692-4fd8-b94e-642e1cbf83e9', '62c5fde0-a3aa-45df-94e9-242f4451644a');
INSERT INTO CD_SET_MEM_ASSOC_TBL (CD_ID, SET_ID) VALUES ('03eb7808-0851-49e2-b773-663b0ac2bd38', '62c5fde0-a3aa-45df-94e9-242f4451644a');
INSERT INTO CD_SET_MEM_ASSOC_TBL (CD_ID, SET_ID) VALUES ('1571297b-86ed-4002-8b40-13403cba68ab', '62c5fde0-a3aa-45df-94e9-242f4451644a');
INSERT INTO CD_SET_MEM_ASSOC_TBL (CD_ID, SET_ID) VALUES ('192f1768-d39e-409d-87be-5afd0ee0d1fe', '62c5fde0-a3aa-45df-94e9-242f4451644a');
INSERT INTO CD_SET_MEM_ASSOC_TBL (CD_ID, SET_ID) VALUES ('06af93c0-08fc-4df4-b084-190d680331e0', '62c5fde0-a3aa-45df-94e9-242f4451644a');
INSERT INTO CD_SET_MEM_ASSOC_TBL (CD_ID, SET_ID) VALUES ('6be8d358-f591-4a3a-9a57-1889b0147c7e', '62c5fde0-a3aa-45df-94e9-242f4451644a');
INSERT INTO CD_SET_MEM_ASSOC_TBL (CD_ID, SET_ID) VALUES ('7eae32b1-27ae-4e78-909b-9f7d07e1c446', '62c5fde0-a3aa-45df-94e9-242f4451644a');
INSERT INTO CD_SET_MEM_ASSOC_TBL (CD_ID, SET_ID) VALUES ('61677f76-dc05-466d-91de-47efc8e7a3e6', '62c5fde0-a3aa-45df-94e9-242f4451644a');
INSERT INTO CD_SET_MEM_ASSOC_TBL (CD_ID, SET_ID) VALUES ('676de278-64aa-44f2-9b69-60d61fc1f5f5', '62c5fde0-a3aa-45df-94e9-242f4451644a');
INSERT INTO CD_SET_MEM_ASSOC_TBL (CD_ID, SET_ID) VALUES ('d38091b5-9065-4721-8a1f-bfbb3b4bf447', '62c5fde0-a3aa-45df-94e9-242f4451644a');
INSERT INTO CD_SET_MEM_ASSOC_TBL (CD_ID, SET_ID) VALUES ('3b14a426-6337-4f2a-b83b-e6be7dbcd5a5', 'e6a8e44f-0a57-4ebd-80a9-5c53b7a03d76');
INSERT INTO CD_SET_MEM_ASSOC_TBL (CD_ID, SET_ID) VALUES ('13925967-e748-4dd6-b562-1e1da3ddfb06', 'e6a8e44f-0a57-4ebd-80a9-5c53b7a03d76');
INSERT INTO CD_SET_MEM_ASSOC_TBL (CD_ID, SET_ID) VALUES ('099bcc5e-8e2f-4d50-b509-9f9d5bbeb58e', 'e6a8e44f-0a57-4ebd-80a9-5c53b7a03d76');
INSERT INTO CD_SET_MEM_ASSOC_TBL (CD_ID, SET_ID) VALUES ('acf7baf2-221f-4bc2-8116-ceb5165be079', 'e6a8e44f-0a57-4ebd-80a9-5c53b7a03d76');
INSERT INTO CD_SET_MEM_ASSOC_TBL (CD_ID, SET_ID) VALUES ('dc3df205-18ef-4854-ac00-68c295c9c744', 'cf686a21-86e5-41e7-af07-0016a054227a');
INSERT INTO CD_SET_MEM_ASSOC_TBL (CD_ID, SET_ID) VALUES ('d1578637-e1cb-415e-b319-4011da033813', 'cf686a21-86e5-41e7-af07-0016a054227a');
INSERT INTO CD_SET_MEM_ASSOC_TBL (CD_ID, SET_ID) VALUES ('db2ae02a-ff12-4c1b-9c5b-ecdd41af8583', 'cf686a21-86e5-41e7-af07-0016a054227a');
INSERT INTO CD_SET_MEM_ASSOC_TBL (CD_ID, SET_ID) VALUES ('81b6a0f8-b86a-495f-9d5d-8a4073fdd882', 'cf686a21-86e5-41e7-af07-0016a054227a');
INSERT INTO CD_SET_MEM_ASSOC_TBL (CD_ID, SET_ID) VALUES ('57d81685-e399-4abd-8744-96454188a9fa', 'cf686a21-86e5-41e7-af07-0016a054227a');
INSERT INTO CD_SET_MEM_ASSOC_TBL (CD_ID, SET_ID) VALUES ('8dbeac94-cccb-4412-a990-09bab26dd048', 'cf686a21-86e5-41e7-af07-0016a054227a');
INSERT INTO CD_SET_MEM_ASSOC_TBL (CD_ID, SET_ID) VALUES ('22918d17-d3dc-4135-a003-4c1c52e57e75', 'cf686a21-86e5-41e7-af07-0016a054227a');
INSERT INTO CD_SET_MEM_ASSOC_TBL (CD_ID, SET_ID) VALUES ('8fce259a-b859-4ae3-8160-0221f6ab1650', 'cf686a21-86e5-41e7-af07-0016a054227a');
INSERT INTO CD_SET_MEM_ASSOC_TBL (CD_ID, SET_ID) VALUES ('55da61a2-7b86-47f3-9b0b-ba47dc99c950', 'cf686a21-86e5-41e7-af07-0016a054227a');
INSERT INTO CD_SET_MEM_ASSOC_TBL (CD_ID, SET_ID) VALUES ('c66d7ca9-c6c2-46b1-9276-ad76baf04b07', 'cf686a21-86e5-41e7-af07-0016a054227a');
INSERT INTO CD_SET_MEM_ASSOC_TBL (CD_ID, SET_ID) VALUES ('3209e3f1-2258-4b63-8182-2c888da66cf0', 'cf686a21-86e5-41e7-af07-0016a054227a');
INSERT INTO CD_SET_MEM_ASSOC_TBL (CD_ID, SET_ID) VALUES ('9871c3bc-b57a-479d-a031-7b56cb06fa84', 'cf686a21-86e5-41e7-af07-0016a054227a');
INSERT INTO CD_SET_MEM_ASSOC_TBL (CD_ID, SET_ID) VALUES ('ffc6e905-161d-4c0b-8cde-a04e9e9d0cd5', 'cf686a21-86e5-41e7-af07-0016a054227a');
INSERT INTO CD_SET_MEM_ASSOC_TBL (CD_ID, SET_ID) VALUES ('ebf9ac10-b5c9-407a-91a4-360bfb7e0fb9', 'cf686a21-86e5-41e7-af07-0016a054227a');
INSERT INTO CD_SET_MEM_ASSOC_TBL (CD_ID, SET_ID) VALUES ('c46eee70-5612-473f-8d24-595ea15c9c39', 'e6a8e44f-0a57-4ebd-80a9-5c53b7a03d76');
INSERT INTO CD_SET_MEM_ASSOC_TBL (CD_ID, SET_ID) VALUES ('0395f357-6821-4562-8192-49ac3c94f548', 'e6a8e44f-0a57-4ebd-80a9-5c53b7a03d76');
INSERT INTO CD_SET_MEM_ASSOC_TBL (CD_ID, SET_ID) VALUES ('c46eee70-5612-473f-8d24-595ea15c9c39', 'bc774faf-3893-44e9-b68d-5029077d5120');
INSERT INTO CD_SET_MEM_ASSOC_TBL (CD_ID, SET_ID) VALUES ('0395f357-6821-4562-8192-49ac3c94f548', 'bc774faf-3893-44e9-b68d-5029077d5120');
INSERT INTO CD_SET_MEM_ASSOC_TBL (CD_ID, SET_ID) VALUES ('ec74541f-87c4-4327-a4b9-97f325501747', 'bc774faf-3893-44e9-b68d-5029077d5120');
INSERT INTO CD_SET_MEM_ASSOC_TBL (CD_ID, SET_ID) VALUES ('099bcc5e-8e2f-4d50-b509-9f9d5bbeb58e', 'bc774faf-3893-44e9-b68d-5029077d5120');
INSERT INTO CD_SET_MEM_ASSOC_TBL (CD_ID, SET_ID) VALUES ('acf7baf2-221f-4bc2-8116-ceb5165be079', 'bc774faf-3893-44e9-b68d-5029077d5120');
INSERT INTO CD_SET_MEM_ASSOC_TBL (CD_ID, SET_ID) VALUES ('3b14a426-6337-4f2a-b83b-e6be7dbcd5a5', 'bc774faf-3893-44e9-b68d-5029077d5120');
INSERT INTO CD_SET_MEM_ASSOC_TBL (CD_ID, SET_ID) VALUES ('12ff7ad6-0acd-4bba-a624-c7a03d3f8a6b', '592431f5-bbbd-44d6-9c63-5a80a410c738');
INSERT INTO CD_SET_MEM_ASSOC_TBL (CD_ID, SET_ID) VALUES ('e5136fdf-ce72-4757-a1cc-24e1cc98f034', '592431f5-bbbd-44d6-9c63-5a80a410c738');
INSERT INTO CD_SET_MEM_ASSOC_TBL (CD_ID, SET_ID) VALUES ('baa88534-dc79-4942-90cd-e047ba24f34f', '592431f5-bbbd-44d6-9c63-5a80a410c738');
INSERT INTO CD_SET_MEM_ASSOC_TBL (CD_ID, SET_ID) VALUES ('4a287bfc-72ca-46b6-9d34-380eeae9369a', '3ec943d0-10be-415b-bc3a-dfa459738707');
INSERT INTO CD_SET_MEM_ASSOC_TBL (CD_ID, SET_ID) VALUES ('71751e65-cc30-4080-85de-5c19d5201772', '3ec943d0-10be-415b-bc3a-dfa459738707');
INSERT INTO CD_SET_MEM_ASSOC_TBL (CD_ID, SET_ID) VALUES ('7fd001e8-5451-4a48-b5b6-da5928dce03f', '3ec943d0-10be-415b-bc3a-dfa459738707');
INSERT INTO CD_SET_MEM_ASSOC_TBL (CD_ID, SET_ID) VALUES ('8be192e3-971a-4c3c-b795-554b0b5ad672', '3ec943d0-10be-415b-bc3a-dfa459738707');
INSERT INTO CD_SET_MEM_ASSOC_TBL (CD_ID, SET_ID) VALUES ('59e13f51-0cca-433e-8a45-8ec24b332ece', '3ec943d0-10be-415b-bc3a-dfa459738707');
INSERT INTO CD_SET_MEM_ASSOC_TBL (CD_ID, SET_ID) VALUES ('2be66881-87e1-4173-b950-5534334ee08b', '3ec943d0-10be-415b-bc3a-dfa459738707');
INSERT INTO CD_SET_MEM_ASSOC_TBL (CD_ID, SET_ID) VALUES ('04c76563-0e0b-49c4-9664-6eb3cbd771d1', '3ec943d0-10be-415b-bc3a-dfa459738707');
INSERT INTO CD_SET_MEM_ASSOC_TBL (CD_ID, SET_ID) VALUES ('bd98bfb8-c621-48ec-919e-65a65e334d37', '3ec943d0-10be-415b-bc3a-dfa459738707');
INSERT INTO CD_SET_MEM_ASSOC_TBL (CD_ID, SET_ID) VALUES ('2d0d7c33-c3a0-497a-92d8-d27095f1e2e7', '3ec943d0-10be-415b-bc3a-dfa459738707');
INSERT INTO CD_SET_MEM_ASSOC_TBL (CD_ID, SET_ID) VALUES ('3fe3c67e-eb5a-4540-bdcd-5ae2a5ffbbef', '3ec943d0-10be-415b-bc3a-dfa459738707');
INSERT INTO CD_SET_MEM_ASSOC_TBL (CD_ID, SET_ID) VALUES ('a5e71f54-ce6c-48f4-8da5-f8c61b04b7cf', '3ec943d0-10be-415b-bc3a-dfa459738707');
INSERT INTO CD_SET_MEM_ASSOC_TBL (CD_ID, SET_ID) VALUES ('0413798d-4017-487a-9a8f-ddf40a21f48c', '3ec943d0-10be-415b-bc3a-dfa459738707');
INSERT INTO CD_SET_MEM_ASSOC_TBL (CD_ID, SET_ID) VALUES ('231c88d8-2989-48f9-8ad7-df27adce9948', '3ec943d0-10be-415b-bc3a-dfa459738707');
INSERT INTO CD_SET_MEM_ASSOC_TBL (CD_ID, SET_ID) VALUES ('c8581ff7-7699-4788-84dd-d6b28edfa919', '3ec943d0-10be-415b-bc3a-dfa459738707');
INSERT INTO CD_SET_MEM_ASSOC_TBL (CD_ID, SET_ID) VALUES ('0c1af2f0-6162-4758-b532-ecece14d5a24', '3ec943d0-10be-415b-bc3a-dfa459738707');
INSERT INTO CD_SET_MEM_ASSOC_TBL (CD_ID, SET_ID) VALUES ('b83c798b-1b67-47d8-9353-7a8687967a63', '3ec943d0-10be-415b-bc3a-dfa459738707');
INSERT INTO CD_SET_MEM_ASSOC_TBL (CD_ID, SET_ID) VALUES ('a8d497c5-c68c-4bdd-b833-1202735ba0ac', '3ec943d0-10be-415b-bc3a-dfa459738707');
INSERT INTO CD_SET_MEM_ASSOC_TBL (CD_ID, SET_ID) VALUES ('52aa67c9-4589-4d43-99fc-0e3da3b116e9', '3ec943d0-10be-415b-bc3a-dfa459738707');
INSERT INTO CD_SET_MEM_ASSOC_TBL (CD_ID, SET_ID) VALUES ('b2f4bc37-b7f5-4836-86f5-500d72a552d0', '3ec943d0-10be-415b-bc3a-dfa459738707');
INSERT INTO CD_SET_MEM_ASSOC_TBL (CD_ID, SET_ID) VALUES ('8f46d9b3-1a30-4092-b3ed-c1bc0c4189b7', '3ec943d0-10be-415b-bc3a-dfa459738707');
INSERT INTO CD_SET_MEM_ASSOC_TBL (CD_ID, SET_ID) VALUES ('50a89363-3f59-4271-85fd-f79e8ac11f41', '3ec943d0-10be-415b-bc3a-dfa459738707');
INSERT INTO CD_SET_MEM_ASSOC_TBL (CD_ID, SET_ID) VALUES ('dd5a11f6-91f8-44d2-aef1-7ad8f5b690a2', '3ec943d0-10be-415b-bc3a-dfa459738707');
INSERT INTO CD_SET_MEM_ASSOC_TBL (CD_ID, SET_ID) VALUES ('5dc02c7b-88d9-4167-a0c7-3ebbe67ec625', '3ec943d0-10be-415b-bc3a-dfa459738707');
INSERT INTO CD_SET_MEM_ASSOC_TBL (CD_ID, SET_ID) VALUES ('01afa2d5-ef17-4f41-83d4-b166308e998f', '3ec943d0-10be-415b-bc3a-dfa459738707');
INSERT INTO CD_SET_MEM_ASSOC_TBL (CD_ID, SET_ID) VALUES ('401b25e9-6096-4fe0-8fea-d7eb40e37592', '3ec943d0-10be-415b-bc3a-dfa459738707');
INSERT INTO CD_SET_MEM_ASSOC_TBL (CD_ID, SET_ID) VALUES ('ea397b83-59af-4d7a-93f8-71e615072aae', '3ec943d0-10be-415b-bc3a-dfa459738707');
INSERT INTO CD_SET_MEM_ASSOC_TBL (CD_ID, SET_ID) VALUES ('be912792-f637-4373-a48d-6c9f838191e2', '3ec943d0-10be-415b-bc3a-dfa459738707');
INSERT INTO CD_SET_MEM_ASSOC_TBL (CD_ID, SET_ID) VALUES ('ec8a162b-81f7-4388-b695-e998369c2425', '3ec943d0-10be-415b-bc3a-dfa459738707');
INSERT INTO CD_SET_MEM_ASSOC_TBL (CD_ID, SET_ID) VALUES ('69c13f8a-29e2-410b-b5ad-f616f7191b14', '3ec943d0-10be-415b-bc3a-dfa459738707');
INSERT INTO CD_SET_MEM_ASSOC_TBL (CD_ID, SET_ID) VALUES ('41ae57b4-5f5f-49e5-8c77-4ba7969ff469', '3ec943d0-10be-415b-bc3a-dfa459738707');
INSERT INTO CD_SET_MEM_ASSOC_TBL (CD_ID, SET_ID) VALUES ('70797990-396d-4542-90a2-7f5f1abf0ad1', '3ec943d0-10be-415b-bc3a-dfa459738707');
INSERT INTO CD_SET_MEM_ASSOC_TBL (CD_ID, SET_ID) VALUES ('3e0ea001-123e-49a4-b28c-939e5d5ea488', '3ec943d0-10be-415b-bc3a-dfa459738707');
INSERT INTO CD_SET_MEM_ASSOC_TBL (CD_ID, SET_ID) VALUES ('84223e9b-3217-404d-ad47-3ef9bde43dcb', '3ec943d0-10be-415b-bc3a-dfa459738707');
INSERT INTO CD_SET_MEM_ASSOC_TBL (CD_ID, SET_ID) VALUES ('efc391b0-4d74-46e4-91e6-c03f315555e2', '3ec943d0-10be-415b-bc3a-dfa459738707');
INSERT INTO CD_SET_MEM_ASSOC_TBL (CD_ID, SET_ID) VALUES ('2feab4d2-6bd5-4da8-9057-82ff9bf6a1bc', '3ec943d0-10be-415b-bc3a-dfa459738707');
INSERT INTO CD_SET_MEM_ASSOC_TBL (CD_ID, SET_ID) VALUES ('2fb4dfbc-64dd-4668-b2e5-0d5c743c9a9f', '3ec943d0-10be-415b-bc3a-dfa459738707');
INSERT INTO CD_SET_MEM_ASSOC_TBL (CD_ID, SET_ID) VALUES ('4e9dbe60-3e4e-4074-a432-0bb4e47eb62d', '3ec943d0-10be-415b-bc3a-dfa459738707');
INSERT INTO CD_SET_MEM_ASSOC_TBL (CD_ID, SET_ID) VALUES ('958a0b33-c3d7-47ef-9596-59eee434eb2d', '3ec943d0-10be-415b-bc3a-dfa459738707');
INSERT INTO CD_SET_MEM_ASSOC_TBL (CD_ID, SET_ID) VALUES ('17cd1669-5aaf-4960-bd23-988209eba352', '3ec943d0-10be-415b-bc3a-dfa459738707');
INSERT INTO CD_SET_MEM_ASSOC_TBL (CD_ID, SET_ID) VALUES ('e7bde797-deac-4c63-9f61-1ddbd38b98f3', '3ec943d0-10be-415b-bc3a-dfa459738707');
INSERT INTO CD_SET_MEM_ASSOC_TBL (CD_ID, SET_ID) VALUES ('1d570bba-8242-4fdb-bd63-c2e7601a64c6', '3ec943d0-10be-415b-bc3a-dfa459738707');
INSERT INTO CD_SET_MEM_ASSOC_TBL (CD_ID, SET_ID) VALUES ('091780d7-cd81-4c15-a082-fd969b5baf85', '3ec943d0-10be-415b-bc3a-dfa459738707');
INSERT INTO CD_SET_MEM_ASSOC_TBL (CD_ID, SET_ID) VALUES ('ff15da84-64e6-47be-95c2-3c5f4629913a', '3ec943d0-10be-415b-bc3a-dfa459738707');
INSERT INTO CD_SET_MEM_ASSOC_TBL (CD_ID, SET_ID) VALUES ('2beefd30-62af-40e4-83ec-127f3fb6834a', '3ec943d0-10be-415b-bc3a-dfa459738707');
INSERT INTO CD_SET_MEM_ASSOC_TBL (CD_ID, SET_ID) VALUES ('f292cfc1-e4d1-483f-b67b-b2367bb53451', '3ec943d0-10be-415b-bc3a-dfa459738707');
INSERT INTO CD_SET_MEM_ASSOC_TBL (CD_ID, SET_ID) VALUES ('0aac5109-30ae-4b49-a780-735cc77218ee', '3ec943d0-10be-415b-bc3a-dfa459738707');
INSERT INTO CD_SET_MEM_ASSOC_TBL (CD_ID, SET_ID) VALUES ('1969675c-017e-480f-b0a8-33a03d4b4068', '3ec943d0-10be-415b-bc3a-dfa459738707');
INSERT INTO CD_SET_MEM_ASSOC_TBL (CD_ID, SET_ID) VALUES ('2959b0d3-15a1-4672-9d07-4ece0497bdc5', '3ec943d0-10be-415b-bc3a-dfa459738707');
INSERT INTO CD_SET_MEM_ASSOC_TBL (CD_ID, SET_ID) VALUES ('5c04ef87-0ca3-4bd9-9b7f-4c2d41101535', '3ec943d0-10be-415b-bc3a-dfa459738707');
INSERT INTO CD_SET_MEM_ASSOC_TBL (CD_ID, SET_ID) VALUES ('c8d5ab21-0a0a-4e19-9209-d0b23e06c1b1', '3ec943d0-10be-415b-bc3a-dfa459738707');
INSERT INTO CD_SET_MEM_ASSOC_TBL (CD_ID, SET_ID) VALUES ('4d1f6130-c060-4f8c-8eb3-c1dba2b0db81', '3ec943d0-10be-415b-bc3a-dfa459738707');
INSERT INTO CD_SET_MEM_ASSOC_TBL (CD_ID, SET_ID) VALUES ('c3000962-275e-4ccc-9bc9-4dd9525bb9c7', '3ec943d0-10be-415b-bc3a-dfa459738707');
INSERT INTO CD_SET_MEM_ASSOC_TBL (CD_ID, SET_ID) VALUES ('fedc3216-fd31-498f-ae54-d95296a73636', '3ec943d0-10be-415b-bc3a-dfa459738707');
INSERT INTO CD_SET_MEM_ASSOC_TBL (CD_ID, SET_ID) VALUES ('2e34005b-7176-42be-81e1-67b63f68b4cd', '3ec943d0-10be-415b-bc3a-dfa459738707');
INSERT INTO CD_SET_MEM_ASSOC_TBL (CD_ID, SET_ID) VALUES ('0ef206eb-189a-4fd8-965c-6044ac8854b8', '3ec943d0-10be-415b-bc3a-dfa459738707');
INSERT INTO CD_SET_MEM_ASSOC_TBL (CD_ID, SET_ID) VALUES ('ebd2fa4c-a441-4429-aac6-68d46d8c96bf', '3ec943d0-10be-415b-bc3a-dfa459738707');
INSERT INTO CD_SET_MEM_ASSOC_TBL (CD_ID, SET_ID) VALUES ('612d1915-8faf-475d-a190-6902591eb6dc', '3ec943d0-10be-415b-bc3a-dfa459738707');
INSERT INTO CD_SET_MEM_ASSOC_TBL (CD_ID, SET_ID) VALUES ('f8e9f0f1-d321-4638-a3a8-043511eaecfc', '3ec943d0-10be-415b-bc3a-dfa459738707');
INSERT INTO CD_SET_MEM_ASSOC_TBL (CD_ID, SET_ID) VALUES ('cebefd83-e366-4264-ba13-70cfb2b4cdb2', '3ec943d0-10be-415b-bc3a-dfa459738707');
INSERT INTO CD_SET_MEM_ASSOC_TBL (CD_ID, SET_ID) VALUES ('95d190e8-2282-4ac8-a53a-02b49d9d3a8c', '3ec943d0-10be-415b-bc3a-dfa459738707');
INSERT INTO CD_SET_MEM_ASSOC_TBL (CD_ID, SET_ID) VALUES ('4ea572f0-c86d-4839-bd45-344285157c92', '3ec943d0-10be-415b-bc3a-dfa459738707');
INSERT INTO CD_SET_MEM_ASSOC_TBL (CD_ID, SET_ID) VALUES ('86ec6fc5-b952-4e4e-8407-aa3369aa5d51', '3ec943d0-10be-415b-bc3a-dfa459738707');
INSERT INTO CD_SET_MEM_ASSOC_TBL (CD_ID, SET_ID) VALUES ('415d4872-5cd5-4030-b4b8-677959a2dd1a', '3ec943d0-10be-415b-bc3a-dfa459738707');
INSERT INTO CD_SET_MEM_ASSOC_TBL (CD_ID, SET_ID) VALUES ('d4c77cd9-eed8-4462-9a44-2ab5af40b711', '3ec943d0-10be-415b-bc3a-dfa459738707');
INSERT INTO CD_SET_MEM_ASSOC_TBL (CD_ID, SET_ID) VALUES ('3c7d6dbe-3dd0-4dcc-917d-d932375c021e', '3ec943d0-10be-415b-bc3a-dfa459738707');
INSERT INTO CD_SET_MEM_ASSOC_TBL (CD_ID, SET_ID) VALUES ('65d1d69d-892c-4961-8379-91c5aa70d16e', '3ec943d0-10be-415b-bc3a-dfa459738707');
INSERT INTO CD_SET_MEM_ASSOC_TBL (CD_ID, SET_ID) VALUES ('ed267443-26fc-4e5f-9647-0c0ab3ad5696', '3ec943d0-10be-415b-bc3a-dfa459738707');
INSERT INTO CD_SET_MEM_ASSOC_TBL (CD_ID, SET_ID) VALUES ('71f4edb8-ff9f-4136-bb66-efee62ce4a74', '3ec943d0-10be-415b-bc3a-dfa459738707');
INSERT INTO CD_SET_MEM_ASSOC_TBL (CD_ID, SET_ID) VALUES ('6c7c4cbc-5519-463b-b23d-31dc0238b172', '3ec943d0-10be-415b-bc3a-dfa459738707');
INSERT INTO CD_SET_MEM_ASSOC_TBL (CD_ID, SET_ID) VALUES ('caf15d91-dcaf-4201-88bb-1f41d116d01c', '3ec943d0-10be-415b-bc3a-dfa459738707');
INSERT INTO CD_SET_MEM_ASSOC_TBL (CD_ID, SET_ID) VALUES ('d47b92c2-ae09-4d13-bc45-2d545706e731', '3ec943d0-10be-415b-bc3a-dfa459738707');
INSERT INTO CD_SET_MEM_ASSOC_TBL (CD_ID, SET_ID) VALUES ('928da1ae-db55-450f-8129-73e7d1218653', '3ec943d0-10be-415b-bc3a-dfa459738707');
INSERT INTO CD_SET_MEM_ASSOC_TBL (CD_ID, SET_ID) VALUES ('ea99e6e9-ba42-4f8f-b0f7-cfb46b5df629', '3ec943d0-10be-415b-bc3a-dfa459738707');
INSERT INTO CD_SET_MEM_ASSOC_TBL (CD_ID, SET_ID) VALUES ('abb0bfaa-3082-4294-b8f6-5e9ec041b5a0', '3ec943d0-10be-415b-bc3a-dfa459738707');
INSERT INTO CD_SET_MEM_ASSOC_TBL (CD_ID, SET_ID) VALUES ('0b8f2f1c-190b-4596-8912-88d21d367ee1', '3ec943d0-10be-415b-bc3a-dfa459738707');
INSERT INTO CD_SET_MEM_ASSOC_TBL (CD_ID, SET_ID) VALUES ('a54a0e82-a7fa-4a9c-b36f-39e976bbe29a', '3ec943d0-10be-415b-bc3a-dfa459738707');
INSERT INTO CD_SET_MEM_ASSOC_TBL (CD_ID, SET_ID) VALUES ('64813a52-19ec-43e8-aea9-e7527cdea88a', '3ec943d0-10be-415b-bc3a-dfa459738707');
INSERT INTO CD_SET_MEM_ASSOC_TBL (CD_ID, SET_ID) VALUES ('98023485-f85f-4151-8330-c4adfde0b579', '3ec943d0-10be-415b-bc3a-dfa459738707');
INSERT INTO CD_SET_MEM_ASSOC_TBL (CD_ID, SET_ID) VALUES ('eec32656-fa6a-40dc-9145-2487f1e561ef', '3ec943d0-10be-415b-bc3a-dfa459738707');
INSERT INTO CD_SET_MEM_ASSOC_TBL (CD_ID, SET_ID) VALUES ('192eb732-2226-44a8-a802-fe694c581a41', '3ec943d0-10be-415b-bc3a-dfa459738707');
INSERT INTO CD_SET_MEM_ASSOC_TBL (CD_ID, SET_ID) VALUES ('b8b595a7-9c17-4d12-958a-8b098abdc638', '3ec943d0-10be-415b-bc3a-dfa459738707');
INSERT INTO CD_SET_MEM_ASSOC_TBL (CD_ID, SET_ID) VALUES ('bee02da3-a599-4d14-9053-38ce443bc2b8', '3ec943d0-10be-415b-bc3a-dfa459738707');
INSERT INTO CD_SET_MEM_ASSOC_TBL (CD_ID, SET_ID) VALUES ('b6b0854b-948f-47ee-b3c2-688bd722aeac', '3ec943d0-10be-415b-bc3a-dfa459738707');
INSERT INTO CD_SET_MEM_ASSOC_TBL (CD_ID, SET_ID) VALUES ('318ced77-ccd6-48d0-b16f-6ea4be00a586', '3ec943d0-10be-415b-bc3a-dfa459738707');
INSERT INTO CD_SET_MEM_ASSOC_TBL (CD_ID, SET_ID) VALUES ('f193cab3-cffa-4671-99af-6be949ba96aa', '3ec943d0-10be-415b-bc3a-dfa459738707');
INSERT INTO CD_SET_MEM_ASSOC_TBL (CD_ID, SET_ID) VALUES ('2bcbc810-53bc-4337-9c0c-303c52356659', '3ec943d0-10be-415b-bc3a-dfa459738707');
INSERT INTO CD_SET_MEM_ASSOC_TBL (CD_ID, SET_ID) VALUES ('c8763e54-4ea6-4fd4-ae31-5644ba0cbe0c', '3ec943d0-10be-415b-bc3a-dfa459738707');
INSERT INTO CD_SET_MEM_ASSOC_TBL (CD_ID, SET_ID) VALUES ('b2180b59-79b2-4cf5-9ea2-fb36d9ad8c03', '3ec943d0-10be-415b-bc3a-dfa459738707');
INSERT INTO CD_SET_MEM_ASSOC_TBL (CD_ID, SET_ID) VALUES ('ca578e77-bcc2-4305-95d5-ffe559318aea', '3ec943d0-10be-415b-bc3a-dfa459738707');
INSERT INTO CD_SET_MEM_ASSOC_TBL (CD_ID, SET_ID) VALUES ('7c8e0e91-7849-4d05-a9e9-2663f3c738db', '3ec943d0-10be-415b-bc3a-dfa459738707');
INSERT INTO CD_SET_MEM_ASSOC_TBL (CD_ID, SET_ID) VALUES ('f73c6dc1-ddf4-4281-a4cf-2dafb8996b19', '3ec943d0-10be-415b-bc3a-dfa459738707');
INSERT INTO CD_SET_MEM_ASSOC_TBL (CD_ID, SET_ID) VALUES ('439831fb-279b-4c63-a2ca-aa24a95bcecb', '3ec943d0-10be-415b-bc3a-dfa459738707');
INSERT INTO CD_SET_MEM_ASSOC_TBL (CD_ID, SET_ID) VALUES ('4b0cc35d-e05c-46c4-afd8-2a03ecfe6df1', '3ec943d0-10be-415b-bc3a-dfa459738707');
INSERT INTO CD_SET_MEM_ASSOC_TBL (CD_ID, SET_ID) VALUES ('a67d6067-3e58-42cd-99d3-b3b25f9c0b1e', '3ec943d0-10be-415b-bc3a-dfa459738707');
INSERT INTO CD_SET_MEM_ASSOC_TBL (CD_ID, SET_ID) VALUES ('c17d2682-aa2b-421a-a096-f5d634234218', '3ec943d0-10be-415b-bc3a-dfa459738707');
INSERT INTO CD_SET_MEM_ASSOC_TBL (CD_ID, SET_ID) VALUES ('e0cc9b98-2de1-4ca7-9cc9-15cd488ae7ad', '3ec943d0-10be-415b-bc3a-dfa459738707');
INSERT INTO CD_SET_MEM_ASSOC_TBL (CD_ID, SET_ID) VALUES ('c70d0aef-fc5f-48b6-a2ab-940667923dd1', '3ec943d0-10be-415b-bc3a-dfa459738707');
INSERT INTO CD_SET_MEM_ASSOC_TBL (CD_ID, SET_ID) VALUES ('35b73050-b433-4cb4-972a-d8e2cda72c7e', '3ec943d0-10be-415b-bc3a-dfa459738707');
INSERT INTO CD_SET_MEM_ASSOC_TBL (CD_ID, SET_ID) VALUES ('c8bf65bb-a749-4c2c-a841-2e3b3b4b4ca1', '3ec943d0-10be-415b-bc3a-dfa459738707');
INSERT INTO CD_SET_MEM_ASSOC_TBL (CD_ID, SET_ID) VALUES ('38dc64a8-3475-40b1-8621-38673dd243d1', '3ec943d0-10be-415b-bc3a-dfa459738707');
INSERT INTO CD_SET_MEM_ASSOC_TBL (CD_ID, SET_ID) VALUES ('f4723f52-e804-4153-8649-55a8c8cd0263', '3ec943d0-10be-415b-bc3a-dfa459738707');
INSERT INTO CD_SET_MEM_ASSOC_TBL (CD_ID, SET_ID) VALUES ('f99e2f28-49c8-4328-ad66-ec57950c758e', '3ec943d0-10be-415b-bc3a-dfa459738707');
INSERT INTO CD_SET_MEM_ASSOC_TBL (CD_ID, SET_ID) VALUES ('d365c5ab-4ad2-40d7-afc2-0cdc734d2b4f', '3ec943d0-10be-415b-bc3a-dfa459738707');
INSERT INTO CD_SET_MEM_ASSOC_TBL (CD_ID, SET_ID) VALUES ('cd2dd690-9b87-4f5e-a087-7bd0b1cf9248', '3ec943d0-10be-415b-bc3a-dfa459738707');
INSERT INTO CD_SET_MEM_ASSOC_TBL (CD_ID, SET_ID) VALUES ('9c4b1f37-7428-4f8b-84a7-c08e8ff1fce0', '3ec943d0-10be-415b-bc3a-dfa459738707');
INSERT INTO CD_SET_MEM_ASSOC_TBL (CD_ID, SET_ID) VALUES ('87b1e344-5a54-46ce-8668-ff4d2363f61b', '3ec943d0-10be-415b-bc3a-dfa459738707');
INSERT INTO CD_SET_MEM_ASSOC_TBL (CD_ID, SET_ID) VALUES ('0331e13f-f471-4fbd-92dc-66e0a46239d5', '3ec943d0-10be-415b-bc3a-dfa459738707');
INSERT INTO CD_SET_MEM_ASSOC_TBL (CD_ID, SET_ID) VALUES ('7d84a057-1fcc-4054-a51f-b77d230fc6d1', '3ec943d0-10be-415b-bc3a-dfa459738707');
INSERT INTO CD_SET_MEM_ASSOC_TBL (CD_ID, SET_ID) VALUES ('6e7a3521-2967-4c0a-80ec-6c5c197b2178', '3ec943d0-10be-415b-bc3a-dfa459738707');
INSERT INTO CD_SET_MEM_ASSOC_TBL (CD_ID, SET_ID) VALUES ('f3be6b88-bc8f-4263-a779-86f21ea10a47', '3ec943d0-10be-415b-bc3a-dfa459738707');
INSERT INTO CD_SET_MEM_ASSOC_TBL (CD_ID, SET_ID) VALUES ('094941e9-a3db-48b5-862c-bc289bd7f86c', 'e9eecd3c-7b80-47f9-9cb6-55c8d3110fb0');
INSERT INTO CD_SET_MEM_ASSOC_TBL (CD_ID, SET_ID) VALUES ('f4e3a6bb-612e-46b2-9f77-ff844d971198', 'e9eecd3c-7b80-47f9-9cb6-55c8d3110fb0');
INSERT INTO CD_SET_MEM_ASSOC_TBL (CD_ID, SET_ID) VALUES ('ae94a782-1485-4241-9bca-5b09db2156bf', 'e9eecd3c-7b80-47f9-9cb6-55c8d3110fb0');
 INSERT INTO CD_SET_MEM_ASSOC_TBL (CD_ID, SET_ID) VALUES ('0ff2ab03-6e0a-40d1-8947-04c4937b4cc4', 'ee16a667-2085-440a-b1e7-4032d10b9f40');
 INSERT INTO CD_SET_MEM_ASSOC_TBL (CD_ID, SET_ID) VALUES ('24380d53-ea22-4820-9f06-8671f774f133', 'ee16a667-2085-440a-b1e7-4032d10b9f40');
 INSERT INTO CD_SET_MEM_ASSOC_TBL (CD_ID, SET_ID) VALUES ('0a4c87e2-16c3-4361-be3c-dd765ee4bc7d', 'ee16a667-2085-440a-b1e7-4032d10b9f40');
 INSERT INTO CD_SET_MEM_ASSOC_TBL (CD_ID, SET_ID) VALUES ('739457d0-835a-4a9c-811c-42b5e92ed1ca', 'ee16a667-2085-440a-b1e7-4032d10b9f40');
 INSERT INTO CD_SET_MEM_ASSOC_TBL (CD_ID, SET_ID) VALUES ('8fa25b69-c9c2-4c40-84c1-0ea9641a12ec', 'ee16a667-2085-440a-b1e7-4032d10b9f40');
 INSERT INTO CD_SET_MEM_ASSOC_TBL (CD_ID, SET_ID) VALUES ('abfe2637-d338-4090-b3a5-3ec19a47be6a', 'ee16a667-2085-440a-b1e7-4032d10b9f40');
 INSERT INTO CD_SET_MEM_ASSOC_TBL (CD_ID, SET_ID) VALUES ('8bf23192-de75-48eb-abee-81a9a15332f8', 'ee16a667-2085-440a-b1e7-4032d10b9f40');
 INSERT INTO CD_SET_MEM_ASSOC_TBL (CD_ID, SET_ID) VALUES ('1c0f931c-9c49-4a52-8fbf-5217c52ea778', 'ee16a667-2085-440a-b1e7-4032d10b9f40');
 INSERT INTO CD_SET_MEM_ASSOC_TBL (CD_ID, SET_ID) VALUES ('6a181a3c-7241-4325-b011-630d3ca6dc4a', 'ee16a667-2085-440a-b1e7-4032d10b9f40');
 INSERT INTO CD_SET_MEM_ASSOC_TBL (CD_ID, SET_ID) VALUES ('2b4b2ed8-f90c-4193-870a-f48bc39657c1', 'ee16a667-2085-440a-b1e7-4032d10b9f40');
 INSERT INTO CD_SET_MEM_ASSOC_TBL (CD_ID, SET_ID) VALUES ('8165b43f-8103-4ed3-bac6-4fc0df8c1a84', 'ee16a667-2085-440a-b1e7-4032d10b9f40');
 INSERT INTO CD_SET_MEM_ASSOC_TBL (CD_ID, SET_ID) VALUES ('e81d6773-97e3-4b2d-b6a3-a4624ba5c6a9', 'ee16a667-2085-440a-b1e7-4032d10b9f40');
 INSERT INTO CD_SET_MEM_ASSOC_TBL (CD_ID, SET_ID) VALUES ('76fdf0e7-cfe0-47b4-9630-c645f254cdfd', 'ee16a667-2085-440a-b1e7-4032d10b9f40');
 INSERT INTO CD_SET_MEM_ASSOC_TBL (CD_ID, SET_ID) VALUES ('3db182e2-653b-4bfd-a300-32f23345d1c0', 'ee16a667-2085-440a-b1e7-4032d10b9f40');
 INSERT INTO CD_SET_MEM_ASSOC_TBL (CD_ID, SET_ID) VALUES ('38d66ec7-0cc8-4609-9675-b6ff91ede605', 'ee16a667-2085-440a-b1e7-4032d10b9f40');
 INSERT INTO CD_SET_MEM_ASSOC_TBL (CD_ID, SET_ID) VALUES ('40d18ecc-8ff8-4e03-8e58-97a980f04060', 'ee16a667-2085-440a-b1e7-4032d10b9f40');
 INSERT INTO CD_SET_MEM_ASSOC_TBL (CD_ID, SET_ID) VALUES ('b401dd81-931c-4aad-8fd8-22a6ac2ea3dc', 'ee16a667-2085-440a-b1e7-4032d10b9f40');
 INSERT INTO CD_SET_MEM_ASSOC_TBL (CD_ID, SET_ID) VALUES ('bfe24b5d-9c32-4df3-ad7b-eaa19e7d4afb', 'ee16a667-2085-440a-b1e7-4032d10b9f40');
 INSERT INTO CD_SET_MEM_ASSOC_TBL (CD_ID, SET_ID) VALUES ('02fbc345-1a25-4f78-aeea-a12584a1eec3', 'ee16a667-2085-440a-b1e7-4032d10b9f40');
 INSERT INTO CD_SET_MEM_ASSOC_TBL (CD_ID, SET_ID) VALUES ('528feb11-ae81-426a-be1f-ce74c83009eb', 'ee16a667-2085-440a-b1e7-4032d10b9f40');
 INSERT INTO CD_SET_MEM_ASSOC_TBL (CD_ID, SET_ID) VALUES ('48c59444-fec0-43b8-aa2c-7aedb70733ad', 'ee16a667-2085-440a-b1e7-4032d10b9f40');
 INSERT INTO CD_SET_MEM_ASSOC_TBL (CD_ID, SET_ID) VALUES ('b630ba2c-8a00-46d8-bf64-870d381d8917', 'ee16a667-2085-440a-b1e7-4032d10b9f40');
 INSERT INTO CD_SET_MEM_ASSOC_TBL (CD_ID, SET_ID) VALUES ('c33adda2-a4ed-4092-8d9c-b8e3fbd5d90b', 'ee16a667-2085-440a-b1e7-4032d10b9f40');
 INSERT INTO CD_SET_MEM_ASSOC_TBL (CD_ID, SET_ID) VALUES ('3cb1993f-3703-453f-87be-21b606db7631', 'ee16a667-2085-440a-b1e7-4032d10b9f40');
 INSERT INTO CD_SET_MEM_ASSOC_TBL (CD_ID, SET_ID) VALUES ('f7a64463-bc75-44d4-a8ca-c9fbc2c87175', 'ee16a667-2085-440a-b1e7-4032d10b9f40');
 INSERT INTO CD_SET_MEM_ASSOC_TBL (CD_ID, SET_ID) VALUES ('fa646df9-7d64-4d1f-ae9a-6261fd5fd6ae', 'ee16a667-2085-440a-b1e7-4032d10b9f40');
 INSERT INTO CD_SET_MEM_ASSOC_TBL (CD_ID, SET_ID) VALUES ('25cae2f2-d1ec-4efe-a92f-d479785f7d8a', 'ee16a667-2085-440a-b1e7-4032d10b9f40');
 INSERT INTO CD_SET_MEM_ASSOC_TBL (CD_ID, SET_ID) VALUES ('8452ecb9-d762-4c4a-96b2-81d130cb729b', 'ee16a667-2085-440a-b1e7-4032d10b9f40');
 INSERT INTO CD_SET_MEM_ASSOC_TBL (CD_ID, SET_ID) VALUES ('ce42c680-a783-4cde-bcd1-e261d6fd68a0', 'ee16a667-2085-440a-b1e7-4032d10b9f40');
 INSERT INTO CD_SET_MEM_ASSOC_TBL (CD_ID, SET_ID) VALUES ('62aca44c-b57c-44fd-9703-fcdff97c04b6', 'ee16a667-2085-440a-b1e7-4032d10b9f40');
 INSERT INTO CD_SET_MEM_ASSOC_TBL (CD_ID, SET_ID) VALUES ('96ea355d-0c68-481f-8b6f-1b00a101ab8f', 'ee16a667-2085-440a-b1e7-4032d10b9f40');
 INSERT INTO CD_SET_MEM_ASSOC_TBL (CD_ID, SET_ID) VALUES ('d874cde5-7d76-4f1d-97e6-db7e82bac958', 'ee16a667-2085-440a-b1e7-4032d10b9f40');
 INSERT INTO CD_SET_MEM_ASSOC_TBL (CD_ID, SET_ID) VALUES ('abe6d0d1-4e37-4b7c-9acc-eedb2c36f9cd', 'ee16a667-2085-440a-b1e7-4032d10b9f40');
 INSERT INTO CD_SET_MEM_ASSOC_TBL (CD_ID, SET_ID) VALUES ('fe4f72e6-84f8-4276-ae64-2ef1f2ff406f', 'ee16a667-2085-440a-b1e7-4032d10b9f40');
 INSERT INTO CD_SET_MEM_ASSOC_TBL (CD_ID, SET_ID) VALUES ('59bc87d3-1618-4f14-81d2-71072c1f37e9', 'ee16a667-2085-440a-b1e7-4032d10b9f40');
 INSERT INTO CD_SET_MEM_ASSOC_TBL (CD_ID, SET_ID) VALUES ('360f6a77-fdb5-4fb6-b223-3cd1047fd08e', 'ee16a667-2085-440a-b1e7-4032d10b9f40');
 INSERT INTO CD_SET_MEM_ASSOC_TBL (CD_ID, SET_ID) VALUES ('ea13832b-2e38-4bb6-b55d-ae749ccaba95', 'ee16a667-2085-440a-b1e7-4032d10b9f40');
 INSERT INTO CD_SET_MEM_ASSOC_TBL (CD_ID, SET_ID) VALUES ('66e0dbd1-9065-4af8-808d-89edd302f264', 'ee16a667-2085-440a-b1e7-4032d10b9f40');
 INSERT INTO CD_SET_MEM_ASSOC_TBL (CD_ID, SET_ID) VALUES ('29ff64e5-b564-411a-92c7-6818c02a9e48', 'ee16a667-2085-440a-b1e7-4032d10b9f40');
 INSERT INTO CD_SET_MEM_ASSOC_TBL (CD_ID, SET_ID) VALUES ('f941988a-1c55-4408-ab57-e9ed35b2a24d', 'ee16a667-2085-440a-b1e7-4032d10b9f40');
 INSERT INTO CD_SET_MEM_ASSOC_TBL (CD_ID, SET_ID) VALUES ('4e299c46-f06f-4efc-b3c0-b7b659a120f2', 'ee16a667-2085-440a-b1e7-4032d10b9f40');
 INSERT INTO CD_SET_MEM_ASSOC_TBL (CD_ID, SET_ID) VALUES ('daf11eb1-fcc2-4521-a1c0-daebaf0a923a', 'ee16a667-2085-440a-b1e7-4032d10b9f40');
 INSERT INTO CD_SET_MEM_ASSOC_TBL (CD_ID, SET_ID) VALUES ('80097e75-a232-4a9f-878f-7e60ec70f921', 'ee16a667-2085-440a-b1e7-4032d10b9f40');
 INSERT INTO CD_SET_MEM_ASSOC_TBL (CD_ID, SET_ID) VALUES ('5c5af1d2-0e6d-458f-9574-3ad61c393a90', 'ee16a667-2085-440a-b1e7-4032d10b9f40');
 INSERT INTO CD_SET_MEM_ASSOC_TBL (CD_ID, SET_ID) VALUES ('233d890b-04ef-4365-99ad-26cb4e1f75f3', 'ee16a667-2085-440a-b1e7-4032d10b9f40');
 INSERT INTO CD_SET_MEM_ASSOC_TBL (CD_ID, SET_ID) VALUES ('8e88debc-d175-46f3-9b48-106f9c151cd2', 'ee16a667-2085-440a-b1e7-4032d10b9f40');
 INSERT INTO CD_SET_MEM_ASSOC_TBL (CD_ID, SET_ID) VALUES ('0a50962a-60b4-44d8-a7f6-1eb2aa5967cc', 'ee16a667-2085-440a-b1e7-4032d10b9f40');
 INSERT INTO CD_SET_MEM_ASSOC_TBL (CD_ID, SET_ID) VALUES ('a907e4d8-d823-478f-9c5a-6facae6b4b5b', 'ee16a667-2085-440a-b1e7-4032d10b9f40');
 INSERT INTO CD_SET_MEM_ASSOC_TBL (CD_ID, SET_ID) VALUES ('059d689a-2392-4ffb-b6ae-682c9ded8da2', 'ee16a667-2085-440a-b1e7-4032d10b9f40');
 INSERT INTO CD_SET_MEM_ASSOC_TBL (CD_ID, SET_ID) VALUES ('e6851b39-a771-4a5e-8aa8-9ba140b3dca3', 'ee16a667-2085-440a-b1e7-4032d10b9f40');
 INSERT INTO CD_SET_MEM_ASSOC_TBL (CD_ID, SET_ID) VALUES ('0b89fb65-ca8e-4a4d-9d25-0bae3f4d7a59', 'ee16a667-2085-440a-b1e7-4032d10b9f40');
 INSERT INTO CD_SET_MEM_ASSOC_TBL (CD_ID, SET_ID) VALUES ('8ea21d7d-6ee9-449b-a1dc-c4aa0ff7f5b9', 'ee16a667-2085-440a-b1e7-4032d10b9f40');
 INSERT INTO CD_SET_MEM_ASSOC_TBL (CD_ID, SET_ID) VALUES ('6a1e9e8b-d0c3-44f0-9906-a6458685e269', 'ee16a667-2085-440a-b1e7-4032d10b9f40');
 INSERT INTO CD_SET_MEM_ASSOC_TBL (CD_ID, SET_ID) VALUES ('60affe56-126d-43ee-9fde-5f117e41c7a8', 'ee16a667-2085-440a-b1e7-4032d10b9f40');
 INSERT INTO CD_SET_MEM_ASSOC_TBL (CD_ID, SET_ID) VALUES ('0aeec758-c20f-43e4-9789-8c44629f5941', 'ee16a667-2085-440a-b1e7-4032d10b9f40');
 INSERT INTO CD_SET_MEM_ASSOC_TBL (CD_ID, SET_ID) VALUES ('0fcba203-1238-4001-beb7-19a667506ade', 'ee16a667-2085-440a-b1e7-4032d10b9f40');
 INSERT INTO CD_SET_MEM_ASSOC_TBL (CD_ID, SET_ID) VALUES ('08a98950-3391-4a66-a1c8-421c6fd82911', 'ee16a667-2085-440a-b1e7-4032d10b9f40');
 INSERT INTO CD_SET_MEM_ASSOC_TBL (CD_ID, SET_ID) VALUES ('2fd5c939-c508-4250-8efb-13b772e56b7f', 'ee16a667-2085-440a-b1e7-4032d10b9f40');
 INSERT INTO CD_SET_MEM_ASSOC_TBL (CD_ID, SET_ID) VALUES ('bfdb07db-9721-4ec3-94e1-4bd9f0d6985c', 'ee16a667-2085-440a-b1e7-4032d10b9f40');
 INSERT INTO CD_SET_MEM_ASSOC_TBL (CD_ID, SET_ID) VALUES ('a3d362a4-4931-4bef-af18-ac59dd092981', 'ee16a667-2085-440a-b1e7-4032d10b9f40');
 INSERT INTO CD_SET_MEM_ASSOC_TBL (CD_ID, SET_ID) VALUES ('bfcbb345-86db-43ba-b47e-e7411276ac7c', 'ee16a667-2085-440a-b1e7-4032d10b9f40');
 INSERT INTO CD_SET_MEM_ASSOC_TBL (CD_ID, SET_ID) VALUES ('5e2b0afe-724e-41cd-9be2-9030646f2529', 'ee16a667-2085-440a-b1e7-4032d10b9f40');
 INSERT INTO CD_SET_MEM_ASSOC_TBL (CD_ID, SET_ID) VALUES ('853c85de-4817-4328-a121-6a3bdafbf82e', 'ee16a667-2085-440a-b1e7-4032d10b9f40');
 INSERT INTO CD_SET_MEM_ASSOC_TBL (CD_ID, SET_ID) VALUES ('bbfac1ed-5464-4100-93c3-8685b052a2cf', 'ee16a667-2085-440a-b1e7-4032d10b9f40');
 INSERT INTO CD_SET_MEM_ASSOC_TBL (CD_ID, SET_ID) VALUES ('685eb506-6b97-41c1-b201-b6b932a3f3aa', 'ee16a667-2085-440a-b1e7-4032d10b9f40');
 INSERT INTO CD_SET_MEM_ASSOC_TBL (CD_ID, SET_ID) VALUES ('fd892cf8-db4f-4e4e-a13b-4eb3bdde5be5', 'ee16a667-2085-440a-b1e7-4032d10b9f40');
 INSERT INTO CD_SET_MEM_ASSOC_TBL (CD_ID, SET_ID) VALUES ('2eab5298-bc83-492c-9004-ed3499246afe', 'ee16a667-2085-440a-b1e7-4032d10b9f40');
 INSERT INTO CD_SET_MEM_ASSOC_TBL (CD_ID, SET_ID) VALUES ('cd1e8904-31dc-4374-902d-c91f1de23c46', 'ee16a667-2085-440a-b1e7-4032d10b9f40');
 INSERT INTO CD_SET_MEM_ASSOC_TBL (CD_ID, SET_ID) VALUES ('dcae9718-ab81-4737-b071-36cf1175804d', 'ee16a667-2085-440a-b1e7-4032d10b9f40');
 INSERT INTO CD_SET_MEM_ASSOC_TBL (CD_ID, SET_ID) VALUES ('9f17d4cf-a67f-4ac6-8c50-718af6e264ee', 'ee16a667-2085-440a-b1e7-4032d10b9f40');
 INSERT INTO CD_SET_MEM_ASSOC_TBL (CD_ID, SET_ID) VALUES ('ce50ba92-cd21-43c4-8582-34e7fbb3170f', 'ee16a667-2085-440a-b1e7-4032d10b9f40');
 INSERT INTO CD_SET_MEM_ASSOC_TBL (CD_ID, SET_ID) VALUES ('f115c204-8485-4cf3-8815-3c6738465e30', 'ee16a667-2085-440a-b1e7-4032d10b9f40');
 INSERT INTO CD_SET_MEM_ASSOC_TBL (CD_ID, SET_ID) VALUES ('decd6250-7e8b-4b77-895d-31953cf1387a', 'ee16a667-2085-440a-b1e7-4032d10b9f40');
 INSERT INTO CD_SET_MEM_ASSOC_TBL (CD_ID, SET_ID) VALUES ('34f7bc11-2288-471a-af38-553ae6b8410c', 'ee16a667-2085-440a-b1e7-4032d10b9f40');
 INSERT INTO CD_SET_MEM_ASSOC_TBL (CD_ID, SET_ID) VALUES ('89bdc57b-d85c-4e85-94e8-c17049540a0d', 'ee16a667-2085-440a-b1e7-4032d10b9f40');
 INSERT INTO CD_SET_MEM_ASSOC_TBL (CD_ID, SET_ID) VALUES ('5951097b-1a13-4bce-bbf2-9abf52f98dc8', 'ee16a667-2085-440a-b1e7-4032d10b9f40');
 INSERT INTO CD_SET_MEM_ASSOC_TBL (CD_ID, SET_ID) VALUES ('4cdef917-4fb0-4cdf-b44d-b73486c41845', 'ee16a667-2085-440a-b1e7-4032d10b9f40');
 INSERT INTO CD_SET_MEM_ASSOC_TBL (CD_ID, SET_ID) VALUES ('f71e193a-0562-46e9-99dd-437d23663ec3', 'ee16a667-2085-440a-b1e7-4032d10b9f40');
 INSERT INTO CD_SET_MEM_ASSOC_TBL (CD_ID, SET_ID) VALUES ('bb437e4d-7472-48c1-a6e7-576545a782fa', 'ee16a667-2085-440a-b1e7-4032d10b9f40');
 INSERT INTO CD_SET_MEM_ASSOC_TBL (CD_ID, SET_ID) VALUES ('5a0539cc-093b-448e-aec6-0d529ed0087f', 'ee16a667-2085-440a-b1e7-4032d10b9f40');
 INSERT INTO CD_SET_MEM_ASSOC_TBL (CD_ID, SET_ID) VALUES ('f172eee7-7f4b-4022-81d0-76393a1200ae', 'ee16a667-2085-440a-b1e7-4032d10b9f40');
 INSERT INTO CD_SET_MEM_ASSOC_TBL (CD_ID, SET_ID) VALUES ('7e6bc25d-5dea-4645-af3d-aa854b7b6f2f', 'ee16a667-2085-440a-b1e7-4032d10b9f40');
 INSERT INTO CD_SET_MEM_ASSOC_TBL (CD_ID, SET_ID) VALUES ('cb73d085-026c-4bc7-a1de-356bfd636246', 'ee16a667-2085-440a-b1e7-4032d10b9f40');
 INSERT INTO CD_SET_MEM_ASSOC_TBL (CD_ID, SET_ID) VALUES ('cfa978f4-140c-430d-82f8-1e6f2d74f48d', 'ee16a667-2085-440a-b1e7-4032d10b9f40');
 INSERT INTO CD_SET_MEM_ASSOC_TBL (CD_ID, SET_ID) VALUES ('cdd99260-107c-4a4e-acaf-d7c9c7e90fdd', 'ee16a667-2085-440a-b1e7-4032d10b9f40');
 INSERT INTO CD_SET_MEM_ASSOC_TBL (CD_ID, SET_ID) VALUES ('a3ff423e-81d5-4571-8edf-03c295189a23', 'ee16a667-2085-440a-b1e7-4032d10b9f40');
 INSERT INTO CD_SET_MEM_ASSOC_TBL (CD_ID, SET_ID) VALUES ('0FF2AB03-6E0A-40D1-8947-04C4937B4CC4','D3692F40-1033-48EA-94CB-31FC0F352A4E');
INSERT INTO CD_SET_MEM_ASSOC_TBL (CD_ID, SET_ID) VALUES ('0A50962A-60B4-44D8-A7F6-1EB2AA5967CC','D3692F40-1033-48EA-94CB-31FC0F352A4E');
INSERT INTO CD_SET_MEM_ASSOC_TBL (CD_ID, SET_ID) VALUES ('5C5AF1D2-0E6D-458F-9574-3AD61C393A90','D3692F40-1033-48EA-94CB-31FC0F352A4E');
INSERT INTO CD_SET_MEM_ASSOC_TBL (CD_ID, SET_ID) VALUES ('739457D0-835A-4A9C-811C-42B5E92ED1CA','D3692F40-1033-48EA-94CB-31FC0F352A4E');
INSERT INTO CD_SET_MEM_ASSOC_TBL (CD_ID, SET_ID) VALUES ('1C0F931C-9C49-4A52-8FBF-5217C52EA778','D3692F40-1033-48EA-94CB-31FC0F352A4E');
INSERT INTO CD_SET_MEM_ASSOC_TBL (CD_ID, SET_ID) VALUES ('FA646DF9-7D64-4D1F-AE9A-6261FD5FD6AE','D3692F40-1033-48EA-94CB-31FC0F352A4E');
INSERT INTO CD_SET_MEM_ASSOC_TBL (CD_ID, SET_ID) VALUES ('29FF64E5-B564-411A-92C7-6818C02A9E48','D3692F40-1033-48EA-94CB-31FC0F352A4E');
INSERT INTO CD_SET_MEM_ASSOC_TBL (CD_ID, SET_ID) VALUES ('F172EEE7-7F4B-4022-81D0-76393A1200AE','D3692F40-1033-48EA-94CB-31FC0F352A4E');
INSERT INTO CD_SET_MEM_ASSOC_TBL (CD_ID, SET_ID) VALUES ('48C59444-FEC0-43B8-AA2C-7AEDB70733AD','D3692F40-1033-48EA-94CB-31FC0F352A4E');
INSERT INTO CD_SET_MEM_ASSOC_TBL (CD_ID, SET_ID) VALUES ('24380D53-EA22-4820-9F06-8671F774F133','D3692F40-1033-48EA-94CB-31FC0F352A4E');
INSERT INTO CD_SET_MEM_ASSOC_TBL (CD_ID, SET_ID) VALUES ('B630BA2C-8A00-46D8-BF64-870D381D8917','D3692F40-1033-48EA-94CB-31FC0F352A4E');
INSERT INTO CD_SET_MEM_ASSOC_TBL (CD_ID, SET_ID) VALUES ('40D18ECC-8FF8-4E03-8E58-97A980F04060','D3692F40-1033-48EA-94CB-31FC0F352A4E');
INSERT INTO CD_SET_MEM_ASSOC_TBL (CD_ID, SET_ID) VALUES ('38D66EC7-0CC8-4609-9675-B6FF91EDE605','D3692F40-1033-48EA-94CB-31FC0F352A4E');
INSERT INTO CD_SET_MEM_ASSOC_TBL (CD_ID, SET_ID) VALUES ('89BDC57B-D85C-4E85-94E8-C17049540A0D','D3692F40-1033-48EA-94CB-31FC0F352A4E');
INSERT INTO CD_SET_MEM_ASSOC_TBL (CD_ID, SET_ID) VALUES ('CD1E8904-31DC-4374-902D-C91F1DE23C46','D3692F40-1033-48EA-94CB-31FC0F352A4E');
INSERT INTO CD_SET_MEM_ASSOC_TBL (CD_ID, SET_ID) VALUES ('CDD99260-107C-4A4E-ACAF-D7C9C7E90FDD','D3692F40-1033-48EA-94CB-31FC0F352A4E');
INSERT INTO CD_SET_MEM_ASSOC_TBL (CD_ID, SET_ID) VALUES ('BFCBB345-86DB-43BA-B47E-E7411276AC7C','D3692F40-1033-48EA-94CB-31FC0F352A4E');
INSERT INTO CD_SET_MEM_ASSOC_TBL (CD_ID, SET_ID) VALUES ('2EAB5298-BC83-492C-9004-ED3499246AFE','D3692F40-1033-48EA-94CB-31FC0F352A4E');
INSERT INTO CD_SET_MEM_ASSOC_TBL (CD_ID, SET_ID) VALUES ('62ACA44C-B57C-44FD-9703-FCDFF97C04B6','D3692F40-1033-48EA-94CB-31FC0F352A4E');
INSERT INTO CD_SET_MEM_ASSOC_TBL (CD_ID, SET_ID) VALUES ('7ee5c1d2-1a21-41b1-8459-cb160fa36c60', '3ec943d0-10be-415b-bc3a-dfa459738707');
INSERT INTO CD_SET_MEM_ASSOC_TBL (CD_ID, SET_ID) VALUES ('71112058-63f9-4b38-97d9-4ccf58574e51', '3ec943d0-10be-415b-bc3a-dfa459738707');
INSERT INTO CD_SET_MEM_ASSOC_TBL (CD_ID, SET_ID) VALUES ('12df3395-b43b-421e-b505-049515c228b1', '3ec943d0-10be-415b-bc3a-dfa459738707');
INSERT INTO CD_SET_MEM_ASSOC_TBL (CD_ID, SET_ID) VALUES ('8b071aec-9063-4398-b242-e561915abb51', '3ec943d0-10be-415b-bc3a-dfa459738707');
INSERT INTO CD_SET_MEM_ASSOC_TBL (CD_ID, SET_ID) VALUES ('04321b6c-5b19-44a2-be7a-4a53a221a456', '3ec943d0-10be-415b-bc3a-dfa459738707');
INSERT INTO CD_SET_MEM_ASSOC_TBL (CD_ID, SET_ID) VALUES ('b32962c3-eafa-4146-bbcd-0e33789de32c', '3ec943d0-10be-415b-bc3a-dfa459738707');
INSERT INTO CD_SET_MEM_ASSOC_TBL (CD_ID, SET_ID) VALUES ('93c93d62-048d-4e64-a0ce-7f2f62a8ec6e', '3ec943d0-10be-415b-bc3a-dfa459738707');
INSERT INTO CD_SET_MEM_ASSOC_TBL (CD_ID, SET_ID) VALUES ('573a7fb8-fead-4bed-b325-c0fe68ce96ce', '3ec943d0-10be-415b-bc3a-dfa459738707');
INSERT INTO CD_SET_MEM_ASSOC_TBL (CD_ID, SET_ID) VALUES ('dc5e8411-cb3f-4b7f-8e0e-fc1d1ff3b084', '3ec943d0-10be-415b-bc3a-dfa459738707');
INSERT INTO CD_SET_MEM_ASSOC_TBL (CD_ID, SET_ID) VALUES ('1071d24e-6fe9-480f-8a20-b1825ae4d707', '62c5fde0-a3aa-45df-94e9-242f4451644a');
INSERT INTO CD_SET_MEM_ASSOC_TBL (CD_ID, SET_ID) VALUES ('8cc5ef0d-3911-4d99-937f-6cfdc2a27d55', '62c5fde0-a3aa-45df-94e9-242f4451644a');
INSERT INTO CD_SET_MEM_ASSOC_TBL (CD_ID, SET_ID) VALUES ('e658ca72-3b6a-4099-ab6e-7cf6861a5b61', 'e6a8e44f-0a57-4ebd-80a9-5c53b7a03d76');
INSERT INTO CD_SET_MEM_ASSOC_TBL (CD_ID, SET_ID) VALUES ('b389dedf-be61-456b-aa70-786e1a5a69e0', 'e6a8e44f-0a57-4ebd-80a9-5c53b7a03d76');
INSERT INTO CD_SET_MEM_ASSOC_TBL (CD_ID, SET_ID) VALUES ('BACD9C6F-3FA9-481E-9636-37457962804D', '4E6DA567-0094-4F23-8555-11DA499593AF');
INSERT INTO CD_SET_MEM_ASSOC_TBL (CD_ID, SET_ID) VALUES ('FF34DFA7-C6D3-4F8B-BC9F-14BCDC13BA6C', '4E6DA567-0094-4F23-8555-11DA499593AF');
INSERT INTO CD_SET_MEM_ASSOC_TBL (CD_ID, SET_ID) VALUES ('6B04FED8-C164-469C-910B-F824C2BDA4F0', '4E6DA567-0094-4F23-8555-11DA499593AF');

-- CONTAINER CAP ASSOCIATIONS
INSERT INTO CD_SET_MEM_ASSOC_TBL (CD_ID, SET_ID) VALUES ('5A209555-FB3A-437D-B043-0190685A4284', '5737CA40-57DC-4590-AB3B-54C9AFCCD55A');
INSERT INTO CD_SET_MEM_ASSOC_TBL (CD_ID, SET_ID) VALUES ('1E630924-CE10-4A8A-A91D-E319F517A6EC', '5737CA40-57DC-4590-AB3B-54C9AFCCD55A');
INSERT INTO CD_SET_MEM_ASSOC_TBL (CD_ID, SET_ID) VALUES ('266A20FE-DFFB-4C8D-9EAD-FDC7CD86C552', '5737CA40-57DC-4590-AB3B-54C9AFCCD55A');
INSERT INTO CD_SET_MEM_ASSOC_TBL (CD_ID, SET_ID) VALUES ('EE2B76DB-85E9-412F-90BB-47A94F8E4C30', '5737CA40-57DC-4590-AB3B-54C9AFCCD55A');
INSERT INTO CD_SET_MEM_ASSOC_TBL (CD_ID, SET_ID) VALUES ('6470A9BE-FCB4-463D-BB0C-894D0CDDD4C2', '5737CA40-57DC-4590-AB3B-54C9AFCCD55A');
INSERT INTO CD_SET_MEM_ASSOC_TBL (CD_ID, SET_ID) VALUES ('47C40DF6-3F69-47CC-A84C-33037E4BFFD9', '5737CA40-57DC-4590-AB3B-54C9AFCCD55A');
INSERT INTO CD_SET_MEM_ASSOC_TBL (CD_ID, SET_ID) VALUES ('05695B7C-6BF7-4AF7-A0C9-A5C8B2E63E05', '5737CA40-57DC-4590-AB3B-54C9AFCCD55A');

-- CONTAINER SEPARATOR ASSOCIATIONS
INSERT INTO CD_SET_MEM_ASSOC_TBL (CD_ID, SET_ID) VALUES ('EE450FF6-9BED-4C47-90D2-671AB3041756', 'B9AC7826-5D19-421E-A848-61C3C8F563A2');
INSERT INTO CD_SET_MEM_ASSOC_TBL (CD_ID, SET_ID) VALUES ('472524EB-C8D4-49F8-862A-EF4BD7CA0395', 'B9AC7826-5D19-421E-A848-61C3C8F563A2');

-- Concept Versions

INSERT INTO CD_VRSN_TBL (CD_ID, STS_CD_ID, CRT_USR_ID, MNEMONIC, CLS_ID) VALUES ('c8064cbd-fa06-4530-b430-1a52f1530c27', 'c8064cbd-fa06-4530-b430-1a52f1530c27', 'fadca076-3690-4a6e-af9e-f1cd68e8c7e8', 'ACTIVE', '54B93182-FC19-47A2-82C6-089FD70A4F45');
INSERT INTO CD_VRSN_TBL (CD_ID, STS_CD_ID, CRT_USR_ID, MNEMONIC, CLS_ID) VALUES ('bdef5f90-5497-4f26-956c-8f818cce2bd2', 'c8064cbd-fa06-4530-b430-1a52f1530c27', 'fadca076-3690-4a6e-af9e-f1cd68e8c7e8', 'OBSOLETE', '54B93182-FC19-47A2-82C6-089FD70A4F45');
INSERT INTO CD_VRSN_TBL (CD_ID, STS_CD_ID, CRT_USR_ID, MNEMONIC, CLS_ID) VALUES ('c34fcbf1-e0fe-4989-90fd-0dc49e1b9685', 'c8064cbd-fa06-4530-b430-1a52f1530c27', 'fadca076-3690-4a6e-af9e-f1cd68e8c7e8', 'NEW', '54B93182-FC19-47A2-82C6-089FD70A4F45');
INSERT INTO CD_VRSN_TBL (CD_ID, STS_CD_ID, CRT_USR_ID, MNEMONIC, CLS_ID) VALUES ('cd4aa3c4-02d5-4cc9-9088-ef8f31e321c5', 'c8064cbd-fa06-4530-b430-1a52f1530c27', 'fadca076-3690-4a6e-af9e-f1cd68e8c7e8', 'NULLFIIED', '54B93182-FC19-47A2-82C6-089FD70A4F45');
INSERT INTO CD_VRSN_TBL (CD_ID, STS_CD_ID, CRT_USR_ID, MNEMONIC, CLS_ID) VALUES ('bbd960a1-3853-4b13-b62a-d768f93a08c5', 'c8064cbd-fa06-4530-b430-1a52f1530c27', 'fadca076-3690-4a6e-af9e-f1cd68e8c7e8', 'DOCCLIN', '17fd5254-8c25-4abb-b246-083fbe9afa15');
INSERT INTO CD_VRSN_TBL (CD_ID, STS_CD_ID, CRT_USR_ID, MNEMONIC, CLS_ID) VALUES ('846c2ccf-5b02-4b3f-beb4-3d69ce7830dd', 'c8064cbd-fa06-4530-b430-1a52f1530c27', 'fadca076-3690-4a6e-af9e-f1cd68e8c7e8', 'CONS', '17fd5254-8c25-4abb-b246-083fbe9afa15');
INSERT INTO CD_VRSN_TBL (CD_ID, STS_CD_ID, CRT_USR_ID, MNEMONIC, CLS_ID) VALUES ('0f4ba634-5107-4eab-9658-25be293cd831', 'c8064cbd-fa06-4530-b430-1a52f1530c27', 'fadca076-3690-4a6e-af9e-f1cd68e8c7e8', 'DOC', '17fd5254-8c25-4abb-b246-083fbe9afa15');
INSERT INTO CD_VRSN_TBL (CD_ID, STS_CD_ID, CRT_USR_ID, MNEMONIC, CLS_ID) VALUES ('2557f7b4-e465-4965-b016-766f192131ab', 'c8064cbd-fa06-4530-b430-1a52f1530c27', 'fadca076-3690-4a6e-af9e-f1cd68e8c7e8', 'DOCBODY', '17fd5254-8c25-4abb-b246-083fbe9afa15');
INSERT INTO CD_VRSN_TBL (CD_ID, STS_CD_ID, CRT_USR_ID, MNEMONIC, CLS_ID) VALUES ('4b98c47f-eaa5-472c-a2c6-97dddc0cb68c', 'c8064cbd-fa06-4530-b430-1a52f1530c27', 'fadca076-3690-4a6e-af9e-f1cd68e8c7e8', 'DOCSECT', '17fd5254-8c25-4abb-b246-083fbe9afa15');
INSERT INTO CD_VRSN_TBL (CD_ID, STS_CD_ID, CRT_USR_ID, MNEMONIC, CLS_ID) VALUES ('54b52119-1709-4098-8911-5df6d6c84140', 'c8064cbd-fa06-4530-b430-1a52f1530c27', 'fadca076-3690-4a6e-af9e-f1cd68e8c7e8', 'Encounter', '17fd5254-8c25-4abb-b246-083fbe9afa15');
INSERT INTO CD_VRSN_TBL (CD_ID, STS_CD_ID, CRT_USR_ID, MNEMONIC, CLS_ID) VALUES ('be84b6d3-446d-4e7e-b35d-2925f9f93434', 'c8064cbd-fa06-4530-b430-1a52f1530c27', 'fadca076-3690-4a6e-af9e-f1cd68e8c7e8', 'CASE', '17fd5254-8c25-4abb-b246-083fbe9afa15');
INSERT INTO CD_VRSN_TBL (CD_ID, STS_CD_ID, CRT_USR_ID, MNEMONIC, CLS_ID) VALUES ('1987c53c-7ab8-4461-9ebc-0d428744a8c0', 'c8064cbd-fa06-4530-b430-1a52f1530c27', 'fadca076-3690-4a6e-af9e-f1cd68e8c7e8', 'Condition', '17fd5254-8c25-4abb-b246-083fbe9afa15');
INSERT INTO CD_VRSN_TBL (CD_ID, STS_CD_ID, CRT_USR_ID, MNEMONIC, CLS_ID) VALUES ('43a9642c-a054-45df-9bee-99274b4635cd', 'c8064cbd-fa06-4530-b430-1a52f1530c27', 'fadca076-3690-4a6e-af9e-f1cd68e8c7e8', 'GEN', '17fd5254-8c25-4abb-b246-083fbe9afa15');
INSERT INTO CD_VRSN_TBL (CD_ID, STS_CD_ID, CRT_USR_ID, MNEMONIC, CLS_ID) VALUES ('57619b4a-2c8a-4674-a7fc-8e4f9aeb4903', 'c8064cbd-fa06-4530-b430-1a52f1530c27', 'fadca076-3690-4a6e-af9e-f1cd68e8c7e8', 'LeftLateralDecubitus', '17fd5254-8c25-4abb-b246-083fbe9afa15');
INSERT INTO CD_VRSN_TBL (CD_ID, STS_CD_ID, CRT_USR_ID, MNEMONIC, CLS_ID) VALUES ('28d022c6-8a8b-47c4-9e6a-2bc67308739e', 'c8064cbd-fa06-4530-b430-1a52f1530c27', 'fadca076-3690-4a6e-af9e-f1cd68e8c7e8', 'Observation', '17fd5254-8c25-4abb-b246-083fbe9afa15');
INSERT INTO CD_VRSN_TBL (CD_ID, STS_CD_ID, CRT_USR_ID, MNEMONIC, CLS_ID) VALUES ('118e2293-0f46-4b78-8252-ab078afb32d3', 'c8064cbd-fa06-4530-b430-1a52f1530c27', 'fadca076-3690-4a6e-af9e-f1cd68e8c7e8', 'OBSSER', '17fd5254-8c25-4abb-b246-083fbe9afa15');
INSERT INTO CD_VRSN_TBL (CD_ID, STS_CD_ID, CRT_USR_ID, MNEMONIC, CLS_ID) VALUES ('40829e76-33ec-420c-ae79-c9b9dc5a3481', 'c8064cbd-fa06-4530-b430-1a52f1530c27', 'fadca076-3690-4a6e-af9e-f1cd68e8c7e8', 'POS', '17fd5254-8c25-4abb-b246-083fbe9afa15');
INSERT INTO CD_VRSN_TBL (CD_ID, STS_CD_ID, CRT_USR_ID, MNEMONIC, CLS_ID) VALUES ('0804e3a1-abe6-4bfb-9ad3-5484f170d181', 'c8064cbd-fa06-4530-b430-1a52f1530c27', 'fadca076-3690-4a6e-af9e-f1cd68e8c7e8', 'Prone', '17fd5254-8c25-4abb-b246-083fbe9afa15');
INSERT INTO CD_VRSN_TBL (CD_ID, STS_CD_ID, CRT_USR_ID, MNEMONIC, CLS_ID) VALUES ('80c58da9-917c-450b-843f-de21e4ae41a9', 'c8064cbd-fa06-4530-b430-1a52f1530c27', 'fadca076-3690-4a6e-af9e-f1cd68e8c7e8', 'RightLateralDecubitus', '17fd5254-8c25-4abb-b246-083fbe9afa15');
INSERT INTO CD_VRSN_TBL (CD_ID, STS_CD_ID, CRT_USR_ID, MNEMONIC, CLS_ID) VALUES ('22304ab0-b133-494a-ad30-4d9170176f99', 'c8064cbd-fa06-4530-b430-1a52f1530c27', 'fadca076-3690-4a6e-af9e-f1cd68e8c7e8', 'SemiFowlers', '17fd5254-8c25-4abb-b246-083fbe9afa15');
INSERT INTO CD_VRSN_TBL (CD_ID, STS_CD_ID, CRT_USR_ID, MNEMONIC, CLS_ID) VALUES ('487e2e90-c2ab-4693-b190-2c4e2f0e7cec', 'c8064cbd-fa06-4530-b430-1a52f1530c27', 'fadca076-3690-4a6e-af9e-f1cd68e8c7e8', 'Sitting', '17fd5254-8c25-4abb-b246-083fbe9afa15');
INSERT INTO CD_VRSN_TBL (CD_ID, STS_CD_ID, CRT_USR_ID, MNEMONIC, CLS_ID) VALUES ('7ce22b9d-e062-447c-a921-71e690ebd5cf', 'c8064cbd-fa06-4530-b430-1a52f1530c27', 'fadca076-3690-4a6e-af9e-f1cd68e8c7e8', 'Standing', '17fd5254-8c25-4abb-b246-083fbe9afa15');
INSERT INTO CD_VRSN_TBL (CD_ID, STS_CD_ID, CRT_USR_ID, MNEMONIC, CLS_ID) VALUES ('ec38d31f-a187-4921-9fb6-ff9d227e9e9c', 'c8064cbd-fa06-4530-b430-1a52f1530c27', 'fadca076-3690-4a6e-af9e-f1cd68e8c7e8', 'Supine', '17fd5254-8c25-4abb-b246-083fbe9afa15');
INSERT INTO CD_VRSN_TBL (CD_ID, STS_CD_ID, CRT_USR_ID, MNEMONIC, CLS_ID) VALUES ('bc6b2fc6-6542-4bec-96eb-8573a606dbb4', 'c8064cbd-fa06-4530-b430-1a52f1530c27', 'fadca076-3690-4a6e-af9e-f1cd68e8c7e8', 'ReverseTrendelenburg', '17fd5254-8c25-4abb-b246-083fbe9afa15');
INSERT INTO CD_VRSN_TBL (CD_ID, STS_CD_ID, CRT_USR_ID, MNEMONIC, CLS_ID) VALUES ('ab94417b-0d1a-4c46-8d55-6c3fba04ed7e', 'c8064cbd-fa06-4530-b430-1a52f1530c27', 'fadca076-3690-4a6e-af9e-f1cd68e8c7e8', 'Trendelenburg', '17fd5254-8c25-4abb-b246-083fbe9afa15');
INSERT INTO CD_VRSN_TBL (CD_ID, STS_CD_ID, CRT_USR_ID, MNEMONIC, CLS_ID) VALUES ('82d09e9e-9b12-47dd-acba-0557cc025bd7', 'c8064cbd-fa06-4530-b430-1a52f1530c27', 'fadca076-3690-4a6e-af9e-f1cd68e8c7e8', 'OverlayROI', '17fd5254-8c25-4abb-b246-083fbe9afa15');
INSERT INTO CD_VRSN_TBL (CD_ID, STS_CD_ID, CRT_USR_ID, MNEMONIC, CLS_ID) VALUES ('932a3c7e-ad77-450a-8a1f-030fc2855450', 'c8064cbd-fa06-4530-b430-1a52f1530c27', 'fadca076-3690-4a6e-af9e-f1cd68e8c7e8', 'SubstanceAdministration', '17fd5254-8c25-4abb-b246-083fbe9afa15');
INSERT INTO CD_VRSN_TBL (CD_ID, STS_CD_ID, CRT_USR_ID, MNEMONIC, CLS_ID) VALUES ('a064984f-9847-4480-8bea-dddf64b3c77c', 'c8064cbd-fa06-4530-b430-1a52f1530c27', 'fadca076-3690-4a6e-af9e-f1cd68e8c7e8', 'Supply', '17fd5254-8c25-4abb-b246-083fbe9afa15');
INSERT INTO CD_VRSN_TBL (CD_ID, STS_CD_ID, CRT_USR_ID, MNEMONIC, CLS_ID) VALUES ('73a70eea-06cd-4865-a5f7-f010e33ba4f3', 'c8064cbd-fa06-4530-b430-1a52f1530c27', 'fadca076-3690-4a6e-af9e-f1cd68e8c7e8', 'Ambulatory', '0d6b3439-c9be-4480-af39-eeb457c052d0');
INSERT INTO CD_VRSN_TBL (CD_ID, STS_CD_ID, CRT_USR_ID, MNEMONIC, CLS_ID) VALUES ('b47f044d-a9c8-4a65-9f84-d99d913beb97', 'c8064cbd-fa06-4530-b430-1a52f1530c27', 'fadca076-3690-4a6e-af9e-f1cd68e8c7e8', 'Emergency', '0d6b3439-c9be-4480-af39-eeb457c052d0');
INSERT INTO CD_VRSN_TBL (CD_ID, STS_CD_ID, CRT_USR_ID, MNEMONIC, CLS_ID) VALUES ('21a61f18-1fc5-47c0-a235-721d2f965e33', 'c8064cbd-fa06-4530-b430-1a52f1530c27', 'fadca076-3690-4a6e-af9e-f1cd68e8c7e8', 'Field', '0d6b3439-c9be-4480-af39-eeb457c052d0');
INSERT INTO CD_VRSN_TBL (CD_ID, STS_CD_ID, CRT_USR_ID, MNEMONIC, CLS_ID) VALUES ('f38f409f-3e92-4e6b-b8fd-b2abc7e6c177', 'c8064cbd-fa06-4530-b430-1a52f1530c27', 'fadca076-3690-4a6e-af9e-f1cd68e8c7e8', 'HomeHealth', '0d6b3439-c9be-4480-af39-eeb457c052d0');
INSERT INTO CD_VRSN_TBL (CD_ID, STS_CD_ID, CRT_USR_ID, MNEMONIC, CLS_ID) VALUES ('fdae49aa-6fcb-40ae-9653-744e87fdd692', 'c8064cbd-fa06-4530-b430-1a52f1530c27', 'fadca076-3690-4a6e-af9e-f1cd68e8c7e8', 'InpatientEncounter', '0d6b3439-c9be-4480-af39-eeb457c052d0');
INSERT INTO CD_VRSN_TBL (CD_ID, STS_CD_ID, CRT_USR_ID, MNEMONIC, CLS_ID) VALUES ('9613f16a-f962-4c27-8489-b78aebd7e2ec', 'c8064cbd-fa06-4530-b430-1a52f1530c27', 'fadca076-3690-4a6e-af9e-f1cd68e8c7e8', 'InpatientAcute', '0d6b3439-c9be-4480-af39-eeb457c052d0');
INSERT INTO CD_VRSN_TBL (CD_ID, STS_CD_ID, CRT_USR_ID, MNEMONIC, CLS_ID) VALUES ('90c2f40c-784e-4260-8b91-66bb032d3652', 'c8064cbd-fa06-4530-b430-1a52f1530c27', 'fadca076-3690-4a6e-af9e-f1cd68e8c7e8', 'InpatientNonacute', '0d6b3439-c9be-4480-af39-eeb457c052d0');
INSERT INTO CD_VRSN_TBL (CD_ID, STS_CD_ID, CRT_USR_ID, MNEMONIC, CLS_ID) VALUES ('1a76e650-0242-4b40-9267-bf3a5b386c96', 'c8064cbd-fa06-4530-b430-1a52f1530c27', 'fadca076-3690-4a6e-af9e-f1cd68e8c7e8', 'ShortStay', '0d6b3439-c9be-4480-af39-eeb457c052d0');
INSERT INTO CD_VRSN_TBL (CD_ID, STS_CD_ID, CRT_USR_ID, MNEMONIC, CLS_ID) VALUES ('5a5023c9-9a53-4f4f-a9b2-5938c71041e7', 'c8064cbd-fa06-4530-b430-1a52f1530c27', 'fadca076-3690-4a6e-af9e-f1cd68e8c7e8', 'Virtual', '0d6b3439-c9be-4480-af39-eeb457c052d0');
INSERT INTO CD_VRSN_TBL (CD_ID, STS_CD_ID, CRT_USR_ID, MNEMONIC, CLS_ID) VALUES ('7a4a0c9c-cf1c-423a-987e-d2a5717ac74e', 'c8064cbd-fa06-4530-b430-1a52f1530c27', 'fadca076-3690-4a6e-af9e-f1cd68e8c7e8', 'EventCritereon', 'bba99722-23ce-469a-8fa5-10deba853d35');
INSERT INTO CD_VRSN_TBL (CD_ID, STS_CD_ID, CRT_USR_ID, MNEMONIC, CLS_ID) VALUES ('ec74541f-87c4-4327-a4b9-97f325501747', 'c8064cbd-fa06-4530-b430-1a52f1530c27', 'fadca076-3690-4a6e-af9e-f1cd68e8c7e8', 'Eventoccurrence', 'bba99722-23ce-469a-8fa5-10deba853d35');
INSERT INTO CD_VRSN_TBL (CD_ID, STS_CD_ID, CRT_USR_ID, MNEMONIC, CLS_ID) VALUES ('29894070-a76b-47ef-8c16-d84e0acd9ea6', 'c8064cbd-fa06-4530-b430-1a52f1530c27', 'fadca076-3690-4a6e-af9e-f1cd68e8c7e8', 'HasAuthorization', 'f51dfdcd-039b-4e1f-90be-3cf56aef8da4');
INSERT INTO CD_VRSN_TBL (CD_ID, STS_CD_ID, CRT_USR_ID, MNEMONIC, CLS_ID) VALUES ('646542bc-72e4-488b-bbf4-865d452e62ec', 'c8064cbd-fa06-4530-b430-1a52f1530c27', 'fadca076-3690-4a6e-af9e-f1cd68e8c7e8', 'Fulfills', 'f51dfdcd-039b-4e1f-90be-3cf56aef8da4');
INSERT INTO CD_VRSN_TBL (CD_ID, STS_CD_ID, CRT_USR_ID, MNEMONIC, CLS_ID) VALUES ('78b9540f-438b-4b6f-8d83-aaf4979dbc64', 'c8064cbd-fa06-4530-b430-1a52f1530c27', 'fadca076-3690-4a6e-af9e-f1cd68e8c7e8', 'HasComponent', 'f51dfdcd-039b-4e1f-90be-3cf56aef8da4');
INSERT INTO CD_VRSN_TBL (CD_ID, STS_CD_ID, CRT_USR_ID, MNEMONIC, CLS_ID) VALUES ('26fe590c-3684-4574-9359-057fdd06ba61', 'c8064cbd-fa06-4530-b430-1a52f1530c27', 'fadca076-3690-4a6e-af9e-f1cd68e8c7e8', 'Arrival', 'f51dfdcd-039b-4e1f-90be-3cf56aef8da4');
INSERT INTO CD_VRSN_TBL (CD_ID, STS_CD_ID, CRT_USR_ID, MNEMONIC, CLS_ID) VALUES ('85f68168-2a43-4532-bc79-191fa0b47c8b', 'c8064cbd-fa06-4530-b430-1a52f1530c27', 'fadca076-3690-4a6e-af9e-f1cd68e8c7e8', 'HasControlVariable', 'f51dfdcd-039b-4e1f-90be-3cf56aef8da4');
INSERT INTO CD_VRSN_TBL (CD_ID, STS_CD_ID, CRT_USR_ID, MNEMONIC, CLS_ID) VALUES ('28c81cdc-ca56-4c92-b691-094e89630642', 'c8064cbd-fa06-4530-b430-1a52f1530c27', 'fadca076-3690-4a6e-af9e-f1cd68e8c7e8', 'Departure', 'f51dfdcd-039b-4e1f-90be-3cf56aef8da4');
INSERT INTO CD_VRSN_TBL (CD_ID, STS_CD_ID, CRT_USR_ID, MNEMONIC, CLS_ID) VALUES ('5a280fc0-8c26-4191-b204-b1b1e4e19462', 'c8064cbd-fa06-4530-b430-1a52f1530c27', 'fadca076-3690-4a6e-af9e-f1cd68e8c7e8', 'HasPrecondition', 'f51dfdcd-039b-4e1f-90be-3cf56aef8da4');
INSERT INTO CD_VRSN_TBL (CD_ID, STS_CD_ID, CRT_USR_ID, MNEMONIC, CLS_ID) VALUES ('99488a1d-6d97-4013-8c91-ded6ad3b8e89', 'c8064cbd-fa06-4530-b430-1a52f1530c27', 'fadca076-3690-4a6e-af9e-f1cd68e8c7e8', 'HasReferenceValues', 'f51dfdcd-039b-4e1f-90be-3cf56aef8da4');
INSERT INTO CD_VRSN_TBL (CD_ID, STS_CD_ID, CRT_USR_ID, MNEMONIC, CLS_ID) VALUES ('07e4d325-63b9-487d-a22c-9b194c09a6ba', 'c8064cbd-fa06-4530-b430-1a52f1530c27', 'fadca076-3690-4a6e-af9e-f1cd68e8c7e8', 'ArgentinePeso', '0d6b3439-c9be-4480-af39-eeb457c052d0');
INSERT INTO CD_VRSN_TBL (CD_ID, STS_CD_ID, CRT_USR_ID, MNEMONIC, CLS_ID) VALUES ('c3b1a717-74d0-4ae3-830c-efddcc57bb92', 'c8064cbd-fa06-4530-b430-1a52f1530c27', 'fadca076-3690-4a6e-af9e-f1cd68e8c7e8', 'AustralianDollar', '0d6b3439-c9be-4480-af39-eeb457c052d0');
INSERT INTO CD_VRSN_TBL (CD_ID, STS_CD_ID, CRT_USR_ID, MNEMONIC, CLS_ID) VALUES ('16d4c8a8-5776-4c34-b189-018d236f1cb6', 'c8064cbd-fa06-4530-b430-1a52f1530c27', 'fadca076-3690-4a6e-af9e-f1cd68e8c7e8', 'BrazilianReal', '0d6b3439-c9be-4480-af39-eeb457c052d0');
INSERT INTO CD_VRSN_TBL (CD_ID, STS_CD_ID, CRT_USR_ID, MNEMONIC, CLS_ID) VALUES ('802ae6bb-31b8-401a-9d40-9ce3c3da227c', 'c8064cbd-fa06-4530-b430-1a52f1530c27', 'fadca076-3690-4a6e-af9e-f1cd68e8c7e8', 'CanadianDollar', '0d6b3439-c9be-4480-af39-eeb457c052d0');
INSERT INTO CD_VRSN_TBL (CD_ID, STS_CD_ID, CRT_USR_ID, MNEMONIC, CLS_ID) VALUES ('2ca49a5f-af50-402d-9263-7725071c3ed9', 'c8064cbd-fa06-4530-b430-1a52f1530c27', 'fadca076-3690-4a6e-af9e-f1cd68e8c7e8', 'SwissFranc', '0d6b3439-c9be-4480-af39-eeb457c052d0');
INSERT INTO CD_VRSN_TBL (CD_ID, STS_CD_ID, CRT_USR_ID, MNEMONIC, CLS_ID) VALUES ('f81e1097-ed9e-461b-9e1f-52bd7ed47236', 'c8064cbd-fa06-4530-b430-1a52f1530c27', 'fadca076-3690-4a6e-af9e-f1cd68e8c7e8', 'UnidadesDeFormento', '0d6b3439-c9be-4480-af39-eeb457c052d0');
INSERT INTO CD_VRSN_TBL (CD_ID, STS_CD_ID, CRT_USR_ID, MNEMONIC, CLS_ID) VALUES ('31a56b8d-b358-453a-a3c8-b1d60ee52578', 'c8064cbd-fa06-4530-b430-1a52f1530c27', 'fadca076-3690-4a6e-af9e-f1cd68e8c7e8', 'YuanRenminbi', '0d6b3439-c9be-4480-af39-eeb457c052d0');
INSERT INTO CD_VRSN_TBL (CD_ID, STS_CD_ID, CRT_USR_ID, MNEMONIC, CLS_ID) VALUES ('50829a86-6643-423c-bbae-eb3119575349', 'c8064cbd-fa06-4530-b430-1a52f1530c27', 'fadca076-3690-4a6e-af9e-f1cd68e8c7e8', 'DeutscheMark', '0d6b3439-c9be-4480-af39-eeb457c052d0');
INSERT INTO CD_VRSN_TBL (CD_ID, STS_CD_ID, CRT_USR_ID, MNEMONIC, CLS_ID) VALUES ('9b3412c0-adb9-41fa-9b23-2557bd0b3348', 'c8064cbd-fa06-4530-b430-1a52f1530c27', 'fadca076-3690-4a6e-af9e-f1cd68e8c7e8', 'SpanishPeseta', '0d6b3439-c9be-4480-af39-eeb457c052d0');
INSERT INTO CD_VRSN_TBL (CD_ID, STS_CD_ID, CRT_USR_ID, MNEMONIC, CLS_ID) VALUES ('4f509ada-d366-41ac-bd84-e0b3046a0ffc', 'c8064cbd-fa06-4530-b430-1a52f1530c27', 'fadca076-3690-4a6e-af9e-f1cd68e8c7e8', 'Euro', '0d6b3439-c9be-4480-af39-eeb457c052d0');
INSERT INTO CD_VRSN_TBL (CD_ID, STS_CD_ID, CRT_USR_ID, MNEMONIC, CLS_ID) VALUES ('e769140d-195e-4fdf-b64f-0da4ecf74b36', 'c8064cbd-fa06-4530-b430-1a52f1530c27', 'fadca076-3690-4a6e-af9e-f1cd68e8c7e8', 'Markka', '0d6b3439-c9be-4480-af39-eeb457c052d0');
INSERT INTO CD_VRSN_TBL (CD_ID, STS_CD_ID, CRT_USR_ID, MNEMONIC, CLS_ID) VALUES ('221bc06c-27f4-4244-8efe-a7b968fbdbd6', 'c8064cbd-fa06-4530-b430-1a52f1530c27', 'fadca076-3690-4a6e-af9e-f1cd68e8c7e8', 'FrenchFranc', '0d6b3439-c9be-4480-af39-eeb457c052d0');
INSERT INTO CD_VRSN_TBL (CD_ID, STS_CD_ID, CRT_USR_ID, MNEMONIC, CLS_ID) VALUES ('d920a941-ec06-4d0d-9f60-631b790f8e0d', 'c8064cbd-fa06-4530-b430-1a52f1530c27', 'fadca076-3690-4a6e-af9e-f1cd68e8c7e8', 'PoundSterling', '0d6b3439-c9be-4480-af39-eeb457c052d0');
INSERT INTO CD_VRSN_TBL (CD_ID, STS_CD_ID, CRT_USR_ID, MNEMONIC, CLS_ID) VALUES ('f730f892-ebcc-43bc-8d39-bda98bc76563', 'c8064cbd-fa06-4530-b430-1a52f1530c27', 'fadca076-3690-4a6e-af9e-f1cd68e8c7e8', 'Shekel', '0d6b3439-c9be-4480-af39-eeb457c052d0');
INSERT INTO CD_VRSN_TBL (CD_ID, STS_CD_ID, CRT_USR_ID, MNEMONIC, CLS_ID) VALUES ('e0f40a69-0e09-44e1-bd37-080ac88661e3', 'c8064cbd-fa06-4530-b430-1a52f1530c27', 'fadca076-3690-4a6e-af9e-f1cd68e8c7e8', 'IndianRupee', '0d6b3439-c9be-4480-af39-eeb457c052d0');
INSERT INTO CD_VRSN_TBL (CD_ID, STS_CD_ID, CRT_USR_ID, MNEMONIC, CLS_ID) VALUES ('da22b2fb-bf0b-4aa6-8dcc-cb4c4cad1ca8', 'c8064cbd-fa06-4530-b430-1a52f1530c27', 'fadca076-3690-4a6e-af9e-f1cd68e8c7e8', 'Yen', '0d6b3439-c9be-4480-af39-eeb457c052d0');
INSERT INTO CD_VRSN_TBL (CD_ID, STS_CD_ID, CRT_USR_ID, MNEMONIC, CLS_ID) VALUES ('c898b180-dad0-4115-9200-f48329fd7771', 'c8064cbd-fa06-4530-b430-1a52f1530c27', 'fadca076-3690-4a6e-af9e-f1cd68e8c7e8', 'Won', '0d6b3439-c9be-4480-af39-eeb457c052d0');
INSERT INTO CD_VRSN_TBL (CD_ID, STS_CD_ID, CRT_USR_ID, MNEMONIC, CLS_ID) VALUES ('cfbed12b-ffb1-48d7-b0ab-68f898a76749', 'c8064cbd-fa06-4530-b430-1a52f1530c27', 'fadca076-3690-4a6e-af9e-f1cd68e8c7e8', 'MexicanNuevoPeso', '0d6b3439-c9be-4480-af39-eeb457c052d0');
INSERT INTO CD_VRSN_TBL (CD_ID, STS_CD_ID, CRT_USR_ID, MNEMONIC, CLS_ID) VALUES ('a5a71f07-0235-42e8-beab-adefeb357bf5', 'c8064cbd-fa06-4530-b430-1a52f1530c27', 'fadca076-3690-4a6e-af9e-f1cd68e8c7e8', 'NetherlandsGuilder', '0d6b3439-c9be-4480-af39-eeb457c052d0');
INSERT INTO CD_VRSN_TBL (CD_ID, STS_CD_ID, CRT_USR_ID, MNEMONIC, CLS_ID) VALUES ('742b318f-8198-4dde-9b43-34d20d0c18e2', 'c8064cbd-fa06-4530-b430-1a52f1530c27', 'fadca076-3690-4a6e-af9e-f1cd68e8c7e8', 'NewZealandDollar', '0d6b3439-c9be-4480-af39-eeb457c052d0');
INSERT INTO CD_VRSN_TBL (CD_ID, STS_CD_ID, CRT_USR_ID, MNEMONIC, CLS_ID) VALUES ('a0d72d7c-b32f-4619-a943-f40ced704df6', 'c8064cbd-fa06-4530-b430-1a52f1530c27', 'fadca076-3690-4a6e-af9e-f1cd68e8c7e8', 'PhilippinePeso', '0d6b3439-c9be-4480-af39-eeb457c052d0');
INSERT INTO CD_VRSN_TBL (CD_ID, STS_CD_ID, CRT_USR_ID, MNEMONIC, CLS_ID) VALUES ('c44dd7b3-4e4e-493f-9ace-557ca3c672a7', 'c8064cbd-fa06-4530-b430-1a52f1530c27', 'fadca076-3690-4a6e-af9e-f1cd68e8c7e8', 'RussianRuble', '0d6b3439-c9be-4480-af39-eeb457c052d0');
INSERT INTO CD_VRSN_TBL (CD_ID, STS_CD_ID, CRT_USR_ID, MNEMONIC, CLS_ID) VALUES ('44d04d8c-a81b-47ce-8857-c88cc92e8dfc', 'c8064cbd-fa06-4530-b430-1a52f1530c27', 'fadca076-3690-4a6e-af9e-f1cd68e8c7e8', 'Baht', '0d6b3439-c9be-4480-af39-eeb457c052d0');
INSERT INTO CD_VRSN_TBL (CD_ID, STS_CD_ID, CRT_USR_ID, MNEMONIC, CLS_ID) VALUES ('eb55fb0a-126d-4f97-a7e4-454d600c5c9a', 'c8064cbd-fa06-4530-b430-1a52f1530c27', 'fadca076-3690-4a6e-af9e-f1cd68e8c7e8', 'Lira', '0d6b3439-c9be-4480-af39-eeb457c052d0');
INSERT INTO CD_VRSN_TBL (CD_ID, STS_CD_ID, CRT_USR_ID, MNEMONIC, CLS_ID) VALUES ('d18cc00b-c339-47a5-9ff9-23c77542a5c3', 'c8064cbd-fa06-4530-b430-1a52f1530c27', 'fadca076-3690-4a6e-af9e-f1cd68e8c7e8', 'TaiwanDollar', '0d6b3439-c9be-4480-af39-eeb457c052d0');
INSERT INTO CD_VRSN_TBL (CD_ID, STS_CD_ID, CRT_USR_ID, MNEMONIC, CLS_ID) VALUES ('65c0a364-b1bf-4b16-8c28-6d1e2fc90ad1', 'c8064cbd-fa06-4530-b430-1a52f1530c27', 'fadca076-3690-4a6e-af9e-f1cd68e8c7e8', 'USDollar', '0d6b3439-c9be-4480-af39-eeb457c052d0');
INSERT INTO CD_VRSN_TBL (CD_ID, STS_CD_ID, CRT_USR_ID, MNEMONIC, CLS_ID) VALUES ('69f1fd07-ba26-4e92-8ad0-deac7559e90f', 'c8064cbd-fa06-4530-b430-1a52f1530c27', 'fadca076-3690-4a6e-af9e-f1cd68e8c7e8', 'Rand', '0d6b3439-c9be-4480-af39-eeb457c052d0');
INSERT INTO CD_VRSN_TBL (CD_ID, STS_CD_ID, CRT_USR_ID, MNEMONIC, CLS_ID) VALUES ('1373ff04-a6ef-420a-b1d0-4a07465fe8e8', 'c8064cbd-fa06-4530-b430-1a52f1530c27', 'fadca076-3690-4a6e-af9e-f1cd68e8c7e8', 'DEV', '17fd5254-8c25-4abb-b246-083fbe9afa15');
INSERT INTO CD_VRSN_TBL (CD_ID, STS_CD_ID, CRT_USR_ID, MNEMONIC, CLS_ID) VALUES ('b76ff324-b174-40b7-a6ac-d1fdf8e23967', 'c8064cbd-fa06-4530-b430-1a52f1530c27', 'fadca076-3690-4a6e-af9e-f1cd68e8c7e8', 'CONT', '17fd5254-8c25-4abb-b246-083fbe9afa15');
INSERT INTO CD_VRSN_TBL (CD_ID, STS_CD_ID, CRT_USR_ID, MNEMONIC, CLS_ID) VALUES ('0b019bcf-c51f-4b8c-bfae-b7232a7dfb59', 'c8064cbd-fa06-4530-b430-1a52f1530c27', 'fadca076-3690-4a6e-af9e-f1cd68e8c7e8', 'MMAT', '17fd5254-8c25-4abb-b246-083fbe9afa15');
INSERT INTO CD_VRSN_TBL (CD_ID, STS_CD_ID, CRT_USR_ID, MNEMONIC, CLS_ID) VALUES ('4a2de544-f8c9-4e29-b156-df478d5cbe25', 'c8064cbd-fa06-4530-b430-1a52f1530c27', 'fadca076-3690-4a6e-af9e-f1cd68e8c7e8', 'ORG', '17fd5254-8c25-4abb-b246-083fbe9afa15');
INSERT INTO CD_VRSN_TBL (CD_ID, STS_CD_ID, CRT_USR_ID, MNEMONIC, CLS_ID) VALUES ('fbf1a25a-b874-4d1b-83a9-da193869ee78', 'c8064cbd-fa06-4530-b430-1a52f1530c27', 'fadca076-3690-4a6e-af9e-f1cd68e8c7e8', 'PSN', '17fd5254-8c25-4abb-b246-083fbe9afa15');
INSERT INTO CD_VRSN_TBL (CD_ID, STS_CD_ID, CRT_USR_ID, MNEMONIC, CLS_ID) VALUES ('74cd3296-cb58-4984-9750-d077a130ce05', 'c8064cbd-fa06-4530-b430-1a52f1530c27', 'fadca076-3690-4a6e-af9e-f1cd68e8c7e8', 'PLC', '17fd5254-8c25-4abb-b246-083fbe9afa15');
INSERT INTO CD_VRSN_TBL (CD_ID, STS_CD_ID, CRT_USR_ID, MNEMONIC, CLS_ID) VALUES ('e29fcfad-ec1d-4c60-a055-039a494248ae', 'c8064cbd-fa06-4530-b430-1a52f1530c27', 'fadca076-3690-4a6e-af9e-f1cd68e8c7e8', 'Entity', '17fd5254-8c25-4abb-b246-083fbe9afa15');
INSERT INTO CD_VRSN_TBL (CD_ID, STS_CD_ID, CRT_USR_ID, MNEMONIC, CLS_ID) VALUES ('fdf8335e-1f12-4de0-8356-f8778ed41c21', 'c8064cbd-fa06-4530-b430-1a52f1530c27', 'fadca076-3690-4a6e-af9e-f1cd68e8c7e8', 'HealthChartEntity', '17fd5254-8c25-4abb-b246-083fbe9afa15');
INSERT INTO CD_VRSN_TBL (CD_ID, STS_CD_ID, CRT_USR_ID, MNEMONIC, CLS_ID) VALUES ('8ba5e5c9-693b-49d4-973c-d7010f3a23ee', 'c8064cbd-fa06-4530-b430-1a52f1530c27', 'fadca076-3690-4a6e-af9e-f1cd68e8c7e8', 'LivingSubject', '17fd5254-8c25-4abb-b246-083fbe9afa15');
INSERT INTO CD_VRSN_TBL (CD_ID, STS_CD_ID, CRT_USR_ID, MNEMONIC, CLS_ID) VALUES ('9025e5c9-693b-49d4-973c-d7010f3a23ee', 'c8064cbd-fa06-4530-b430-1a52f1530c27', 'fadca076-3690-4a6e-af9e-f1cd68e8c7e8', 'NonLivingSubject', '17fd5254-8c25-4abb-b246-083fbe9afa15');

INSERT INTO CD_VRSN_TBL (CD_ID, STS_CD_ID, CRT_USR_ID, MNEMONIC, CLS_ID) VALUES ('8a6cb575-cf22-4184-a2b7-d9e99d2cd850', 'c8064cbd-fa06-4530-b430-1a52f1530c27', 'fadca076-3690-4a6e-af9e-f1cd68e8c7e8', 'NonpersonLivingSubject', '17fd5254-8c25-4abb-b246-083fbe9afa15');
INSERT INTO CD_VRSN_TBL (CD_ID, STS_CD_ID, CRT_USR_ID, MNEMONIC, CLS_ID) VALUES ('61fcbf42-b5e0-4fb5-9392-108a5c6dbec7', 'c8064cbd-fa06-4530-b430-1a52f1530c27', 'fadca076-3690-4a6e-af9e-f1cd68e8c7e8', 'Animal', '17fd5254-8c25-4abb-b246-083fbe9afa15');
INSERT INTO CD_VRSN_TBL (CD_ID, STS_CD_ID, CRT_USR_ID, MNEMONIC, CLS_ID) VALUES ('0162f67f-50a6-4743-88b6-edcde354caca', 'c8064cbd-fa06-4530-b430-1a52f1530c27', 'fadca076-3690-4a6e-af9e-f1cd68e8c7e8', 'Microorganism', '17fd5254-8c25-4abb-b246-083fbe9afa15');
INSERT INTO CD_VRSN_TBL (CD_ID, STS_CD_ID, CRT_USR_ID, MNEMONIC, CLS_ID) VALUES ('b91f756a-5b37-409e-8cf9-c985d5dba2f1', 'c8064cbd-fa06-4530-b430-1a52f1530c27', 'fadca076-3690-4a6e-af9e-f1cd68e8c7e8', 'Plant', '17fd5254-8c25-4abb-b246-083fbe9afa15');
INSERT INTO CD_VRSN_TBL (CD_ID, STS_CD_ID, CRT_USR_ID, MNEMONIC, CLS_ID) VALUES ('9de2a846-ddf2-4ebc-902e-84508c5089ea', 'c8064cbd-fa06-4530-b430-1a52f1530c27', 'fadca076-3690-4a6e-af9e-f1cd68e8c7e8', 'Person', '17fd5254-8c25-4abb-b246-083fbe9afa15');
INSERT INTO CD_VRSN_TBL (CD_ID, STS_CD_ID, CRT_USR_ID, MNEMONIC, CLS_ID) VALUES ('d39073be-0f8f-440e-b8c8-7034cc138a95', 'c8064cbd-fa06-4530-b430-1a52f1530c27', 'fadca076-3690-4a6e-af9e-f1cd68e8c7e8', 'Material', '17fd5254-8c25-4abb-b246-083fbe9afa15');
INSERT INTO CD_VRSN_TBL (CD_ID, STS_CD_ID, CRT_USR_ID, MNEMONIC, CLS_ID) VALUES ('2e9fa332-9391-48c6-9fc8-920a750b25d3', 'c8064cbd-fa06-4530-b430-1a52f1530c27', 'fadca076-3690-4a6e-af9e-f1cd68e8c7e8', 'ChemicalSubstance', '17fd5254-8c25-4abb-b246-083fbe9afa15');
INSERT INTO CD_VRSN_TBL (CD_ID, STS_CD_ID, CRT_USR_ID, MNEMONIC, CLS_ID) VALUES ('e5a09cc2-5ae5-40c2-8e32-687dba06715d', 'c8064cbd-fa06-4530-b430-1a52f1530c27', 'fadca076-3690-4a6e-af9e-f1cd68e8c7e8', 'Food', '17fd5254-8c25-4abb-b246-083fbe9afa15');
INSERT INTO CD_VRSN_TBL (CD_ID, STS_CD_ID, CRT_USR_ID, MNEMONIC, CLS_ID) VALUES ('fafec286-89d5-420b-9085-054aca9d1eef', 'c8064cbd-fa06-4530-b430-1a52f1530c27', 'fadca076-3690-4a6e-af9e-f1cd68e8c7e8', 'ManufacturedMaterial', '17fd5254-8c25-4abb-b246-083fbe9afa15');
INSERT INTO CD_VRSN_TBL (CD_ID, STS_CD_ID, CRT_USR_ID, MNEMONIC, CLS_ID) VALUES ('2452b691-f122-4121-b9df-76d990b43f35', 'c8064cbd-fa06-4530-b430-1a52f1530c27', 'fadca076-3690-4a6e-af9e-f1cd68e8c7e8', 'Holder', '17fd5254-8c25-4abb-b246-083fbe9afa15');
INSERT INTO CD_VRSN_TBL (CD_ID, STS_CD_ID, CRT_USR_ID, MNEMONIC, CLS_ID) VALUES ('2a7043bc-6cca-447d-b230-8414f790cdb6', 'c8064cbd-fa06-4530-b430-1a52f1530c27', 'fadca076-3690-4a6e-af9e-f1cd68e8c7e8', 'CertificateRepresentation', '17fd5254-8c25-4abb-b246-083fbe9afa15');
INSERT INTO CD_VRSN_TBL (CD_ID, STS_CD_ID, CRT_USR_ID, MNEMONIC, CLS_ID) VALUES ('a1fa9cd6-1ce7-4f7e-a0c1-7a503f9f1255', 'c8064cbd-fa06-4530-b430-1a52f1530c27', 'fadca076-3690-4a6e-af9e-f1cd68e8c7e8', 'ImagingModality', '17fd5254-8c25-4abb-b246-083fbe9afa15');
INSERT INTO CD_VRSN_TBL (CD_ID, STS_CD_ID, CRT_USR_ID, MNEMONIC, CLS_ID) VALUES ('7c08bd55-4d42-49cd-92f8-6388d6c4183f', 'c8064cbd-fa06-4530-b430-1a52f1530c27', 'fadca076-3690-4a6e-af9e-f1cd68e8c7e8', 'Organization', '17fd5254-8c25-4abb-b246-083fbe9afa15');
INSERT INTO CD_VRSN_TBL (CD_ID, STS_CD_ID, CRT_USR_ID, MNEMONIC, CLS_ID) VALUES ('0b3c64f4-220d-44e5-bdc6-4bfad6120963', 'c8064cbd-fa06-4530-b430-1a52f1530c27', 'fadca076-3690-4a6e-af9e-f1cd68e8c7e8', 'PublicInstitution', '17fd5254-8c25-4abb-b246-083fbe9afa15');
INSERT INTO CD_VRSN_TBL (CD_ID, STS_CD_ID, CRT_USR_ID, MNEMONIC, CLS_ID) VALUES ('8cf4b0b0-84e5-4122-85fe-6afa8240c218', 'c8064cbd-fa06-4530-b430-1a52f1530c27', 'fadca076-3690-4a6e-af9e-f1cd68e8c7e8', 'State', '17fd5254-8c25-4abb-b246-083fbe9afa15');
INSERT INTO CD_VRSN_TBL (CD_ID, STS_CD_ID, CRT_USR_ID, MNEMONIC, CLS_ID) VALUES ('c7ace528-277d-4efb-94ee-bfd1278f40f7', 'c8064cbd-fa06-4530-b430-1a52f1530c27', 'fadca076-3690-4a6e-af9e-f1cd68e8c7e8', 'Nation', '17fd5254-8c25-4abb-b246-083fbe9afa15');
INSERT INTO CD_VRSN_TBL (CD_ID, STS_CD_ID, CRT_USR_ID, MNEMONIC, CLS_ID) VALUES ('21ab7873-8ef3-4d78-9c19-4582b3c40631', 'c8064cbd-fa06-4530-b430-1a52f1530c27', 'fadca076-3690-4a6e-af9e-f1cd68e8c7e8', 'Place', '17fd5254-8c25-4abb-b246-083fbe9afa15');
INSERT INTO CD_VRSN_TBL (CD_ID, STS_CD_ID, CRT_USR_ID, MNEMONIC, CLS_ID) VALUES ('79dd4f75-68e8-4722-a7f5-8bc2e08f5cd6', 'c8064cbd-fa06-4530-b430-1a52f1530c27', 'fadca076-3690-4a6e-af9e-f1cd68e8c7e8', 'CityOrTown', '17fd5254-8c25-4abb-b246-083fbe9afa15');
INSERT INTO CD_VRSN_TBL (CD_ID, STS_CD_ID, CRT_USR_ID, MNEMONIC, CLS_ID) VALUES ('48b2ffb3-07db-47ba-ad73-fc8fb8502471', 'c8064cbd-fa06-4530-b430-1a52f1530c27', 'fadca076-3690-4a6e-af9e-f1cd68e8c7e8', 'Country', '17fd5254-8c25-4abb-b246-083fbe9afa15');
INSERT INTO CD_VRSN_TBL (CD_ID, STS_CD_ID, CRT_USR_ID, MNEMONIC, CLS_ID) VALUES ('6eefee7d-dff5-46d3-a6a7-171ef93879c7', 'c8064cbd-fa06-4530-b430-1a52f1530c27', 'fadca076-3690-4a6e-af9e-f1cd68e8c7e8', 'CountyOrParish', '17fd5254-8c25-4abb-b246-083fbe9afa15');
INSERT INTO CD_VRSN_TBL (CD_ID, STS_CD_ID, CRT_USR_ID, MNEMONIC, CLS_ID) VALUES ('4d1a5c28-deb7-411e-b75f-d524f90dfa63', 'BDEF5F90-5497-4F26-956C-8F818CCE2BD2', 'fadca076-3690-4a6e-af9e-f1cd68e8c7e8', 'StateOrProvince', '17fd5254-8c25-4abb-b246-083fbe9afa15');
INSERT INTO CD_VRSN_TBL (CD_ID, STS_CD_ID, CRT_USR_ID, MNEMONIC, CLS_ID) VALUES ('1935aaf6-d487-4c82-ac17-fb917b5b6d71', 'c8064cbd-fa06-4530-b430-1a52f1530c27', 'fadca076-3690-4a6e-af9e-f1cd68e8c7e8', 'Group', '17fd5254-8c25-4abb-b246-083fbe9afa15');
INSERT INTO CD_VRSN_TBL (CD_ID, STS_CD_ID, CRT_USR_ID, MNEMONIC, CLS_ID) VALUES ('f29f08de-78a7-4a5e-aeaf-7b545ba19a09', 'c8064cbd-fa06-4530-b430-1a52f1530c27', 'fadca076-3690-4a6e-af9e-f1cd68e8c7e8', 'Specific', '0d6b3439-c9be-4480-af39-eeb457c052d0');
INSERT INTO CD_VRSN_TBL (CD_ID, STS_CD_ID, CRT_USR_ID, MNEMONIC, CLS_ID) VALUES ('ad28a7ac-a66b-42c4-91b4-de40a2b11980', 'c8064cbd-fa06-4530-b430-1a52f1530c27', 'fadca076-3690-4a6e-af9e-f1cd68e8c7e8', 'Described', '0d6b3439-c9be-4480-af39-eeb457c052d0');
INSERT INTO CD_VRSN_TBL (CD_ID, STS_CD_ID, CRT_USR_ID, MNEMONIC, CLS_ID) VALUES ('604cf1b7-8891-49fb-b95f-3e4e875691bc', 'c8064cbd-fa06-4530-b430-1a52f1530c27', 'fadca076-3690-4a6e-af9e-f1cd68e8c7e8', 'DescribedQuantified', '0d6b3439-c9be-4480-af39-eeb457c052d0');
INSERT INTO CD_VRSN_TBL (CD_ID, STS_CD_ID, CRT_USR_ID, MNEMONIC, CLS_ID) VALUES ('71651ed8-8c91-4839-b76e-9bfdd2edba43', 'c8064cbd-fa06-4530-b430-1a52f1530c27', 'fadca076-3690-4a6e-af9e-f1cd68e8c7e8', 'AUTHEN', '0d6b3439-c9be-4480-af39-eeb457c052d0');
INSERT INTO CD_VRSN_TBL (CD_ID, STS_CD_ID, CRT_USR_ID, MNEMONIC, CLS_ID) VALUES ('f0cb3faf-435d-4704-9217-b884f757bc14', 'c8064cbd-fa06-4530-b430-1a52f1530c27', 'fadca076-3690-4a6e-af9e-f1cd68e8c7e8', 'Authororiginator', '0d6b3439-c9be-4480-af39-eeb457c052d0');
INSERT INTO CD_VRSN_TBL (CD_ID, STS_CD_ID, CRT_USR_ID, MNEMONIC, CLS_ID) VALUES ('f158af2a-d405-4616-a459-50e8494a9a56', 'c8064cbd-fa06-4530-b430-1a52f1530c27', 'fadca076-3690-4a6e-af9e-f1cd68e8c7e8', 'CSM', '0d6b3439-c9be-4480-af39-eeb457c052d0');
INSERT INTO CD_VRSN_TBL (CD_ID, STS_CD_ID, CRT_USR_ID, MNEMONIC, CLS_ID) VALUES ('cc35ad2b-6699-4946-ae38-76ab08193f41', 'c8064cbd-fa06-4530-b430-1a52f1530c27', 'fadca076-3690-4a6e-af9e-f1cd68e8c7e8', 'CST', '0d6b3439-c9be-4480-af39-eeb457c052d0');
INSERT INTO CD_VRSN_TBL (CD_ID, STS_CD_ID, CRT_USR_ID, MNEMONIC, CLS_ID) VALUES ('c50d66d2-e5da-4a34-b2b7-4cd4fe4ef2c4', 'c8064cbd-fa06-4530-b430-1a52f1530c27', 'fadca076-3690-4a6e-af9e-f1cd68e8c7e8', 'ENT', '0d6b3439-c9be-4480-af39-eeb457c052d0');
INSERT INTO CD_VRSN_TBL (CD_ID, STS_CD_ID, CRT_USR_ID, MNEMONIC, CLS_ID) VALUES ('39604248-7812-4b60-bc54-8cc1fffb1de6', 'c8064cbd-fa06-4530-b430-1a52f1530c27', 'fadca076-3690-4a6e-af9e-f1cd68e8c7e8', 'Informant', '0d6b3439-c9be-4480-af39-eeb457c052d0');
INSERT INTO CD_VRSN_TBL (CD_ID, STS_CD_ID, CRT_USR_ID, MNEMONIC, CLS_ID) VALUES ('ec8a5482-2059-43fc-a4ce-04f71f64e3d8', 'c8064cbd-fa06-4530-b430-1a52f1530c27', 'fadca076-3690-4a6e-af9e-f1cd68e8c7e8', 'LA', '0d6b3439-c9be-4480-af39-eeb457c052d0');
INSERT INTO CD_VRSN_TBL (CD_ID, STS_CD_ID, CRT_USR_ID, MNEMONIC, CLS_ID) VALUES ('d64ed94f-e4a4-49a2-a0d8-1e6f393aab36', 'c8064cbd-fa06-4530-b430-1a52f1530c27', 'fadca076-3690-4a6e-af9e-f1cd68e8c7e8', 'PRF', '0d6b3439-c9be-4480-af39-eeb457c052d0');
INSERT INTO CD_VRSN_TBL (CD_ID, STS_CD_ID, CRT_USR_ID, MNEMONIC, CLS_ID) VALUES ('196405f1-e07e-494e-a56e-b4b563cd85fc', 'c8064cbd-fa06-4530-b430-1a52f1530c27', 'fadca076-3690-4a6e-af9e-f1cd68e8c7e8', 'PRD', '0d6b3439-c9be-4480-af39-eeb457c052d0');
INSERT INTO CD_VRSN_TBL (CD_ID, STS_CD_ID, CRT_USR_ID, MNEMONIC, CLS_ID) VALUES ('97ad6a1d-6871-448c-a504-cb82cabc0452', 'c8064cbd-fa06-4530-b430-1a52f1530c27', 'fadca076-3690-4a6e-af9e-f1cd68e8c7e8', 'RCT', '0d6b3439-c9be-4480-af39-eeb457c052d0');
INSERT INTO CD_VRSN_TBL (CD_ID, STS_CD_ID, CRT_USR_ID, MNEMONIC, CLS_ID) VALUES ('4c503921-1d6e-4149-a3c4-33f6be4646ce', 'c8064cbd-fa06-4530-b430-1a52f1530c27', 'fadca076-3690-4a6e-af9e-f1cd68e8c7e8', 'RESP', '0d6b3439-c9be-4480-af39-eeb457c052d0');
INSERT INTO CD_VRSN_TBL (CD_ID, STS_CD_ID, CRT_USR_ID, MNEMONIC, CLS_ID) VALUES ('4b8b0a87-7d2e-406d-aeb0-1041c3841b57', 'c8064cbd-fa06-4530-b430-1a52f1530c27', 'fadca076-3690-4a6e-af9e-f1cd68e8c7e8', 'SPC', '0d6b3439-c9be-4480-af39-eeb457c052d0');
INSERT INTO CD_VRSN_TBL (CD_ID, STS_CD_ID, CRT_USR_ID, MNEMONIC, CLS_ID) VALUES ('61848557-d78d-40e5-954f-0b9c97307a04', 'c8064cbd-fa06-4530-b430-1a52f1530c27', 'fadca076-3690-4a6e-af9e-f1cd68e8c7e8', 'Location', '0d6b3439-c9be-4480-af39-eeb457c052d0');
INSERT INTO CD_VRSN_TBL (CD_ID, STS_CD_ID, CRT_USR_ID, MNEMONIC, CLS_ID) VALUES ('455dadf8-c175-45a1-a859-34283a8210f8', 'c8064cbd-fa06-4530-b430-1a52f1530c27', 'fadca076-3690-4a6e-af9e-f1cd68e8c7e8', 'SBJ', '0d6b3439-c9be-4480-af39-eeb457c052d0');
INSERT INTO CD_VRSN_TBL (CD_ID, STS_CD_ID, CRT_USR_ID, MNEMONIC, CLS_ID) VALUES ('a0174216-6439-4351-9483-a241a48029b7', 'c8064cbd-fa06-4530-b430-1a52f1530c27', 'fadca076-3690-4a6e-af9e-f1cd68e8c7e8', 'Admitter', '0d6b3439-c9be-4480-af39-eeb457c052d0');
INSERT INTO CD_VRSN_TBL (CD_ID, STS_CD_ID, CRT_USR_ID, MNEMONIC, CLS_ID) VALUES ('6cbf29ad-ac51-48c9-885a-cfe3026ecf6e', 'c8064cbd-fa06-4530-b430-1a52f1530c27', 'fadca076-3690-4a6e-af9e-f1cd68e8c7e8', 'Attender', '0d6b3439-c9be-4480-af39-eeb457c052d0');
INSERT INTO CD_VRSN_TBL (CD_ID, STS_CD_ID, CRT_USR_ID, MNEMONIC, CLS_ID) VALUES ('9c4c40ae-2c15-4581-a496-be1abfe4eb66', 'c8064cbd-fa06-4530-b430-1a52f1530c27', 'fadca076-3690-4a6e-af9e-f1cd68e8c7e8', 'CallbackContact', '0d6b3439-c9be-4480-af39-eeb457c052d0');
INSERT INTO CD_VRSN_TBL (CD_ID, STS_CD_ID, CRT_USR_ID, MNEMONIC, CLS_ID) VALUES ('0a364ad7-f961-4d8a-93f0-1fd4176548b3', 'c8064cbd-fa06-4530-b430-1a52f1530c27', 'fadca076-3690-4a6e-af9e-f1cd68e8c7e8', 'Consultant', '0d6b3439-c9be-4480-af39-eeb457c052d0');
INSERT INTO CD_VRSN_TBL (CD_ID, STS_CD_ID, CRT_USR_ID, MNEMONIC, CLS_ID) VALUES ('d9f63423-ba9b-48d9-ba38-c404b784b670', 'c8064cbd-fa06-4530-b430-1a52f1530c27', 'fadca076-3690-4a6e-af9e-f1cd68e8c7e8', 'DIR', '0d6b3439-c9be-4480-af39-eeb457c052d0');
INSERT INTO CD_VRSN_TBL (CD_ID, STS_CD_ID, CRT_USR_ID, MNEMONIC, CLS_ID) VALUES ('a2594e6e-e8fe-4c68-82a5-d3a46dbec87d', 'c8064cbd-fa06-4530-b430-1a52f1530c27', 'fadca076-3690-4a6e-af9e-f1cd68e8c7e8', 'Discharger', '0d6b3439-c9be-4480-af39-eeb457c052d0');
INSERT INTO CD_VRSN_TBL (CD_ID, STS_CD_ID, CRT_USR_ID, MNEMONIC, CLS_ID) VALUES ('727a61ed-2f35-4e09-8bb6-6d09e2ba8fec', 'c8064cbd-fa06-4530-b430-1a52f1530c27', 'fadca076-3690-4a6e-af9e-f1cd68e8c7e8', 'Escort', '0d6b3439-c9be-4480-af39-eeb457c052d0');
INSERT INTO CD_VRSN_TBL (CD_ID, STS_CD_ID, CRT_USR_ID, MNEMONIC, CLS_ID) VALUES ('5a6a6766-8e1d-4d36-ae50-9b7d82d8a182', 'c8064cbd-fa06-4530-b430-1a52f1530c27', 'fadca076-3690-4a6e-af9e-f1cd68e8c7e8', 'EXPART', '0d6b3439-c9be-4480-af39-eeb457c052d0');
INSERT INTO CD_VRSN_TBL (CD_ID, STS_CD_ID, CRT_USR_ID, MNEMONIC, CLS_ID) VALUES ('3a9f0c2f-e322-4639-a8e7-0df67cac761b', 'c8064cbd-fa06-4530-b430-1a52f1530c27', 'fadca076-3690-4a6e-af9e-f1cd68e8c7e8', 'IND', '0d6b3439-c9be-4480-af39-eeb457c052d0');
INSERT INTO CD_VRSN_TBL (CD_ID, STS_CD_ID, CRT_USR_ID, MNEMONIC, CLS_ID) VALUES ('9790b291-b8a3-4c85-a240-c2c38885ad5d', 'c8064cbd-fa06-4530-b430-1a52f1530c27', 'fadca076-3690-4a6e-af9e-f1cd68e8c7e8', 'IRCP', '0d6b3439-c9be-4480-af39-eeb457c052d0');
INSERT INTO CD_VRSN_TBL (CD_ID, STS_CD_ID, CRT_USR_ID, MNEMONIC, CLS_ID) VALUES ('c704a23d-86ef-4e11-9050-f8aa10919ff2', 'c8064cbd-fa06-4530-b430-1a52f1530c27', 'fadca076-3690-4a6e-af9e-f1cd68e8c7e8', 'Participation', '0d6b3439-c9be-4480-af39-eeb457c052d0');
INSERT INTO CD_VRSN_TBL (CD_ID, STS_CD_ID, CRT_USR_ID, MNEMONIC, CLS_ID) VALUES ('5e8e0f8b-bc23-4847-82ab-49b8dd79981e', 'c8064cbd-fa06-4530-b430-1a52f1530c27', 'fadca076-3690-4a6e-af9e-f1cd68e8c7e8', 'Referrer', '0d6b3439-c9be-4480-af39-eeb457c052d0');
INSERT INTO CD_VRSN_TBL (CD_ID, STS_CD_ID, CRT_USR_ID, MNEMONIC, CLS_ID) VALUES ('de3f7527-e3c9-45ef-8574-00ca4495f767', 'c8064cbd-fa06-4530-b430-1a52f1530c27', 'fadca076-3690-4a6e-af9e-f1cd68e8c7e8', 'Transcriber', '0d6b3439-c9be-4480-af39-eeb457c052d0');
INSERT INTO CD_VRSN_TBL (CD_ID, STS_CD_ID, CRT_USR_ID, MNEMONIC, CLS_ID) VALUES ('0b82357f-5ae0-4543-ab8e-a33e9b315bab', 'c8064cbd-fa06-4530-b430-1a52f1530c27', 'fadca076-3690-4a6e-af9e-f1cd68e8c7e8', 'Witness', '0d6b3439-c9be-4480-af39-eeb457c052d0');
INSERT INTO CD_VRSN_TBL (CD_ID, STS_CD_ID, CRT_USR_ID, MNEMONIC, CLS_ID) VALUES ('649d6d69-139c-4006-ae45-aff4649d6079', 'c8064cbd-fa06-4530-b430-1a52f1530c27', 'fadca076-3690-4a6e-af9e-f1cd68e8c7e8', 'Custodian', '0d6b3439-c9be-4480-af39-eeb457c052d0');
INSERT INTO CD_VRSN_TBL (CD_ID, STS_CD_ID, CRT_USR_ID, MNEMONIC, CLS_ID) VALUES ('479896b0-35d5-4842-8109-5fdbee14e8a4', 'c8064cbd-fa06-4530-b430-1a52f1530c27', 'fadca076-3690-4a6e-af9e-f1cd68e8c7e8', 'Baby', '0d6b3439-c9be-4480-af39-eeb457c052d0');
INSERT INTO CD_VRSN_TBL (CD_ID, STS_CD_ID, CRT_USR_ID, MNEMONIC, CLS_ID) VALUES ('a5cac7f7-e3b7-4dd8-872c-db0e7fcc2d84', 'c8064cbd-fa06-4530-b430-1a52f1530c27', 'fadca076-3690-4a6e-af9e-f1cd68e8c7e8', 'Consumable', '0d6b3439-c9be-4480-af39-eeb457c052d0');
INSERT INTO CD_VRSN_TBL (CD_ID, STS_CD_ID, CRT_USR_ID, MNEMONIC, CLS_ID) VALUES ('6792db6c-fd5c-4ab8-96f5-ace5665bdcb9', 'c8064cbd-fa06-4530-b430-1a52f1530c27', 'fadca076-3690-4a6e-af9e-f1cd68e8c7e8', 'NonreuseableDevice', '0d6b3439-c9be-4480-af39-eeb457c052d0');
INSERT INTO CD_VRSN_TBL (CD_ID, STS_CD_ID, CRT_USR_ID, MNEMONIC, CLS_ID) VALUES ('76990d3d-3f27-4b39-836b-ba87eeba3328', 'c8064cbd-fa06-4530-b430-1a52f1530c27', 'fadca076-3690-4a6e-af9e-f1cd68e8c7e8', 'ReusableDevice', '0d6b3439-c9be-4480-af39-eeb457c052d0');
INSERT INTO CD_VRSN_TBL (CD_ID, STS_CD_ID, CRT_USR_ID, MNEMONIC, CLS_ID) VALUES ('be1235ee-710a-4732-88fd-6e895de7c56d', 'c8064cbd-fa06-4530-b430-1a52f1530c27', 'fadca076-3690-4a6e-af9e-f1cd68e8c7e8', 'Donor', '0d6b3439-c9be-4480-af39-eeb457c052d0');
INSERT INTO CD_VRSN_TBL (CD_ID, STS_CD_ID, CRT_USR_ID, MNEMONIC, CLS_ID) VALUES ('ea60a5a9-e971-4f0d-bb5d-dc7a0c74a2c9', 'c8064cbd-fa06-4530-b430-1a52f1530c27', 'fadca076-3690-4a6e-af9e-f1cd68e8c7e8', 'ExposureAgent', '0d6b3439-c9be-4480-af39-eeb457c052d0');
INSERT INTO CD_VRSN_TBL (CD_ID, STS_CD_ID, CRT_USR_ID, MNEMONIC, CLS_ID) VALUES ('ec401b5c-4c33-4229-9c72-428fc5db37ff', 'c8064cbd-fa06-4530-b430-1a52f1530c27', 'fadca076-3690-4a6e-af9e-f1cd68e8c7e8', 'ExposureTarget', '0d6b3439-c9be-4480-af39-eeb457c052d0');
INSERT INTO CD_VRSN_TBL (CD_ID, STS_CD_ID, CRT_USR_ID, MNEMONIC, CLS_ID) VALUES ('cbb6297b-743c-453c-8476-ba4c10a1c965', 'c8064cbd-fa06-4530-b430-1a52f1530c27', 'fadca076-3690-4a6e-af9e-f1cd68e8c7e8', 'ExposureSource', '0d6b3439-c9be-4480-af39-eeb457c052d0');
INSERT INTO CD_VRSN_TBL (CD_ID, STS_CD_ID, CRT_USR_ID, MNEMONIC, CLS_ID) VALUES ('99e77288-cb09-4050-a8cf-385513f32f0a', 'c8064cbd-fa06-4530-b430-1a52f1530c27', 'fadca076-3690-4a6e-af9e-f1cd68e8c7e8', 'Product', '0d6b3439-c9be-4480-af39-eeb457c052d0');
INSERT INTO CD_VRSN_TBL (CD_ID, STS_CD_ID, CRT_USR_ID, MNEMONIC, CLS_ID) VALUES ('03067700-ce37-405f-8ed3-e4965ba2f601', 'c8064cbd-fa06-4530-b430-1a52f1530c27', 'fadca076-3690-4a6e-af9e-f1cd68e8c7e8', 'Subject', '0d6b3439-c9be-4480-af39-eeb457c052d0');
INSERT INTO CD_VRSN_TBL (CD_ID, STS_CD_ID, CRT_USR_ID, MNEMONIC, CLS_ID) VALUES ('bce17b21-05b2-4f02-bf7a-c6d3561aa948', 'c8064cbd-fa06-4530-b430-1a52f1530c27', 'fadca076-3690-4a6e-af9e-f1cd68e8c7e8', 'Specimen', '0d6b3439-c9be-4480-af39-eeb457c052d0');
INSERT INTO CD_VRSN_TBL (CD_ID, STS_CD_ID, CRT_USR_ID, MNEMONIC, CLS_ID) VALUES ('28c744df-d889-4a44-bc1a-2e9e9d64af13', 'c8064cbd-fa06-4530-b430-1a52f1530c27', 'fadca076-3690-4a6e-af9e-f1cd68e8c7e8', 'Beneficiary', '0d6b3439-c9be-4480-af39-eeb457c052d0');
INSERT INTO CD_VRSN_TBL (CD_ID, STS_CD_ID, CRT_USR_ID, MNEMONIC, CLS_ID) VALUES ('7f81b83e-0d78-4685-8ba4-224eb315ce54', 'c8064cbd-fa06-4530-b430-1a52f1530c27', 'fadca076-3690-4a6e-af9e-f1cd68e8c7e8', 'CausativeAgent', '0d6b3439-c9be-4480-af39-eeb457c052d0');
INSERT INTO CD_VRSN_TBL (CD_ID, STS_CD_ID, CRT_USR_ID, MNEMONIC, CLS_ID) VALUES ('4b5471d4-e3fe-45f7-85a2-ae2b4f224757', 'c8064cbd-fa06-4530-b430-1a52f1530c27', 'fadca076-3690-4a6e-af9e-f1cd68e8c7e8', 'CoverageTarget', '0d6b3439-c9be-4480-af39-eeb457c052d0');
INSERT INTO CD_VRSN_TBL (CD_ID, STS_CD_ID, CRT_USR_ID, MNEMONIC, CLS_ID) VALUES ('28fb791e-179e-461a-b16c-cac13a04bd0a', 'c8064cbd-fa06-4530-b430-1a52f1530c27', 'fadca076-3690-4a6e-af9e-f1cd68e8c7e8', 'GuarantorParty', '0d6b3439-c9be-4480-af39-eeb457c052d0');
INSERT INTO CD_VRSN_TBL (CD_ID, STS_CD_ID, CRT_USR_ID, MNEMONIC, CLS_ID) VALUES ('3f92dbee-a65e-434f-98ce-841feeb02e3f', 'c8064cbd-fa06-4530-b430-1a52f1530c27', 'fadca076-3690-4a6e-af9e-f1cd68e8c7e8', 'RecordTarget', '0d6b3439-c9be-4480-af39-eeb457c052d0');
INSERT INTO CD_VRSN_TBL (CD_ID, STS_CD_ID, CRT_USR_ID, MNEMONIC, CLS_ID) VALUES ('53c694b8-27d8-43dd-95a4-bb318431d17c', 'c8064cbd-fa06-4530-b430-1a52f1530c27', 'fadca076-3690-4a6e-af9e-f1cd68e8c7e8', 'Receiver', '0d6b3439-c9be-4480-af39-eeb457c052d0');
INSERT INTO CD_VRSN_TBL (CD_ID, STS_CD_ID, CRT_USR_ID, MNEMONIC, CLS_ID) VALUES ('01b87999-85a7-4f5c-9b7e-892f1195cfe3', 'c8064cbd-fa06-4530-b430-1a52f1530c27', 'fadca076-3690-4a6e-af9e-f1cd68e8c7e8', 'UgentNotificationContact', '0d6b3439-c9be-4480-af39-eeb457c052d0');
INSERT INTO CD_VRSN_TBL (CD_ID, STS_CD_ID, CRT_USR_ID, MNEMONIC, CLS_ID) VALUES ('02bb7934-76b5-4cc5-bd42-58570f15eb4d', 'c8064cbd-fa06-4530-b430-1a52f1530c27', 'fadca076-3690-4a6e-af9e-f1cd68e8c7e8', 'PrimaryInformationRecipient', '0d6b3439-c9be-4480-af39-eeb457c052d0');
INSERT INTO CD_VRSN_TBL (CD_ID, STS_CD_ID, CRT_USR_ID, MNEMONIC, CLS_ID) VALUES ('6da3a6ca-2ab0-4d32-9588-e094f277f06d', 'c8064cbd-fa06-4530-b430-1a52f1530c27', 'fadca076-3690-4a6e-af9e-f1cd68e8c7e8', 'ReferredBy', '0d6b3439-c9be-4480-af39-eeb457c052d0');
INSERT INTO CD_VRSN_TBL (CD_ID, STS_CD_ID, CRT_USR_ID, MNEMONIC, CLS_ID) VALUES ('353f9255-765e-4336-8007-1d61ab09aad6', 'c8064cbd-fa06-4530-b430-1a52f1530c27', 'fadca076-3690-4a6e-af9e-f1cd68e8c7e8', 'ReferredTo', '0d6b3439-c9be-4480-af39-eeb457c052d0');
INSERT INTO CD_VRSN_TBL (CD_ID, STS_CD_ID, CRT_USR_ID, MNEMONIC, CLS_ID) VALUES ('c3be013a-20c5-4c20-840c-d9dbb15d040e', 'c8064cbd-fa06-4530-b430-1a52f1530c27', 'fadca076-3690-4a6e-af9e-f1cd68e8c7e8', 'Tracker', '0d6b3439-c9be-4480-af39-eeb457c052d0');
INSERT INTO CD_VRSN_TBL (CD_ID, STS_CD_ID, CRT_USR_ID, MNEMONIC, CLS_ID) VALUES ('727b3624-ea62-46bb-a68b-b9e49e302eca', 'c8064cbd-fa06-4530-b430-1a52f1530c27', 'fadca076-3690-4a6e-af9e-f1cd68e8c7e8', 'Destination', '0d6b3439-c9be-4480-af39-eeb457c052d0');
INSERT INTO CD_VRSN_TBL (CD_ID, STS_CD_ID, CRT_USR_ID, MNEMONIC, CLS_ID) VALUES ('ac05185b-5a80-47a8-b924-060deb6d0eb2', 'c8064cbd-fa06-4530-b430-1a52f1530c27', 'fadca076-3690-4a6e-af9e-f1cd68e8c7e8', 'EntryLocation', '0d6b3439-c9be-4480-af39-eeb457c052d0');
INSERT INTO CD_VRSN_TBL (CD_ID, STS_CD_ID, CRT_USR_ID, MNEMONIC, CLS_ID) VALUES ('5d175f21-1963-4589-a400-b5ef5f64842c', 'c8064cbd-fa06-4530-b430-1a52f1530c27', 'fadca076-3690-4a6e-af9e-f1cd68e8c7e8', 'Origin', '0d6b3439-c9be-4480-af39-eeb457c052d0');
INSERT INTO CD_VRSN_TBL (CD_ID, STS_CD_ID, CRT_USR_ID, MNEMONIC, CLS_ID) VALUES ('3c1225de-194e-49ce-a41a-0f9376b04c11', 'c8064cbd-fa06-4530-b430-1a52f1530c27', 'fadca076-3690-4a6e-af9e-f1cd68e8c7e8', 'Remote', '0d6b3439-c9be-4480-af39-eeb457c052d0');
INSERT INTO CD_VRSN_TBL (CD_ID, STS_CD_ID, CRT_USR_ID, MNEMONIC, CLS_ID) VALUES ('5b0fac74-5ac6-44e6-99a4-6813c0e2f4a9', 'c8064cbd-fa06-4530-b430-1a52f1530c27', 'fadca076-3690-4a6e-af9e-f1cd68e8c7e8', 'Via', '0d6b3439-c9be-4480-af39-eeb457c052d0');
INSERT INTO CD_VRSN_TBL (CD_ID, STS_CD_ID, CRT_USR_ID, MNEMONIC, CLS_ID) VALUES ('fa5e70a4-a46e-4665-8a20-94d4d7b86fc8', 'c8064cbd-fa06-4530-b430-1a52f1530c27', 'fadca076-3690-4a6e-af9e-f1cd68e8c7e8', 'Performer', '0d6b3439-c9be-4480-af39-eeb457c052d0');
INSERT INTO CD_VRSN_TBL (CD_ID, STS_CD_ID, CRT_USR_ID, MNEMONIC, CLS_ID) VALUES ('693f08fa-625a-40d2-b928-6856099c0349', 'c8064cbd-fa06-4530-b430-1a52f1530c27', 'fadca076-3690-4a6e-af9e-f1cd68e8c7e8', 'Distributor', '0d6b3439-c9be-4480-af39-eeb457c052d0');
INSERT INTO CD_VRSN_TBL (CD_ID, STS_CD_ID, CRT_USR_ID, MNEMONIC, CLS_ID) VALUES ('79f6136c-1465-45e8-917e-e7832bc8e3b2', 'c8064cbd-fa06-4530-b430-1a52f1530c27', 'fadca076-3690-4a6e-af9e-f1cd68e8c7e8', 'PrimaryPerformer', '0d6b3439-c9be-4480-af39-eeb457c052d0');
INSERT INTO CD_VRSN_TBL (CD_ID, STS_CD_ID, CRT_USR_ID, MNEMONIC, CLS_ID) VALUES ('4ff91e06-2e39-44e3-9fbe-0d828fe318fe', 'c8064cbd-fa06-4530-b430-1a52f1530c27', 'fadca076-3690-4a6e-af9e-f1cd68e8c7e8', 'SecondaryPerformer', '0d6b3439-c9be-4480-af39-eeb457c052d0');
INSERT INTO CD_VRSN_TBL (CD_ID, STS_CD_ID, CRT_USR_ID, MNEMONIC, CLS_ID) VALUES ('64474c12-b978-4bb6-a584-46dadec2d952', 'c8064cbd-fa06-4530-b430-1a52f1530c27', 'fadca076-3690-4a6e-af9e-f1cd68e8c7e8', 'ResponsibleParty', '0d6b3439-c9be-4480-af39-eeb457c052d0');
INSERT INTO CD_VRSN_TBL (CD_ID, STS_CD_ID, CRT_USR_ID, MNEMONIC, CLS_ID) VALUES ('f9dc5787-dd4d-42c6-a082-ac7d11956fda', 'c8064cbd-fa06-4530-b430-1a52f1530c27', 'fadca076-3690-4a6e-af9e-f1cd68e8c7e8', 'Verifier', '0d6b3439-c9be-4480-af39-eeb457c052d0');
INSERT INTO CD_VRSN_TBL (CD_ID, STS_CD_ID, CRT_USR_ID, MNEMONIC, CLS_ID) VALUES ('1b2dbf82-a503-4cf4-9ecb-a8e111b4674e', 'c8064cbd-fa06-4530-b430-1a52f1530c27', 'fadca076-3690-4a6e-af9e-f1cd68e8c7e8', 'Authenticator', '0d6b3439-c9be-4480-af39-eeb457c052d0');
INSERT INTO CD_VRSN_TBL (CD_ID, STS_CD_ID, CRT_USR_ID, MNEMONIC, CLS_ID) VALUES ('0716a333-cd46-439d-bfd6-bf788f3885fa', 'c8064cbd-fa06-4530-b430-1a52f1530c27', 'fadca076-3690-4a6e-af9e-f1cd68e8c7e8', 'LegalAuthenticator', '0d6b3439-c9be-4480-af39-eeb457c052d0');
INSERT INTO CD_VRSN_TBL (CD_ID, STS_CD_ID, CRT_USR_ID, MNEMONIC, CLS_ID) VALUES ('8e087135-8c6f-4214-bdd2-448387d3f24c', 'c8064cbd-fa06-4530-b430-1a52f1530c27', 'fadca076-3690-4a6e-af9e-f1cd68e8c7e8', 'Circle', '0d6b3439-c9be-4480-af39-eeb457c052d0');
INSERT INTO CD_VRSN_TBL (CD_ID, STS_CD_ID, CRT_USR_ID, MNEMONIC, CLS_ID) VALUES ('ced7cc70-12bc-45bb-ac46-ddf41141e64b', 'c8064cbd-fa06-4530-b430-1a52f1530c27', 'fadca076-3690-4a6e-af9e-f1cd68e8c7e8', 'Ellipse', '0d6b3439-c9be-4480-af39-eeb457c052d0');
INSERT INTO CD_VRSN_TBL (CD_ID, STS_CD_ID, CRT_USR_ID, MNEMONIC, CLS_ID) VALUES ('6af35d6e-557c-4034-9518-e87bc6cff808', 'c8064cbd-fa06-4530-b430-1a52f1530c27', 'fadca076-3690-4a6e-af9e-f1cd68e8c7e8', 'Point', '0d6b3439-c9be-4480-af39-eeb457c052d0');
INSERT INTO CD_VRSN_TBL (CD_ID, STS_CD_ID, CRT_USR_ID, MNEMONIC, CLS_ID) VALUES ('fdda3bd9-a3ee-479c-9b2d-89ba49f09b85', 'c8064cbd-fa06-4530-b430-1a52f1530c27', 'fadca076-3690-4a6e-af9e-f1cd68e8c7e8', 'Polyline', '0d6b3439-c9be-4480-af39-eeb457c052d0');
INSERT INTO CD_VRSN_TBL (CD_ID, STS_CD_ID, CRT_USR_ID, MNEMONIC, CLS_ID) VALUES ('3682b98d-4b14-4e2b-92f5-aa7abf522e28', 'c8064cbd-fa06-4530-b430-1a52f1530c27', 'fadca076-3690-4a6e-af9e-f1cd68e8c7e8', 'CON', '17fd5254-8c25-4abb-b246-083fbe9afa15');
INSERT INTO CD_VRSN_TBL (CD_ID, STS_CD_ID, CRT_USR_ID, MNEMONIC, CLS_ID) VALUES ('8de7b5e7-c941-42bd-b735-52d750efc5e6', 'c8064cbd-fa06-4530-b430-1a52f1530c27', 'fadca076-3690-4a6e-af9e-f1cd68e8c7e8', 'Affiliate', '17fd5254-8c25-4abb-b246-083fbe9afa15');
INSERT INTO CD_VRSN_TBL (CD_ID, STS_CD_ID, CRT_USR_ID, MNEMONIC, CLS_ID) VALUES ('867fd445-d490-4619-804e-75c04b8a0e57', 'c8064cbd-fa06-4530-b430-1a52f1530c27', 'fadca076-3690-4a6e-af9e-f1cd68e8c7e8', 'Agent', '17fd5254-8c25-4abb-b246-083fbe9afa15');
INSERT INTO CD_VRSN_TBL (CD_ID, STS_CD_ID, CRT_USR_ID, MNEMONIC, CLS_ID) VALUES ('77b7a04b-c065-4faf-8ec0-2cdad4ae372b', 'c8064cbd-fa06-4530-b430-1a52f1530c27', 'fadca076-3690-4a6e-af9e-f1cd68e8c7e8', 'AssignedEntity', '17fd5254-8c25-4abb-b246-083fbe9afa15');
INSERT INTO CD_VRSN_TBL (CD_ID, STS_CD_ID, CRT_USR_ID, MNEMONIC, CLS_ID) VALUES ('33bd1401-dfdb-40e7-a914-0a695ad5186e', 'c8064cbd-fa06-4530-b430-1a52f1530c27', 'fadca076-3690-4a6e-af9e-f1cd68e8c7e8', 'CommissioningParty', '17fd5254-8c25-4abb-b246-083fbe9afa15');
INSERT INTO CD_VRSN_TBL (CD_ID, STS_CD_ID, CRT_USR_ID, MNEMONIC, CLS_ID) VALUES ('757f98df-14e0-446a-bd50-bb0affb34f09', 'c8064cbd-fa06-4530-b430-1a52f1530c27', 'fadca076-3690-4a6e-af9e-f1cd68e8c7e8', 'SigningAuthorityOrOfficer', '17fd5254-8c25-4abb-b246-083fbe9afa15');
INSERT INTO CD_VRSN_TBL (CD_ID, STS_CD_ID, CRT_USR_ID, MNEMONIC, CLS_ID) VALUES ('b1d2148d-bb35-4337-8fe6-021f5a3ac8a3', 'c8064cbd-fa06-4530-b430-1a52f1530c27', 'fadca076-3690-4a6e-af9e-f1cd68e8c7e8', 'Contact', '17fd5254-8c25-4abb-b246-083fbe9afa15');
INSERT INTO CD_VRSN_TBL (CD_ID, STS_CD_ID, CRT_USR_ID, MNEMONIC, CLS_ID) VALUES ('25985F42-476A-4455-A977-4E97A554D710', 'c8064cbd-fa06-4530-b430-1a52f1530c27', 'fadca076-3690-4a6e-af9e-f1cd68e8c7e8', 'EmergencyContact', '17fd5254-8c25-4abb-b246-083fbe9afa15');
INSERT INTO CD_VRSN_TBL (CD_ID, STS_CD_ID, CRT_USR_ID, MNEMONIC, CLS_ID) VALUES ('1ee4e74f-542d-4544-96f6-266a6247f274', 'c8064cbd-fa06-4530-b430-1a52f1530c27', 'fadca076-3690-4a6e-af9e-f1cd68e8c7e8', 'NextOfKin', '17fd5254-8c25-4abb-b246-083fbe9afa15');
INSERT INTO CD_VRSN_TBL (CD_ID, STS_CD_ID, CRT_USR_ID, MNEMONIC, CLS_ID) VALUES ('3b8e2334-4ccc-4f24-8aae-37341ea03d3e', 'c8064cbd-fa06-4530-b430-1a52f1530c27', 'fadca076-3690-4a6e-af9e-f1cd68e8c7e8', 'Guardian', '17fd5254-8c25-4abb-b246-083fbe9afa15');
INSERT INTO CD_VRSN_TBL (CD_ID, STS_CD_ID, CRT_USR_ID, MNEMONIC, CLS_ID) VALUES ('35b13152-e43c-4bcb-8649-a9e83bee33a2', 'c8064cbd-fa06-4530-b430-1a52f1530c27', 'fadca076-3690-4a6e-af9e-f1cd68e8c7e8', 'Citizen', '17fd5254-8c25-4abb-b246-083fbe9afa15');
INSERT INTO CD_VRSN_TBL (CD_ID, STS_CD_ID, CRT_USR_ID, MNEMONIC, CLS_ID) VALUES ('d4844672-c0d7-434c-8377-6dd0655b0532', 'c8064cbd-fa06-4530-b430-1a52f1530c27', 'fadca076-3690-4a6e-af9e-f1cd68e8c7e8', 'CoveredParty', '17fd5254-8c25-4abb-b246-083fbe9afa15');
INSERT INTO CD_VRSN_TBL (CD_ID, STS_CD_ID, CRT_USR_ID, MNEMONIC, CLS_ID) VALUES ('9d256279-f1ac-46b3-a974-dd13e2ad4f72', 'c8064cbd-fa06-4530-b430-1a52f1530c27', 'fadca076-3690-4a6e-af9e-f1cd68e8c7e8', 'Claimant', '17fd5254-8c25-4abb-b246-083fbe9afa15');
INSERT INTO CD_VRSN_TBL (CD_ID, STS_CD_ID, CRT_USR_ID, MNEMONIC, CLS_ID) VALUES ('3d907f37-085c-4c26-b59b-62e40621dafd', 'c8064cbd-fa06-4530-b430-1a52f1530c27', 'fadca076-3690-4a6e-af9e-f1cd68e8c7e8', 'NamedInsured', '17fd5254-8c25-4abb-b246-083fbe9afa15');
INSERT INTO CD_VRSN_TBL (CD_ID, STS_CD_ID, CRT_USR_ID, MNEMONIC, CLS_ID) VALUES ('f28ed78f-85ab-47a1-ba08-b5051e62d6c3', 'c8064cbd-fa06-4530-b430-1a52f1530c27', 'fadca076-3690-4a6e-af9e-f1cd68e8c7e8', 'Dependent', '17fd5254-8c25-4abb-b246-083fbe9afa15');
INSERT INTO CD_VRSN_TBL (CD_ID, STS_CD_ID, CRT_USR_ID, MNEMONIC, CLS_ID) VALUES ('47049b0f-f189-4e19-9aa8-7c38adb2491a', 'c8064cbd-fa06-4530-b430-1a52f1530c27', 'fadca076-3690-4a6e-af9e-f1cd68e8c7e8', 'Individual', '17fd5254-8c25-4abb-b246-083fbe9afa15');
INSERT INTO CD_VRSN_TBL (CD_ID, STS_CD_ID, CRT_USR_ID, MNEMONIC, CLS_ID) VALUES ('f31a2a5b-ce13-47e1-a0fb-d704f31547db', 'c8064cbd-fa06-4530-b430-1a52f1530c27', 'fadca076-3690-4a6e-af9e-f1cd68e8c7e8', 'Subscriber', '17fd5254-8c25-4abb-b246-083fbe9afa15');
INSERT INTO CD_VRSN_TBL (CD_ID, STS_CD_ID, CRT_USR_ID, MNEMONIC, CLS_ID) VALUES ('cbe2a00c-e1d5-44e9-aae3-d7d03e3c2efa', 'c8064cbd-fa06-4530-b430-1a52f1530c27', 'fadca076-3690-4a6e-af9e-f1cd68e8c7e8', 'ProgramEligible', '17fd5254-8c25-4abb-b246-083fbe9afa15');
INSERT INTO CD_VRSN_TBL (CD_ID, STS_CD_ID, CRT_USR_ID, MNEMONIC, CLS_ID) VALUES ('43ad7bc0-2ed8-4b27-97e5-b3db00a07d17', 'c8064cbd-fa06-4530-b430-1a52f1530c27', 'fadca076-3690-4a6e-af9e-f1cd68e8c7e8', 'ClinicalResearchInvestigator', '17fd5254-8c25-4abb-b246-083fbe9afa15');
INSERT INTO CD_VRSN_TBL (CD_ID, STS_CD_ID, CRT_USR_ID, MNEMONIC, CLS_ID) VALUES ('66c96ae6-c5c4-4d66-9bd0-a00c56e831da', 'c8064cbd-fa06-4530-b430-1a52f1530c27', 'fadca076-3690-4a6e-af9e-f1cd68e8c7e8', 'ClinicalResearchSponsor', '17fd5254-8c25-4abb-b246-083fbe9afa15');
INSERT INTO CD_VRSN_TBL (CD_ID, STS_CD_ID, CRT_USR_ID, MNEMONIC, CLS_ID) VALUES ('b43c9513-1c1c-4ed0-92db-55a904c122e6', 'c8064cbd-fa06-4530-b430-1a52f1530c27', 'fadca076-3690-4a6e-af9e-f1cd68e8c7e8', 'Employee', '17fd5254-8c25-4abb-b246-083fbe9afa15');
INSERT INTO CD_VRSN_TBL (CD_ID, STS_CD_ID, CRT_USR_ID, MNEMONIC, CLS_ID) VALUES ('1bcfb08d-c6fa-41dd-98bf-06336a33a3b7', 'c8064cbd-fa06-4530-b430-1a52f1530c27', 'fadca076-3690-4a6e-af9e-f1cd68e8c7e8', 'MilitaryPerson', '17fd5254-8c25-4abb-b246-083fbe9afa15');
INSERT INTO CD_VRSN_TBL (CD_ID, STS_CD_ID, CRT_USR_ID, MNEMONIC, CLS_ID) VALUES ('f5b10c57-3ae1-41ea-8649-1cf8d9848ae1', 'c8064cbd-fa06-4530-b430-1a52f1530c27', 'fadca076-3690-4a6e-af9e-f1cd68e8c7e8', 'Guarantor', '17fd5254-8c25-4abb-b246-083fbe9afa15');
INSERT INTO CD_VRSN_TBL (CD_ID, STS_CD_ID, CRT_USR_ID, MNEMONIC, CLS_ID) VALUES ('0c522bd1-dfa2-43cb-a98e-f6ff137968ae', 'c8064cbd-fa06-4530-b430-1a52f1530c27', 'fadca076-3690-4a6e-af9e-f1cd68e8c7e8', 'InvestigationSubject', '17fd5254-8c25-4abb-b246-083fbe9afa15');
INSERT INTO CD_VRSN_TBL (CD_ID, STS_CD_ID, CRT_USR_ID, MNEMONIC, CLS_ID) VALUES ('d7ad48c0-889d-41e2-99e9-be5e6c5327b2', 'c8064cbd-fa06-4530-b430-1a52f1530c27', 'fadca076-3690-4a6e-af9e-f1cd68e8c7e8', 'CaseSubject', '17fd5254-8c25-4abb-b246-083fbe9afa15');
INSERT INTO CD_VRSN_TBL (CD_ID, STS_CD_ID, CRT_USR_ID, MNEMONIC, CLS_ID) VALUES ('ef597ffe-d965-4398-b55a-650530ebb997', 'c8064cbd-fa06-4530-b430-1a52f1530c27', 'fadca076-3690-4a6e-af9e-f1cd68e8c7e8', 'ResearchSubject', '17fd5254-8c25-4abb-b246-083fbe9afa15');
INSERT INTO CD_VRSN_TBL (CD_ID, STS_CD_ID, CRT_USR_ID, MNEMONIC, CLS_ID) VALUES ('b9fe057e-7f57-42eb-89d7-67c69646c0c4', 'c8064cbd-fa06-4530-b430-1a52f1530c27', 'fadca076-3690-4a6e-af9e-f1cd68e8c7e8', 'LicensedEntity', '17fd5254-8c25-4abb-b246-083fbe9afa15');
INSERT INTO CD_VRSN_TBL (CD_ID, STS_CD_ID, CRT_USR_ID, MNEMONIC, CLS_ID) VALUES ('f1ef6c46-05eb-4482-baeb-eaf0a8e5ffef', 'c8064cbd-fa06-4530-b430-1a52f1530c27', 'fadca076-3690-4a6e-af9e-f1cd68e8c7e8', 'NotaryPublic', '17fd5254-8c25-4abb-b246-083fbe9afa15');
INSERT INTO CD_VRSN_TBL (CD_ID, STS_CD_ID, CRT_USR_ID, MNEMONIC, CLS_ID) VALUES ('6b04fed8-c164-469c-910b-f824c2bda4f0', 'c8064cbd-fa06-4530-b430-1a52f1530c27', 'fadca076-3690-4a6e-af9e-f1cd68e8c7e8', 'HealthcareProvider', '17fd5254-8c25-4abb-b246-083fbe9afa15');
INSERT INTO CD_VRSN_TBL (CD_ID, STS_CD_ID, CRT_USR_ID, MNEMONIC, CLS_ID) VALUES ('bacd9c6f-3fa9-481e-9636-37457962804d', 'c8064cbd-fa06-4530-b430-1a52f1530c27', 'fadca076-3690-4a6e-af9e-f1cd68e8c7e8', 'Patient', '17fd5254-8c25-4abb-b246-083fbe9afa15');
INSERT INTO CD_VRSN_TBL (CD_ID, STS_CD_ID, CRT_USR_ID, MNEMONIC, CLS_ID) VALUES ('734551e1-2960-4a68-93a2-b277db072a43', 'c8064cbd-fa06-4530-b430-1a52f1530c27', 'fadca076-3690-4a6e-af9e-f1cd68e8c7e8', 'Payee', '17fd5254-8c25-4abb-b246-083fbe9afa15');
INSERT INTO CD_VRSN_TBL (CD_ID, STS_CD_ID, CRT_USR_ID, MNEMONIC, CLS_ID) VALUES ('07c922d2-12c9-415a-95d4-9b3fed4959d6', 'c8064cbd-fa06-4530-b430-1a52f1530c27', 'fadca076-3690-4a6e-af9e-f1cd68e8c7e8', 'InvoicePayor', '17fd5254-8c25-4abb-b246-083fbe9afa15');
INSERT INTO CD_VRSN_TBL (CD_ID, STS_CD_ID, CRT_USR_ID, MNEMONIC, CLS_ID) VALUES ('cec017ef-4e49-41af-8596-abad1a91c9d0', 'c8064cbd-fa06-4530-b430-1a52f1530c27', 'fadca076-3690-4a6e-af9e-f1cd68e8c7e8', 'PolicyHolder', '17fd5254-8c25-4abb-b246-083fbe9afa15');
INSERT INTO CD_VRSN_TBL (CD_ID, STS_CD_ID, CRT_USR_ID, MNEMONIC, CLS_ID) VALUES ('6521dd09-334b-4fbf-9c89-1ad5a804326c', 'c8064cbd-fa06-4530-b430-1a52f1530c27', 'fadca076-3690-4a6e-af9e-f1cd68e8c7e8', 'QualifiedEntity', '17fd5254-8c25-4abb-b246-083fbe9afa15');
INSERT INTO CD_VRSN_TBL (CD_ID, STS_CD_ID, CRT_USR_ID, MNEMONIC, CLS_ID) VALUES ('8ff9d9a5-a206-4566-82cd-67b770d7ce8a', 'c8064cbd-fa06-4530-b430-1a52f1530c27', 'fadca076-3690-4a6e-af9e-f1cd68e8c7e8', 'CoverageSponsor', '17fd5254-8c25-4abb-b246-083fbe9afa15');
INSERT INTO CD_VRSN_TBL (CD_ID, STS_CD_ID, CRT_USR_ID, MNEMONIC, CLS_ID) VALUES ('0c157566-d1e9-4976-8542-473caa9ba2a4', 'c8064cbd-fa06-4530-b430-1a52f1530c27', 'fadca076-3690-4a6e-af9e-f1cd68e8c7e8', 'Student', '17fd5254-8c25-4abb-b246-083fbe9afa15');
INSERT INTO CD_VRSN_TBL (CD_ID, STS_CD_ID, CRT_USR_ID, MNEMONIC, CLS_ID) VALUES ('a8fcd83f-808b-494b-8a1c-ec2c6dbc3dfa', 'c8064cbd-fa06-4530-b430-1a52f1530c27', 'fadca076-3690-4a6e-af9e-f1cd68e8c7e8', 'Underwriter', '17fd5254-8c25-4abb-b246-083fbe9afa15');
INSERT INTO CD_VRSN_TBL (CD_ID, STS_CD_ID, CRT_USR_ID, MNEMONIC, CLS_ID) VALUES ('ddc1b705-c768-4c7a-8f69-76ad4b167b40', 'c8064cbd-fa06-4530-b430-1a52f1530c27', 'fadca076-3690-4a6e-af9e-f1cd68e8c7e8', 'Access', '17fd5254-8c25-4abb-b246-083fbe9afa15');
INSERT INTO CD_VRSN_TBL (CD_ID, STS_CD_ID, CRT_USR_ID, MNEMONIC, CLS_ID) VALUES ('b52c7e95-88b8-4c4c-836a-934277afdb92', 'c8064cbd-fa06-4530-b430-1a52f1530c27', 'fadca076-3690-4a6e-af9e-f1cd68e8c7e8', 'AdministerableMaterial', '17fd5254-8c25-4abb-b246-083fbe9afa15');
INSERT INTO CD_VRSN_TBL (CD_ID, STS_CD_ID, CRT_USR_ID, MNEMONIC, CLS_ID) VALUES ('f3ef7e48-d8b7-4030-b431-aff7e0e1cb76', 'c8064cbd-fa06-4530-b430-1a52f1530c27', 'fadca076-3690-4a6e-af9e-f1cd68e8c7e8', 'Birthplace', '17fd5254-8c25-4abb-b246-083fbe9afa15');
INSERT INTO CD_VRSN_TBL (CD_ID, STS_CD_ID, CRT_USR_ID, MNEMONIC, CLS_ID) VALUES ('31b0dfcb-d7ba-452a-98b9-45ebccd30732', 'c8064cbd-fa06-4530-b430-1a52f1530c27', 'fadca076-3690-4a6e-af9e-f1cd68e8c7e8', 'Caregiver', '17fd5254-8c25-4abb-b246-083fbe9afa15');
INSERT INTO CD_VRSN_TBL (CD_ID, STS_CD_ID, CRT_USR_ID, MNEMONIC, CLS_ID) VALUES ('9bbe0cfe-faab-4dc9-a28f-c001e3e95e6e', 'c8064cbd-fa06-4530-b430-1a52f1530c27', 'fadca076-3690-4a6e-af9e-f1cd68e8c7e8', 'PlaceOfDeath', '17fd5254-8c25-4abb-b246-083fbe9afa15');
INSERT INTO CD_VRSN_TBL (CD_ID, STS_CD_ID, CRT_USR_ID, MNEMONIC, CLS_ID) VALUES ('f5547ada-1eb9-40bb-b163-081567d869e7', 'c8064cbd-fa06-4530-b430-1a52f1530c27', 'fadca076-3690-4a6e-af9e-f1cd68e8c7e8', 'DistributedMaterial', '17fd5254-8c25-4abb-b246-083fbe9afa15');
INSERT INTO CD_VRSN_TBL (CD_ID, STS_CD_ID, CRT_USR_ID, MNEMONIC, CLS_ID) VALUES ('703df8f4-b124-44c5-9506-1ab74ddfd91d', 'c8064cbd-fa06-4530-b430-1a52f1530c27', 'fadca076-3690-4a6e-af9e-f1cd68e8c7e8', 'RetailedMaterial', '17fd5254-8c25-4abb-b246-083fbe9afa15');
INSERT INTO CD_VRSN_TBL (CD_ID, STS_CD_ID, CRT_USR_ID, MNEMONIC, CLS_ID) VALUES ('ab39087c-17d3-421a-a1e3-2de4e0ab9faf', 'c8064cbd-fa06-4530-b430-1a52f1530c27', 'fadca076-3690-4a6e-af9e-f1cd68e8c7e8', 'ExposedEntity', '17fd5254-8c25-4abb-b246-083fbe9afa15');
INSERT INTO CD_VRSN_TBL (CD_ID, STS_CD_ID, CRT_USR_ID, MNEMONIC, CLS_ID) VALUES ('9c02a621-8565-46b4-94ff-a2bd210989b1', 'c8064cbd-fa06-4530-b430-1a52f1530c27', 'fadca076-3690-4a6e-af9e-f1cd68e8c7e8', 'HeldEntity', '17fd5254-8c25-4abb-b246-083fbe9afa15');
INSERT INTO CD_VRSN_TBL (CD_ID, STS_CD_ID, CRT_USR_ID, MNEMONIC, CLS_ID) VALUES ('5b0f8c93-57c9-4dff-b59a-9564739ef445', 'c8064cbd-fa06-4530-b430-1a52f1530c27', 'fadca076-3690-4a6e-af9e-f1cd68e8c7e8', 'HealthChart', '17fd5254-8c25-4abb-b246-083fbe9afa15');
INSERT INTO CD_VRSN_TBL (CD_ID, STS_CD_ID, CRT_USR_ID, MNEMONIC, CLS_ID) VALUES ('c5c8b935-294f-4c90-9d81-cbf914bf5808', 'c8064cbd-fa06-4530-b430-1a52f1530c27', 'fadca076-3690-4a6e-af9e-f1cd68e8c7e8', 'IdentifiedEntity', '17fd5254-8c25-4abb-b246-083fbe9afa15');
INSERT INTO CD_VRSN_TBL (CD_ID, STS_CD_ID, CRT_USR_ID, MNEMONIC, CLS_ID) VALUES ('6780df3b-afbd-44a3-8627-cbb3dc2f02f6', 'c8064cbd-fa06-4530-b430-1a52f1530c27', 'fadca076-3690-4a6e-af9e-f1cd68e8c7e8', 'ManufacturedProduct', '17fd5254-8c25-4abb-b246-083fbe9afa15');
INSERT INTO CD_VRSN_TBL (CD_ID, STS_CD_ID, CRT_USR_ID, MNEMONIC, CLS_ID) VALUES ('d6657fdb-4ef3-4131-af79-14e01a21faca', 'c8064cbd-fa06-4530-b430-1a52f1530c27', 'fadca076-3690-4a6e-af9e-f1cd68e8c7e8', 'TherapeuticAgent', '17fd5254-8c25-4abb-b246-083fbe9afa15');
INSERT INTO CD_VRSN_TBL (CD_ID, STS_CD_ID, CRT_USR_ID, MNEMONIC, CLS_ID) VALUES ('77b6d8cd-05a0-4b1f-9e14-b895203bf40c', 'c8064cbd-fa06-4530-b430-1a52f1530c27', 'fadca076-3690-4a6e-af9e-f1cd68e8c7e8', 'MaintainedEntity', '17fd5254-8c25-4abb-b246-083fbe9afa15');
INSERT INTO CD_VRSN_TBL (CD_ID, STS_CD_ID, CRT_USR_ID, MNEMONIC, CLS_ID) VALUES ('117da15c-0864-4f00-a987-9b9854cba44e', 'c8064cbd-fa06-4530-b430-1a52f1530c27', 'fadca076-3690-4a6e-af9e-f1cd68e8c7e8', 'OwnedEntity', '17fd5254-8c25-4abb-b246-083fbe9afa15');
INSERT INTO CD_VRSN_TBL (CD_ID, STS_CD_ID, CRT_USR_ID, MNEMONIC, CLS_ID) VALUES ('abfd3fe8-9526-48fb-b366-35baca9bd170', 'c8064cbd-fa06-4530-b430-1a52f1530c27', 'fadca076-3690-4a6e-af9e-f1cd68e8c7e8', 'PersonalRelationship', '17fd5254-8c25-4abb-b246-083fbe9afa15');
INSERT INTO CD_VRSN_TBL (CD_ID, STS_CD_ID, CRT_USR_ID, MNEMONIC, CLS_ID) VALUES ('20e98d17-e24d-4c64-b09e-521a177ccd05', 'c8064cbd-fa06-4530-b430-1a52f1530c27', 'fadca076-3690-4a6e-af9e-f1cd68e8c7e8', 'RegulatedProduct', '17fd5254-8c25-4abb-b246-083fbe9afa15');
INSERT INTO CD_VRSN_TBL (CD_ID, STS_CD_ID, CRT_USR_ID, MNEMONIC, CLS_ID) VALUES ('ff34dfa7-c6d3-4f8b-bc9f-14bcdc13ba6c', 'c8064cbd-fa06-4530-b430-1a52f1530c27', 'fadca076-3690-4a6e-af9e-f1cd68e8c7e8', 'ServiceDeliveryLocation', '17fd5254-8c25-4abb-b246-083fbe9afa15');
INSERT INTO CD_VRSN_TBL (CD_ID, STS_CD_ID, CRT_USR_ID, MNEMONIC, CLS_ID) VALUES ('455f1772-f580-47e8-86bd-b5ce25d351f9', 'c8064cbd-fa06-4530-b430-1a52f1530c27', 'fadca076-3690-4a6e-af9e-f1cd68e8c7e8', 'DedicatedServiceDeliveryLocation', '17fd5254-8c25-4abb-b246-083fbe9afa15');
INSERT INTO CD_VRSN_TBL (CD_ID, STS_CD_ID, CRT_USR_ID, MNEMONIC, CLS_ID) VALUES ('41baf7aa-5ffd-4421-831f-42d4ab3de38a', 'c8064cbd-fa06-4530-b430-1a52f1530c27', 'fadca076-3690-4a6e-af9e-f1cd68e8c7e8', 'IncidentalServiceDeliveryLocation', '17fd5254-8c25-4abb-b246-083fbe9afa15');
INSERT INTO CD_VRSN_TBL (CD_ID, STS_CD_ID, CRT_USR_ID, MNEMONIC, CLS_ID) VALUES ('c6b92576-1d62-4896-8799-6f931f8ab607', 'c8064cbd-fa06-4530-b430-1a52f1530c27', 'fadca076-3690-4a6e-af9e-f1cd68e8c7e8', 'TerritoryOfAuthority', '17fd5254-8c25-4abb-b246-083fbe9afa15');
INSERT INTO CD_VRSN_TBL (CD_ID, STS_CD_ID, CRT_USR_ID, MNEMONIC, CLS_ID) VALUES ('08fff7d9-bac7-417b-b026-c9bee52f4a37', 'c8064cbd-fa06-4530-b430-1a52f1530c27', 'fadca076-3690-4a6e-af9e-f1cd68e8c7e8', 'UsedEntity', '17fd5254-8c25-4abb-b246-083fbe9afa15');
INSERT INTO CD_VRSN_TBL (CD_ID, STS_CD_ID, CRT_USR_ID, MNEMONIC, CLS_ID) VALUES ('639b4b8f-afd3-4963-9e79-ef0d3928796a', 'c8064cbd-fa06-4530-b430-1a52f1530c27', 'fadca076-3690-4a6e-af9e-f1cd68e8c7e8', 'WarrantedProduct', '17fd5254-8c25-4abb-b246-083fbe9afa15');
INSERT INTO CD_VRSN_TBL (CD_ID, STS_CD_ID, CRT_USR_ID, MNEMONIC, CLS_ID) VALUES ('845120de-e6f7-4cec-94aa-e6e943c91367', 'c8064cbd-fa06-4530-b430-1a52f1530c27', 'fadca076-3690-4a6e-af9e-f1cd68e8c7e8', 'GUARD', '17fd5254-8c25-4abb-b246-083fbe9afa15');
INSERT INTO CD_VRSN_TBL (CD_ID, STS_CD_ID, CRT_USR_ID, MNEMONIC, CLS_ID) VALUES ('b2feb552-8eaf-45fe-a397-f789d6f4728a', 'c8064cbd-fa06-4530-b430-1a52f1530c27', 'fadca076-3690-4a6e-af9e-f1cd68e8c7e8', 'Part', '17fd5254-8c25-4abb-b246-083fbe9afa15');
INSERT INTO CD_VRSN_TBL (CD_ID, STS_CD_ID, CRT_USR_ID, MNEMONIC, CLS_ID) VALUES ('212b1b6b-b074-4a75-862d-e4e194252044', 'c8064cbd-fa06-4530-b430-1a52f1530c27', 'fadca076-3690-4a6e-af9e-f1cd68e8c7e8', 'ActiveMoiety', '17fd5254-8c25-4abb-b246-083fbe9afa15');
INSERT INTO CD_VRSN_TBL (CD_ID, STS_CD_ID, CRT_USR_ID, MNEMONIC, CLS_ID) VALUES ('cff670e4-965e-4288-b966-47a44479d2ad', 'c8064cbd-fa06-4530-b430-1a52f1530c27', 'fadca076-3690-4a6e-af9e-f1cd68e8c7e8', 'Aliquot', '17fd5254-8c25-4abb-b246-083fbe9afa15');
INSERT INTO CD_VRSN_TBL (CD_ID, STS_CD_ID, CRT_USR_ID, MNEMONIC, CLS_ID) VALUES ('020c28a0-7c52-42f4-a046-db9e329d5a42', 'c8064cbd-fa06-4530-b430-1a52f1530c27', 'fadca076-3690-4a6e-af9e-f1cd68e8c7e8', 'Isolate', '17fd5254-8c25-4abb-b246-083fbe9afa15');
INSERT INTO CD_VRSN_TBL (CD_ID, STS_CD_ID, CRT_USR_ID, MNEMONIC, CLS_ID) VALUES ('ca44a469-81d7-4484-9189-ca1d55afecbc', 'c8064cbd-fa06-4530-b430-1a52f1530c27', 'fadca076-3690-4a6e-af9e-f1cd68e8c7e8', 'AccountManagement', '17fd5254-8c25-4abb-b246-083fbe9afa15');
INSERT INTO CD_VRSN_TBL (CD_ID, STS_CD_ID, CRT_USR_ID, MNEMONIC, CLS_ID) VALUES ('d874424e-c692-4fd8-b94e-642e1cbf83e9', 'c8064cbd-fa06-4530-b430-1a52f1530c27', 'fadca076-3690-4a6e-af9e-f1cd68e8c7e8', 'Act', '17fd5254-8c25-4abb-b246-083fbe9afa15');
INSERT INTO CD_VRSN_TBL (CD_ID, STS_CD_ID, CRT_USR_ID, MNEMONIC, CLS_ID) VALUES ('03eb7808-0851-49e2-b773-663b0ac2bd38', 'c8064cbd-fa06-4530-b430-1a52f1530c27', 'fadca076-3690-4a6e-af9e-f1cd68e8c7e8', 'CTTEVENT', '17fd5254-8c25-4abb-b246-083fbe9afa15');
INSERT INTO CD_VRSN_TBL (CD_ID, STS_CD_ID, CRT_USR_ID, MNEMONIC, CLS_ID) VALUES ('1571297b-86ed-4002-8b40-13403cba68ab', 'c8064cbd-fa06-4530-b430-1a52f1530c27', 'fadca076-3690-4a6e-af9e-f1cd68e8c7e8', 'INC', '17fd5254-8c25-4abb-b246-083fbe9afa15');
INSERT INTO CD_VRSN_TBL (CD_ID, STS_CD_ID, CRT_USR_ID, MNEMONIC, CLS_ID) VALUES ('192f1768-d39e-409d-87be-5afd0ee0d1fe', 'c8064cbd-fa06-4530-b430-1a52f1530c27', 'fadca076-3690-4a6e-af9e-f1cd68e8c7e8', 'Inform', '17fd5254-8c25-4abb-b246-083fbe9afa15');
INSERT INTO CD_VRSN_TBL (CD_ID, STS_CD_ID, CRT_USR_ID, MNEMONIC, CLS_ID) VALUES ('06af93c0-08fc-4df4-b084-190d680331e0', 'c8064cbd-fa06-4530-b430-1a52f1530c27', 'fadca076-3690-4a6e-af9e-f1cd68e8c7e8', 'PCPR', '17fd5254-8c25-4abb-b246-083fbe9afa15');
INSERT INTO CD_VRSN_TBL (CD_ID, STS_CD_ID, CRT_USR_ID, MNEMONIC, CLS_ID) VALUES ('6be8d358-f591-4a3a-9a57-1889b0147c7e', 'c8064cbd-fa06-4530-b430-1a52f1530c27', 'fadca076-3690-4a6e-af9e-f1cd68e8c7e8', 'Registration', '17fd5254-8c25-4abb-b246-083fbe9afa15');
INSERT INTO CD_VRSN_TBL (CD_ID, STS_CD_ID, CRT_USR_ID, MNEMONIC, CLS_ID) VALUES ('7eae32b1-27ae-4e78-909b-9f7d07e1c446', 'c8064cbd-fa06-4530-b430-1a52f1530c27', 'fadca076-3690-4a6e-af9e-f1cd68e8c7e8', 'SPCTRT', '17fd5254-8c25-4abb-b246-083fbe9afa15');
INSERT INTO CD_VRSN_TBL (CD_ID, STS_CD_ID, CRT_USR_ID, MNEMONIC, CLS_ID) VALUES ('61677f76-dc05-466d-91de-47efc8e7a3e6', 'c8064cbd-fa06-4530-b430-1a52f1530c27', 'fadca076-3690-4a6e-af9e-f1cd68e8c7e8', 'Transport', '17fd5254-8c25-4abb-b246-083fbe9afa15');
INSERT INTO CD_VRSN_TBL (CD_ID, STS_CD_ID, CRT_USR_ID, MNEMONIC, CLS_ID) VALUES ('676de278-64aa-44f2-9b69-60d61fc1f5f5', 'c8064cbd-fa06-4530-b430-1a52f1530c27', 'fadca076-3690-4a6e-af9e-f1cd68e8c7e8', 'Battery', '17fd5254-8c25-4abb-b246-083fbe9afa15');
INSERT INTO CD_VRSN_TBL (CD_ID, STS_CD_ID, CRT_USR_ID, MNEMONIC, CLS_ID) VALUES ('d38091b5-9065-4721-8a1f-bfbb3b4bf447', 'c8064cbd-fa06-4530-b430-1a52f1530c27', 'fadca076-3690-4a6e-af9e-f1cd68e8c7e8', 'Cluster', '17fd5254-8c25-4abb-b246-083fbe9afa15');
INSERT INTO CD_VRSN_TBL (CD_ID, STS_CD_ID, CRT_USR_ID, MNEMONIC, CLS_ID) VALUES ('3b14a426-6337-4f2a-b83b-e6be7dbcd5a5', 'c8064cbd-fa06-4530-b430-1a52f1530c27', 'fadca076-3690-4a6e-af9e-f1cd68e8c7e8', 'Definition', 'bba99722-23ce-469a-8fa5-10deba853d35');
INSERT INTO CD_VRSN_TBL (CD_ID, STS_CD_ID, CRT_USR_ID, MNEMONIC, CLS_ID) VALUES ('13925967-e748-4dd6-b562-1e1da3ddfb06', 'c8064cbd-fa06-4530-b430-1a52f1530c27', 'fadca076-3690-4a6e-af9e-f1cd68e8c7e8', 'Goal', 'bba99722-23ce-469a-8fa5-10deba853d35');
INSERT INTO CD_VRSN_TBL (CD_ID, STS_CD_ID, CRT_USR_ID, MNEMONIC, CLS_ID) VALUES ('099bcc5e-8e2f-4d50-b509-9f9d5bbeb58e', 'c8064cbd-fa06-4530-b430-1a52f1530c27', 'fadca076-3690-4a6e-af9e-f1cd68e8c7e8', 'Intent', 'bba99722-23ce-469a-8fa5-10deba853d35');
INSERT INTO CD_VRSN_TBL (CD_ID, STS_CD_ID, CRT_USR_ID, MNEMONIC, CLS_ID) VALUES ('acf7baf2-221f-4bc2-8116-ceb5165be079', 'c8064cbd-fa06-4530-b430-1a52f1530c27', 'fadca076-3690-4a6e-af9e-f1cd68e8c7e8', 'Propose', 'bba99722-23ce-469a-8fa5-10deba853d35');
INSERT INTO CD_VRSN_TBL (CD_ID, STS_CD_ID, CRT_USR_ID, MNEMONIC, CLS_ID) VALUES ('dc3df205-18ef-4854-ac00-68c295c9c744', 'c8064cbd-fa06-4530-b430-1a52f1530c27', 'fadca076-3690-4a6e-af9e-f1cd68e8c7e8', 'Appends', 'f51dfdcd-039b-4e1f-90be-3cf56aef8da4');
INSERT INTO CD_VRSN_TBL (CD_ID, STS_CD_ID, CRT_USR_ID, MNEMONIC, CLS_ID) VALUES ('d1578637-e1cb-415e-b319-4011da033813', 'c8064cbd-fa06-4530-b430-1a52f1530c27', 'fadca076-3690-4a6e-af9e-f1cd68e8c7e8', 'Replaces', 'f51dfdcd-039b-4e1f-90be-3cf56aef8da4');
INSERT INTO CD_VRSN_TBL (CD_ID, STS_CD_ID, CRT_USR_ID, MNEMONIC, CLS_ID) VALUES ('db2ae02a-ff12-4c1b-9c5b-ecdd41af8583', 'c8064cbd-fa06-4530-b430-1a52f1530c27', 'fadca076-3690-4a6e-af9e-f1cd68e8c7e8', 'Transforms', 'f51dfdcd-039b-4e1f-90be-3cf56aef8da4');
INSERT INTO CD_VRSN_TBL (CD_ID, STS_CD_ID, CRT_USR_ID, MNEMONIC, CLS_ID) VALUES ('81b6a0f8-b86a-495f-9d5d-8a4073fdd882', 'c8064cbd-fa06-4530-b430-1a52f1530c27', 'fadca076-3690-4a6e-af9e-f1cd68e8c7e8', 'IsDerivedFrom', 'f51dfdcd-039b-4e1f-90be-3cf56aef8da4');
INSERT INTO CD_VRSN_TBL (CD_ID, STS_CD_ID, CRT_USR_ID, MNEMONIC, CLS_ID) VALUES ('57d81685-e399-4abd-8744-96454188a9fa', 'c8064cbd-fa06-4530-b430-1a52f1530c27', 'fadca076-3690-4a6e-af9e-f1cd68e8c7e8', 'IsCauseOf', 'f51dfdcd-039b-4e1f-90be-3cf56aef8da4');
INSERT INTO CD_VRSN_TBL (CD_ID, STS_CD_ID, CRT_USR_ID, MNEMONIC, CLS_ID) VALUES ('8dbeac94-cccb-4412-a990-09bab26dd048', 'c8064cbd-fa06-4530-b430-1a52f1530c27', 'fadca076-3690-4a6e-af9e-f1cd68e8c7e8', 'Evaluates', 'f51dfdcd-039b-4e1f-90be-3cf56aef8da4');
INSERT INTO CD_VRSN_TBL (CD_ID, STS_CD_ID, CRT_USR_ID, MNEMONIC, CLS_ID) VALUES ('22918d17-d3dc-4135-a003-4c1c52e57e75', 'c8064cbd-fa06-4530-b430-1a52f1530c27', 'fadca076-3690-4a6e-af9e-f1cd68e8c7e8', 'HasManifestation', 'f51dfdcd-039b-4e1f-90be-3cf56aef8da4');
INSERT INTO CD_VRSN_TBL (CD_ID, STS_CD_ID, CRT_USR_ID, MNEMONIC, CLS_ID) VALUES ('8fce259a-b859-4ae3-8160-0221f6ab1650', 'c8064cbd-fa06-4530-b430-1a52f1530c27', 'fadca076-3690-4a6e-af9e-f1cd68e8c7e8', 'RefersTo', 'f51dfdcd-039b-4e1f-90be-3cf56aef8da4');
INSERT INTO CD_VRSN_TBL (CD_ID, STS_CD_ID, CRT_USR_ID, MNEMONIC, CLS_ID) VALUES ('55da61a2-7b86-47f3-9b0b-ba47dc99c950', 'c8064cbd-fa06-4530-b430-1a52f1530c27', 'fadca076-3690-4a6e-af9e-f1cd68e8c7e8', 'HasReason', 'f51dfdcd-039b-4e1f-90be-3cf56aef8da4');
INSERT INTO CD_VRSN_TBL (CD_ID, STS_CD_ID, CRT_USR_ID, MNEMONIC, CLS_ID) VALUES ('c66d7ca9-c6c2-46b1-9276-ad76baf04b07', 'c8064cbd-fa06-4530-b430-1a52f1530c27', 'fadca076-3690-4a6e-af9e-f1cd68e8c7e8', 'StartsAfterStartOf', 'f51dfdcd-039b-4e1f-90be-3cf56aef8da4');
INSERT INTO CD_VRSN_TBL (CD_ID, STS_CD_ID, CRT_USR_ID, MNEMONIC, CLS_ID) VALUES ('3209e3f1-2258-4b63-8182-2c888da66cf0', 'c8064cbd-fa06-4530-b430-1a52f1530c27', 'fadca076-3690-4a6e-af9e-f1cd68e8c7e8', 'SPRT', 'f51dfdcd-039b-4e1f-90be-3cf56aef8da4');
INSERT INTO CD_VRSN_TBL (CD_ID, STS_CD_ID, CRT_USR_ID, MNEMONIC, CLS_ID) VALUES ('9871c3bc-b57a-479d-a031-7b56cb06fa84', 'c8064cbd-fa06-4530-b430-1a52f1530c27', 'fadca076-3690-4a6e-af9e-f1cd68e8c7e8', 'HasSubject', 'f51dfdcd-039b-4e1f-90be-3cf56aef8da4');
INSERT INTO CD_VRSN_TBL (CD_ID, STS_CD_ID, CRT_USR_ID, MNEMONIC, CLS_ID) VALUES ('ffc6e905-161d-4c0b-8cde-a04e9e9d0cd5', 'c8064cbd-fa06-4530-b430-1a52f1530c27', 'fadca076-3690-4a6e-af9e-f1cd68e8c7e8', 'IsExcertpOf', 'f51dfdcd-039b-4e1f-90be-3cf56aef8da4');
INSERT INTO CD_VRSN_TBL (CD_ID, STS_CD_ID, CRT_USR_ID, MNEMONIC, CLS_ID) VALUES ('ebf9ac10-b5c9-407a-91a4-360bfb7e0fb9', 'c8064cbd-fa06-4530-b430-1a52f1530c27', 'fadca076-3690-4a6e-af9e-f1cd68e8c7e8', 'EpisodeLink', 'f51dfdcd-039b-4e1f-90be-3cf56aef8da4');
INSERT INTO CD_VRSN_TBL (CD_ID, STS_CD_ID, CRT_USR_ID, MNEMONIC, CLS_ID) VALUES ('c46eee70-5612-473f-8d24-595ea15c9c39', 'c8064cbd-fa06-4530-b430-1a52f1530c27', 'fadca076-3690-4a6e-af9e-f1cd68e8c7e8', 'APT', 'bba99722-23ce-469a-8fa5-10deba853d35');
INSERT INTO CD_VRSN_TBL (CD_ID, STS_CD_ID, CRT_USR_ID, MNEMONIC, CLS_ID) VALUES ('0395f357-6821-4562-8192-49ac3c94f548', 'c8064cbd-fa06-4530-b430-1a52f1530c27', 'fadca076-3690-4a6e-af9e-f1cd68e8c7e8', 'ARQ', 'bba99722-23ce-469a-8fa5-10deba853d35');
INSERT INTO CD_VRSN_TBL (CD_ID, STS_CD_ID, CRT_USR_ID, MNEMONIC, CLS_ID) VALUES ('12ff7ad6-0acd-4bba-a624-c7a03d3f8a6b', 'c8064cbd-fa06-4530-b430-1a52f1530c27', 'fadca076-3690-4a6e-af9e-f1cd68e8c7e8', 'PRCP', '0d6b3439-c9be-4480-af39-eeb457c052d0');
INSERT INTO CD_VRSN_TBL (CD_ID, STS_CD_ID, CRT_USR_ID, MNEMONIC, CLS_ID) VALUES ('e5136fdf-ce72-4757-a1cc-24e1cc98f034', 'c8064cbd-fa06-4530-b430-1a52f1530c27', 'fadca076-3690-4a6e-af9e-f1cd68e8c7e8', 'TRC', '0d6b3439-c9be-4480-af39-eeb457c052d0');
INSERT INTO CD_VRSN_TBL (CD_ID, STS_CD_ID, CRT_USR_ID, MNEMONIC, CLS_ID) VALUES ('baa88534-dc79-4942-90cd-e047ba24f34f', 'c8064cbd-fa06-4530-b430-1a52f1530c27', 'fadca076-3690-4a6e-af9e-f1cd68e8c7e8', 'SPRF', '0d6b3439-c9be-4480-af39-eeb457c052d0');
INSERT INTO CD_VRSN_TBL (CD_ID, STS_CD_ID, CRT_USR_ID, MNEMONIC, CLS_ID) VALUES ('4a287bfc-72ca-46b6-9d34-380eeae9369a', 'c8064cbd-fa06-4530-b430-1a52f1530c27', 'fadca076-3690-4a6e-af9e-f1cd68e8c7e8', 'AdjudicatedWithAdjustments', '0d6b3439-c9be-4480-af39-eeb457c052d0');
INSERT INTO CD_VRSN_TBL (CD_ID, STS_CD_ID, CRT_USR_ID, MNEMONIC, CLS_ID) VALUES ('71751e65-cc30-4080-85de-5c19d5201772', 'c8064cbd-fa06-4530-b430-1a52f1530c27', 'fadca076-3690-4a6e-af9e-f1cd68e8c7e8', 'AdjudicatedWithAdjustmentsAndNoFinancialImpact', '0d6b3439-c9be-4480-af39-eeb457c052d0');
INSERT INTO CD_VRSN_TBL (CD_ID, STS_CD_ID, CRT_USR_ID, MNEMONIC, CLS_ID) VALUES ('7fd001e8-5451-4a48-b5b6-da5928dce03f', 'c8064cbd-fa06-4530-b430-1a52f1530c27', 'fadca076-3690-4a6e-af9e-f1cd68e8c7e8', 'AdjudicatedAsRefused', '0d6b3439-c9be-4480-af39-eeb457c052d0');
INSERT INTO CD_VRSN_TBL (CD_ID, STS_CD_ID, CRT_USR_ID, MNEMONIC, CLS_ID) VALUES ('8be192e3-971a-4c3c-b795-554b0b5ad672', 'c8064cbd-fa06-4530-b430-1a52f1530c27', 'fadca076-3690-4a6e-af9e-f1cd68e8c7e8', 'AdjudicatedAsSubmitted', '0d6b3439-c9be-4480-af39-eeb457c052d0');
INSERT INTO CD_VRSN_TBL (CD_ID, STS_CD_ID, CRT_USR_ID, MNEMONIC, CLS_ID) VALUES ('59e13f51-0cca-433e-8a45-8ec24b332ece', 'c8064cbd-fa06-4530-b430-1a52f1530c27', 'fadca076-3690-4a6e-af9e-f1cd68e8c7e8', 'Display', '0d6b3439-c9be-4480-af39-eeb457c052d0');
INSERT INTO CD_VRSN_TBL (CD_ID, STS_CD_ID, CRT_USR_ID, MNEMONIC, CLS_ID) VALUES ('2be66881-87e1-4173-b950-5534334ee08b', 'c8064cbd-fa06-4530-b430-1a52f1530c27', 'fadca076-3690-4a6e-af9e-f1cd68e8c7e8', 'PrintOnForm', '0d6b3439-c9be-4480-af39-eeb457c052d0');
INSERT INTO CD_VRSN_TBL (CD_ID, STS_CD_ID, CRT_USR_ID, MNEMONIC, CLS_ID) VALUES ('04c76563-0e0b-49c4-9664-6eb3cbd771d1', 'c8064cbd-fa06-4530-b430-1a52f1530c27', 'fadca076-3690-4a6e-af9e-f1cd68e8c7e8', 'Automobile', '0d6b3439-c9be-4480-af39-eeb457c052d0');
INSERT INTO CD_VRSN_TBL (CD_ID, STS_CD_ID, CRT_USR_ID, MNEMONIC, CLS_ID) VALUES ('bd98bfb8-c621-48ec-919e-65a65e334d37', 'c8064cbd-fa06-4530-b430-1a52f1530c27', 'fadca076-3690-4a6e-af9e-f1cd68e8c7e8', 'DiseaseProgram', '0d6b3439-c9be-4480-af39-eeb457c052d0');
INSERT INTO CD_VRSN_TBL (CD_ID, STS_CD_ID, CRT_USR_ID, MNEMONIC, CLS_ID) VALUES ('2d0d7c33-c3a0-497a-92d8-d27095f1e2e7', 'c8064cbd-fa06-4530-b430-1a52f1530c27', 'fadca076-3690-4a6e-af9e-f1cd68e8c7e8', 'CollisionCoveragePolicy', '0d6b3439-c9be-4480-af39-eeb457c052d0');
INSERT INTO CD_VRSN_TBL (CD_ID, STS_CD_ID, CRT_USR_ID, MNEMONIC, CLS_ID) VALUES ('3fe3c67e-eb5a-4540-bdcd-5ae2a5ffbbef', 'c8064cbd-fa06-4530-b430-1a52f1530c27', 'fadca076-3690-4a6e-af9e-f1cd68e8c7e8', 'DentalProgram', '0d6b3439-c9be-4480-af39-eeb457c052d0');
INSERT INTO CD_VRSN_TBL (CD_ID, STS_CD_ID, CRT_USR_ID, MNEMONIC, CLS_ID) VALUES ('a5e71f54-ce6c-48f4-8da5-f8c61b04b7cf', 'c8064cbd-fa06-4530-b430-1a52f1530c27', 'fadca076-3690-4a6e-af9e-f1cd68e8c7e8', 'ExtendedHealthcare', '0d6b3439-c9be-4480-af39-eeb457c052d0');
INSERT INTO CD_VRSN_TBL (CD_ID, STS_CD_ID, CRT_USR_ID, MNEMONIC, CLS_ID) VALUES ('0413798d-4017-487a-9a8f-ddf40a21f48c', 'c8064cbd-fa06-4530-b430-1a52f1530c27', 'fadca076-3690-4a6e-af9e-f1cd68e8c7e8', 'EndRenalProgram', '0d6b3439-c9be-4480-af39-eeb457c052d0');
INSERT INTO CD_VRSN_TBL (CD_ID, STS_CD_ID, CRT_USR_ID, MNEMONIC, CLS_ID) VALUES ('231c88d8-2989-48f9-8ad7-df27adce9948', 'c8064cbd-fa06-4530-b430-1a52f1530c27', 'fadca076-3690-4a6e-af9e-f1cd68e8c7e8', 'HIVAIDSProgram', '0d6b3439-c9be-4480-af39-eeb457c052d0');
INSERT INTO CD_VRSN_TBL (CD_ID, STS_CD_ID, CRT_USR_ID, MNEMONIC, CLS_ID) VALUES ('c8581ff7-7699-4788-84dd-d6b28edfa919', 'c8064cbd-fa06-4530-b430-1a52f1530c27', 'fadca076-3690-4a6e-af9e-f1cd68e8c7e8', 'HealthSpendingAccount', '0d6b3439-c9be-4480-af39-eeb457c052d0');
INSERT INTO CD_VRSN_TBL (CD_ID, STS_CD_ID, CRT_USR_ID, MNEMONIC, CLS_ID) VALUES ('0c1af2f0-6162-4758-b532-ecece14d5a24', 'c8064cbd-fa06-4530-b430-1a52f1530c27', 'fadca076-3690-4a6e-af9e-f1cd68e8c7e8', 'MandatoryHealthProgram', '0d6b3439-c9be-4480-af39-eeb457c052d0');
INSERT INTO CD_VRSN_TBL (CD_ID, STS_CD_ID, CRT_USR_ID, MNEMONIC, CLS_ID) VALUES ('b83c798b-1b67-47d8-9353-7a8687967a63', 'c8064cbd-fa06-4530-b430-1a52f1530c27', 'fadca076-3690-4a6e-af9e-f1cd68e8c7e8', 'MentalHealthProgram', '0d6b3439-c9be-4480-af39-eeb457c052d0');
INSERT INTO CD_VRSN_TBL (CD_ID, STS_CD_ID, CRT_USR_ID, MNEMONIC, CLS_ID) VALUES ('a8d497c5-c68c-4bdd-b833-1202735ba0ac', 'c8064cbd-fa06-4530-b430-1a52f1530c27', 'fadca076-3690-4a6e-af9e-f1cd68e8c7e8', 'PublicHealthcare', '0d6b3439-c9be-4480-af39-eeb457c052d0');
INSERT INTO CD_VRSN_TBL (CD_ID, STS_CD_ID, CRT_USR_ID, MNEMONIC, CLS_ID) VALUES ('52aa67c9-4589-4d43-99fc-0e3da3b116e9', 'c8064cbd-fa06-4530-b430-1a52f1530c27', 'fadca076-3690-4a6e-af9e-f1cd68e8c7e8', 'SafetyNetClinicProgram', '0d6b3439-c9be-4480-af39-eeb457c052d0');
INSERT INTO CD_VRSN_TBL (CD_ID, STS_CD_ID, CRT_USR_ID, MNEMONIC, CLS_ID) VALUES ('b2f4bc37-b7f5-4836-86f5-500d72a552d0', 'c8064cbd-fa06-4530-b430-1a52f1530c27', 'fadca076-3690-4a6e-af9e-f1cd68e8c7e8', 'SubstanceUseProgram', '0d6b3439-c9be-4480-af39-eeb457c052d0');
INSERT INTO CD_VRSN_TBL (CD_ID, STS_CD_ID, CRT_USR_ID, MNEMONIC, CLS_ID) VALUES ('8f46d9b3-1a30-4092-b3ed-c1bc0c4189b7', 'c8064cbd-fa06-4530-b430-1a52f1530c27', 'fadca076-3690-4a6e-af9e-f1cd68e8c7e8', 'SubsidizedHealthProgram', '0d6b3439-c9be-4480-af39-eeb457c052d0');
INSERT INTO CD_VRSN_TBL (CD_ID, STS_CD_ID, CRT_USR_ID, MNEMONIC, CLS_ID) VALUES ('50a89363-3f59-4271-85fd-f79e8ac11f41', 'c8064cbd-fa06-4530-b430-1a52f1530c27', 'fadca076-3690-4a6e-af9e-f1cd68e8c7e8', 'SubsidizedManagedCareProgram', '0d6b3439-c9be-4480-af39-eeb457c052d0');
INSERT INTO CD_VRSN_TBL (CD_ID, STS_CD_ID, CRT_USR_ID, MNEMONIC, CLS_ID) VALUES ('dd5a11f6-91f8-44d2-aef1-7ad8f5b690a2', 'c8064cbd-fa06-4530-b430-1a52f1530c27', 'fadca076-3690-4a6e-af9e-f1cd68e8c7e8', 'SubsidizedSupplementalHealthProgram', '0d6b3439-c9be-4480-af39-eeb457c052d0');
INSERT INTO CD_VRSN_TBL (CD_ID, STS_CD_ID, CRT_USR_ID, MNEMONIC, CLS_ID) VALUES ('5dc02c7b-88d9-4167-a0c7-3ebbe67ec625', 'c8064cbd-fa06-4530-b430-1a52f1530c27', 'fadca076-3690-4a6e-af9e-f1cd68e8c7e8', 'UninsuredMotoristPolicy', '0d6b3439-c9be-4480-af39-eeb457c052d0');
INSERT INTO CD_VRSN_TBL (CD_ID, STS_CD_ID, CRT_USR_ID, MNEMONIC, CLS_ID) VALUES ('01afa2d5-ef17-4f41-83d4-b166308e998f', 'c8064cbd-fa06-4530-b430-1a52f1530c27', 'fadca076-3690-4a6e-af9e-f1cd68e8c7e8', 'WorkersCompensation', '0d6b3439-c9be-4480-af39-eeb457c052d0');
INSERT INTO CD_VRSN_TBL (CD_ID, STS_CD_ID, CRT_USR_ID, MNEMONIC, CLS_ID) VALUES ('401b25e9-6096-4fe0-8fea-d7eb40e37592', 'c8064cbd-fa06-4530-b430-1a52f1530c27', 'fadca076-3690-4a6e-af9e-f1cd68e8c7e8', 'FederalSalesTax', '0d6b3439-c9be-4480-af39-eeb457c052d0');
INSERT INTO CD_VRSN_TBL (CD_ID, STS_CD_ID, CRT_USR_ID, MNEMONIC, CLS_ID) VALUES ('ea397b83-59af-4d7a-93f8-71e615072aae', 'c8064cbd-fa06-4530-b430-1a52f1530c27', 'fadca076-3690-4a6e-af9e-f1cd68e8c7e8', 'HarmonizedSalesTax', '0d6b3439-c9be-4480-af39-eeb457c052d0');
INSERT INTO CD_VRSN_TBL (CD_ID, STS_CD_ID, CRT_USR_ID, MNEMONIC, CLS_ID) VALUES ('be912792-f637-4373-a48d-6c9f838191e2', 'c8064cbd-fa06-4530-b430-1a52f1530c27', 'fadca076-3690-4a6e-af9e-f1cd68e8c7e8', 'ProvincialStateSalesTax', '0d6b3439-c9be-4480-af39-eeb457c052d0');
INSERT INTO CD_VRSN_TBL (CD_ID, STS_CD_ID, CRT_USR_ID, MNEMONIC, CLS_ID) VALUES ('ec8a162b-81f7-4388-b695-e998369c2425', 'c8064cbd-fa06-4530-b430-1a52f1530c27', 'fadca076-3690-4a6e-af9e-f1cd68e8c7e8', 'AdjudNullifiedPriorperiodElectronicAmount', '0d6b3439-c9be-4480-af39-eeb457c052d0');
INSERT INTO CD_VRSN_TBL (CD_ID, STS_CD_ID, CRT_USR_ID, MNEMONIC, CLS_ID) VALUES ('69c13f8a-29e2-410b-b5ad-f616f7191b14', 'c8064cbd-fa06-4530-b430-1a52f1530c27', 'fadca076-3690-4a6e-af9e-f1cd68e8c7e8', 'AdjudNullifiedPriorperiodElectronicCount', '0d6b3439-c9be-4480-af39-eeb457c052d0');
INSERT INTO CD_VRSN_TBL (CD_ID, STS_CD_ID, CRT_USR_ID, MNEMONIC, CLS_ID) VALUES ('41ae57b4-5f5f-49e5-8c77-4ba7969ff469', 'c8064cbd-fa06-4530-b430-1a52f1530c27', 'fadca076-3690-4a6e-af9e-f1cd68e8c7e8', 'AdjudNullifiedPriorperiodManualAmount', '0d6b3439-c9be-4480-af39-eeb457c052d0');
INSERT INTO CD_VRSN_TBL (CD_ID, STS_CD_ID, CRT_USR_ID, MNEMONIC, CLS_ID) VALUES ('70797990-396d-4542-90a2-7f5f1abf0ad1', 'c8064cbd-fa06-4530-b430-1a52f1530c27', 'fadca076-3690-4a6e-af9e-f1cd68e8c7e8', 'AdjudNullifiedPriorperiodManualCount', '0d6b3439-c9be-4480-af39-eeb457c052d0');
INSERT INTO CD_VRSN_TBL (CD_ID, STS_CD_ID, CRT_USR_ID, MNEMONIC, CLS_ID) VALUES ('3e0ea001-123e-49a4-b28c-939e5d5ea488', 'c8064cbd-fa06-4530-b430-1a52f1530c27', 'fadca076-3690-4a6e-af9e-f1cd68e8c7e8', 'AdjudNullifiedSameperiodElectronicAmount', '0d6b3439-c9be-4480-af39-eeb457c052d0');
INSERT INTO CD_VRSN_TBL (CD_ID, STS_CD_ID, CRT_USR_ID, MNEMONIC, CLS_ID) VALUES ('84223e9b-3217-404d-ad47-3ef9bde43dcb', 'c8064cbd-fa06-4530-b430-1a52f1530c27', 'fadca076-3690-4a6e-af9e-f1cd68e8c7e8', 'AdjudNullifiedSameperiodElectronicCount', '0d6b3439-c9be-4480-af39-eeb457c052d0');
INSERT INTO CD_VRSN_TBL (CD_ID, STS_CD_ID, CRT_USR_ID, MNEMONIC, CLS_ID) VALUES ('efc391b0-4d74-46e4-91e6-c03f315555e2', 'c8064cbd-fa06-4530-b430-1a52f1530c27', 'fadca076-3690-4a6e-af9e-f1cd68e8c7e8', 'AdjudNullifiedSameperiodManualAmount', '0d6b3439-c9be-4480-af39-eeb457c052d0');
INSERT INTO CD_VRSN_TBL (CD_ID, STS_CD_ID, CRT_USR_ID, MNEMONIC, CLS_ID) VALUES ('2feab4d2-6bd5-4da8-9057-82ff9bf6a1bc', 'c8064cbd-fa06-4530-b430-1a52f1530c27', 'fadca076-3690-4a6e-af9e-f1cd68e8c7e8', 'AdjudNullifiedSameperiodManualCount', '0d6b3439-c9be-4480-af39-eeb457c052d0');
INSERT INTO CD_VRSN_TBL (CD_ID, STS_CD_ID, CRT_USR_ID, MNEMONIC, CLS_ID) VALUES ('2fb4dfbc-64dd-4668-b2e5-0d5c743c9a9f', 'c8064cbd-fa06-4530-b430-1a52f1530c27', 'fadca076-3690-4a6e-af9e-f1cd68e8c7e8', 'AdjudNonpayeePayablePriorperiodElectronicAmount', '0d6b3439-c9be-4480-af39-eeb457c052d0');
INSERT INTO CD_VRSN_TBL (CD_ID, STS_CD_ID, CRT_USR_ID, MNEMONIC, CLS_ID) VALUES ('4e9dbe60-3e4e-4074-a432-0bb4e47eb62d', 'c8064cbd-fa06-4530-b430-1a52f1530c27', 'fadca076-3690-4a6e-af9e-f1cd68e8c7e8', 'AdjudNonpayeePayablePriorperiodElectronicCount', '0d6b3439-c9be-4480-af39-eeb457c052d0');
INSERT INTO CD_VRSN_TBL (CD_ID, STS_CD_ID, CRT_USR_ID, MNEMONIC, CLS_ID) VALUES ('958a0b33-c3d7-47ef-9596-59eee434eb2d', 'c8064cbd-fa06-4530-b430-1a52f1530c27', 'fadca076-3690-4a6e-af9e-f1cd68e8c7e8', 'AdjudNonpayeePayablePriorperiodManualAmount', '0d6b3439-c9be-4480-af39-eeb457c052d0');
INSERT INTO CD_VRSN_TBL (CD_ID, STS_CD_ID, CRT_USR_ID, MNEMONIC, CLS_ID) VALUES ('17cd1669-5aaf-4960-bd23-988209eba352', 'c8064cbd-fa06-4530-b430-1a52f1530c27', 'fadca076-3690-4a6e-af9e-f1cd68e8c7e8', 'AdjudNonpayeePayablePriorperiodManualCount', '0d6b3439-c9be-4480-af39-eeb457c052d0');
INSERT INTO CD_VRSN_TBL (CD_ID, STS_CD_ID, CRT_USR_ID, MNEMONIC, CLS_ID) VALUES ('e7bde797-deac-4c63-9f61-1ddbd38b98f3', 'c8064cbd-fa06-4530-b430-1a52f1530c27', 'fadca076-3690-4a6e-af9e-f1cd68e8c7e8', 'AdjudNonpayeePayableSameperiodElectronicAmount', '0d6b3439-c9be-4480-af39-eeb457c052d0');
INSERT INTO CD_VRSN_TBL (CD_ID, STS_CD_ID, CRT_USR_ID, MNEMONIC, CLS_ID) VALUES ('1d570bba-8242-4fdb-bd63-c2e7601a64c6', 'c8064cbd-fa06-4530-b430-1a52f1530c27', 'fadca076-3690-4a6e-af9e-f1cd68e8c7e8', 'AdjudNonpayeePayableSameperiodElectronicCount', '0d6b3439-c9be-4480-af39-eeb457c052d0');
INSERT INTO CD_VRSN_TBL (CD_ID, STS_CD_ID, CRT_USR_ID, MNEMONIC, CLS_ID) VALUES ('091780d7-cd81-4c15-a082-fd969b5baf85', 'c8064cbd-fa06-4530-b430-1a52f1530c27', 'fadca076-3690-4a6e-af9e-f1cd68e8c7e8', 'AdjudNonpayeePayableSameperiodManualAmount', '0d6b3439-c9be-4480-af39-eeb457c052d0');
INSERT INTO CD_VRSN_TBL (CD_ID, STS_CD_ID, CRT_USR_ID, MNEMONIC, CLS_ID) VALUES ('ff15da84-64e6-47be-95c2-3c5f4629913a', 'c8064cbd-fa06-4530-b430-1a52f1530c27', 'fadca076-3690-4a6e-af9e-f1cd68e8c7e8', 'AdjudNonpayeePayableSameperiodManualCount', '0d6b3439-c9be-4480-af39-eeb457c052d0');
INSERT INTO CD_VRSN_TBL (CD_ID, STS_CD_ID, CRT_USR_ID, MNEMONIC, CLS_ID) VALUES ('2beefd30-62af-40e4-83ec-127f3fb6834a', 'c8064cbd-fa06-4530-b430-1a52f1530c27', 'fadca076-3690-4a6e-af9e-f1cd68e8c7e8', 'AdjudPayeePayablePriorperiodElectronicAmount', '0d6b3439-c9be-4480-af39-eeb457c052d0');
INSERT INTO CD_VRSN_TBL (CD_ID, STS_CD_ID, CRT_USR_ID, MNEMONIC, CLS_ID) VALUES ('f292cfc1-e4d1-483f-b67b-b2367bb53451', 'c8064cbd-fa06-4530-b430-1a52f1530c27', 'fadca076-3690-4a6e-af9e-f1cd68e8c7e8', 'AdjudPayeePayablePriorperiodElectronicCount', '0d6b3439-c9be-4480-af39-eeb457c052d0');
INSERT INTO CD_VRSN_TBL (CD_ID, STS_CD_ID, CRT_USR_ID, MNEMONIC, CLS_ID) VALUES ('0aac5109-30ae-4b49-a780-735cc77218ee', 'c8064cbd-fa06-4530-b430-1a52f1530c27', 'fadca076-3690-4a6e-af9e-f1cd68e8c7e8', 'AdjudPayeePayablePriorperiodManualAmout', '0d6b3439-c9be-4480-af39-eeb457c052d0');
INSERT INTO CD_VRSN_TBL (CD_ID, STS_CD_ID, CRT_USR_ID, MNEMONIC, CLS_ID) VALUES ('1969675c-017e-480f-b0a8-33a03d4b4068', 'c8064cbd-fa06-4530-b430-1a52f1530c27', 'fadca076-3690-4a6e-af9e-f1cd68e8c7e8', 'AdjudPayeePayablePriorperiodManualCount', '0d6b3439-c9be-4480-af39-eeb457c052d0');
INSERT INTO CD_VRSN_TBL (CD_ID, STS_CD_ID, CRT_USR_ID, MNEMONIC, CLS_ID) VALUES ('2959b0d3-15a1-4672-9d07-4ece0497bdc5', 'c8064cbd-fa06-4530-b430-1a52f1530c27', 'fadca076-3690-4a6e-af9e-f1cd68e8c7e8', 'AdjudPayeePayableSameperiodElectronicAmount', '0d6b3439-c9be-4480-af39-eeb457c052d0');
INSERT INTO CD_VRSN_TBL (CD_ID, STS_CD_ID, CRT_USR_ID, MNEMONIC, CLS_ID) VALUES ('5c04ef87-0ca3-4bd9-9b7f-4c2d41101535', 'c8064cbd-fa06-4530-b430-1a52f1530c27', 'fadca076-3690-4a6e-af9e-f1cd68e8c7e8', 'AdjudPayeePayableSameperiodElectronicCount', '0d6b3439-c9be-4480-af39-eeb457c052d0');
INSERT INTO CD_VRSN_TBL (CD_ID, STS_CD_ID, CRT_USR_ID, MNEMONIC, CLS_ID) VALUES ('c8d5ab21-0a0a-4e19-9209-d0b23e06c1b1', 'c8064cbd-fa06-4530-b430-1a52f1530c27', 'fadca076-3690-4a6e-af9e-f1cd68e8c7e8', 'AdjudPayeePayableSameperiodManualAmount', '0d6b3439-c9be-4480-af39-eeb457c052d0');
INSERT INTO CD_VRSN_TBL (CD_ID, STS_CD_ID, CRT_USR_ID, MNEMONIC, CLS_ID) VALUES ('4d1f6130-c060-4f8c-8eb3-c1dba2b0db81', 'c8064cbd-fa06-4530-b430-1a52f1530c27', 'fadca076-3690-4a6e-af9e-f1cd68e8c7e8', 'AdjudPayeePayableSameperiodManualCount', '0d6b3439-c9be-4480-af39-eeb457c052d0');
INSERT INTO CD_VRSN_TBL (CD_ID, STS_CD_ID, CRT_USR_ID, MNEMONIC, CLS_ID) VALUES ('c3000962-275e-4ccc-9bc9-4dd9525bb9c7', 'c8064cbd-fa06-4530-b430-1a52f1530c27', 'fadca076-3690-4a6e-af9e-f1cd68e8c7e8', 'AdjudRefusedPriorperiodElectronicAmount', '0d6b3439-c9be-4480-af39-eeb457c052d0');
INSERT INTO CD_VRSN_TBL (CD_ID, STS_CD_ID, CRT_USR_ID, MNEMONIC, CLS_ID) VALUES ('fedc3216-fd31-498f-ae54-d95296a73636', 'c8064cbd-fa06-4530-b430-1a52f1530c27', 'fadca076-3690-4a6e-af9e-f1cd68e8c7e8', 'AdjudRefusedPriorperiodElectronicCount', '0d6b3439-c9be-4480-af39-eeb457c052d0');
INSERT INTO CD_VRSN_TBL (CD_ID, STS_CD_ID, CRT_USR_ID, MNEMONIC, CLS_ID) VALUES ('2e34005b-7176-42be-81e1-67b63f68b4cd', 'c8064cbd-fa06-4530-b430-1a52f1530c27', 'fadca076-3690-4a6e-af9e-f1cd68e8c7e8', 'AdjudRefusedPriorperiodManualAmount', '0d6b3439-c9be-4480-af39-eeb457c052d0');
INSERT INTO CD_VRSN_TBL (CD_ID, STS_CD_ID, CRT_USR_ID, MNEMONIC, CLS_ID) VALUES ('0ef206eb-189a-4fd8-965c-6044ac8854b8', 'c8064cbd-fa06-4530-b430-1a52f1530c27', 'fadca076-3690-4a6e-af9e-f1cd68e8c7e8', 'AdjudRefusedPriorperiodManualCount', '0d6b3439-c9be-4480-af39-eeb457c052d0');
INSERT INTO CD_VRSN_TBL (CD_ID, STS_CD_ID, CRT_USR_ID, MNEMONIC, CLS_ID) VALUES ('ebd2fa4c-a441-4429-aac6-68d46d8c96bf', 'c8064cbd-fa06-4530-b430-1a52f1530c27', 'fadca076-3690-4a6e-af9e-f1cd68e8c7e8', 'AdjudRefusedSameperiodElectronicAmount', '0d6b3439-c9be-4480-af39-eeb457c052d0');
INSERT INTO CD_VRSN_TBL (CD_ID, STS_CD_ID, CRT_USR_ID, MNEMONIC, CLS_ID) VALUES ('612d1915-8faf-475d-a190-6902591eb6dc', 'c8064cbd-fa06-4530-b430-1a52f1530c27', 'fadca076-3690-4a6e-af9e-f1cd68e8c7e8', 'AdjudRefusedSameperiodElectronicCount', '0d6b3439-c9be-4480-af39-eeb457c052d0');
INSERT INTO CD_VRSN_TBL (CD_ID, STS_CD_ID, CRT_USR_ID, MNEMONIC, CLS_ID) VALUES ('f8e9f0f1-d321-4638-a3a8-043511eaecfc', 'c8064cbd-fa06-4530-b430-1a52f1530c27', 'fadca076-3690-4a6e-af9e-f1cd68e8c7e8', 'AdjudRefusedSameperiodManualAmount', '0d6b3439-c9be-4480-af39-eeb457c052d0');
INSERT INTO CD_VRSN_TBL (CD_ID, STS_CD_ID, CRT_USR_ID, MNEMONIC, CLS_ID) VALUES ('cebefd83-e366-4264-ba13-70cfb2b4cdb2', 'c8064cbd-fa06-4530-b430-1a52f1530c27', 'fadca076-3690-4a6e-af9e-f1cd68e8c7e8', 'AdjudRefusedSameperiodManualCount', '0d6b3439-c9be-4480-af39-eeb457c052d0');
INSERT INTO CD_VRSN_TBL (CD_ID, STS_CD_ID, CRT_USR_ID, MNEMONIC, CLS_ID) VALUES ('95d190e8-2282-4ac8-a53a-02b49d9d3a8c', 'c8064cbd-fa06-4530-b430-1a52f1530c27', 'fadca076-3690-4a6e-af9e-f1cd68e8c7e8', 'PaidNullifiedPriorperiodElectronicAmount', '0d6b3439-c9be-4480-af39-eeb457c052d0');
INSERT INTO CD_VRSN_TBL (CD_ID, STS_CD_ID, CRT_USR_ID, MNEMONIC, CLS_ID) VALUES ('4ea572f0-c86d-4839-bd45-344285157c92', 'c8064cbd-fa06-4530-b430-1a52f1530c27', 'fadca076-3690-4a6e-af9e-f1cd68e8c7e8', 'PaidNullifiedPriorperiodElectronicCount', '0d6b3439-c9be-4480-af39-eeb457c052d0');
INSERT INTO CD_VRSN_TBL (CD_ID, STS_CD_ID, CRT_USR_ID, MNEMONIC, CLS_ID) VALUES ('86ec6fc5-b952-4e4e-8407-aa3369aa5d51', 'c8064cbd-fa06-4530-b430-1a52f1530c27', 'fadca076-3690-4a6e-af9e-f1cd68e8c7e8', 'PaidNullifiedPriorperiodManualAmount', '0d6b3439-c9be-4480-af39-eeb457c052d0');
INSERT INTO CD_VRSN_TBL (CD_ID, STS_CD_ID, CRT_USR_ID, MNEMONIC, CLS_ID) VALUES ('415d4872-5cd5-4030-b4b8-677959a2dd1a', 'c8064cbd-fa06-4530-b430-1a52f1530c27', 'fadca076-3690-4a6e-af9e-f1cd68e8c7e8', 'PaidNullifiedPriorperiodManualCount', '0d6b3439-c9be-4480-af39-eeb457c052d0');
INSERT INTO CD_VRSN_TBL (CD_ID, STS_CD_ID, CRT_USR_ID, MNEMONIC, CLS_ID) VALUES ('d4c77cd9-eed8-4462-9a44-2ab5af40b711', 'c8064cbd-fa06-4530-b430-1a52f1530c27', 'fadca076-3690-4a6e-af9e-f1cd68e8c7e8', 'PaidNullifiedSameperiodElectronicAmount', '0d6b3439-c9be-4480-af39-eeb457c052d0');
INSERT INTO CD_VRSN_TBL (CD_ID, STS_CD_ID, CRT_USR_ID, MNEMONIC, CLS_ID) VALUES ('3c7d6dbe-3dd0-4dcc-917d-d932375c021e', 'c8064cbd-fa06-4530-b430-1a52f1530c27', 'fadca076-3690-4a6e-af9e-f1cd68e8c7e8', 'PaidNullifiedSameperiodElectronicCount', '0d6b3439-c9be-4480-af39-eeb457c052d0');
INSERT INTO CD_VRSN_TBL (CD_ID, STS_CD_ID, CRT_USR_ID, MNEMONIC, CLS_ID) VALUES ('65d1d69d-892c-4961-8379-91c5aa70d16e', 'c8064cbd-fa06-4530-b430-1a52f1530c27', 'fadca076-3690-4a6e-af9e-f1cd68e8c7e8', 'PaidNullifiedSameperiodManualAmount', '0d6b3439-c9be-4480-af39-eeb457c052d0');
INSERT INTO CD_VRSN_TBL (CD_ID, STS_CD_ID, CRT_USR_ID, MNEMONIC, CLS_ID) VALUES ('ed267443-26fc-4e5f-9647-0c0ab3ad5696', 'c8064cbd-fa06-4530-b430-1a52f1530c27', 'fadca076-3690-4a6e-af9e-f1cd68e8c7e8', 'PaidNullifiedSameperiodManualCount', '0d6b3439-c9be-4480-af39-eeb457c052d0');
INSERT INTO CD_VRSN_TBL (CD_ID, STS_CD_ID, CRT_USR_ID, MNEMONIC, CLS_ID) VALUES ('71f4edb8-ff9f-4136-bb66-efee62ce4a74', 'c8064cbd-fa06-4530-b430-1a52f1530c27', 'fadca076-3690-4a6e-af9e-f1cd68e8c7e8', 'PaidNonpayeePayablePriorperiodElectronicAmount', '0d6b3439-c9be-4480-af39-eeb457c052d0');
INSERT INTO CD_VRSN_TBL (CD_ID, STS_CD_ID, CRT_USR_ID, MNEMONIC, CLS_ID) VALUES ('6c7c4cbc-5519-463b-b23d-31dc0238b172', 'c8064cbd-fa06-4530-b430-1a52f1530c27', 'fadca076-3690-4a6e-af9e-f1cd68e8c7e8', 'PaidNonpayeePayablePriorperiodElectronicCount', '0d6b3439-c9be-4480-af39-eeb457c052d0');
INSERT INTO CD_VRSN_TBL (CD_ID, STS_CD_ID, CRT_USR_ID, MNEMONIC, CLS_ID) VALUES ('caf15d91-dcaf-4201-88bb-1f41d116d01c', 'c8064cbd-fa06-4530-b430-1a52f1530c27', 'fadca076-3690-4a6e-af9e-f1cd68e8c7e8', 'PaidNonpayeePayablePriorperiodManualAmount', '0d6b3439-c9be-4480-af39-eeb457c052d0');
INSERT INTO CD_VRSN_TBL (CD_ID, STS_CD_ID, CRT_USR_ID, MNEMONIC, CLS_ID) VALUES ('d47b92c2-ae09-4d13-bc45-2d545706e731', 'c8064cbd-fa06-4530-b430-1a52f1530c27', 'fadca076-3690-4a6e-af9e-f1cd68e8c7e8', 'PaidNonpayeePayablePriorperiodManualCount', '0d6b3439-c9be-4480-af39-eeb457c052d0');
INSERT INTO CD_VRSN_TBL (CD_ID, STS_CD_ID, CRT_USR_ID, MNEMONIC, CLS_ID) VALUES ('928da1ae-db55-450f-8129-73e7d1218653', 'c8064cbd-fa06-4530-b430-1a52f1530c27', 'fadca076-3690-4a6e-af9e-f1cd68e8c7e8', 'PaidNonpayeePayableSameperiodElectronicAmount', '0d6b3439-c9be-4480-af39-eeb457c052d0');
INSERT INTO CD_VRSN_TBL (CD_ID, STS_CD_ID, CRT_USR_ID, MNEMONIC, CLS_ID) VALUES ('ea99e6e9-ba42-4f8f-b0f7-cfb46b5df629', 'c8064cbd-fa06-4530-b430-1a52f1530c27', 'fadca076-3690-4a6e-af9e-f1cd68e8c7e8', 'PaidNonpayeePayableSameperiodElectronicCount', '0d6b3439-c9be-4480-af39-eeb457c052d0');
INSERT INTO CD_VRSN_TBL (CD_ID, STS_CD_ID, CRT_USR_ID, MNEMONIC, CLS_ID) VALUES ('abb0bfaa-3082-4294-b8f6-5e9ec041b5a0', 'c8064cbd-fa06-4530-b430-1a52f1530c27', 'fadca076-3690-4a6e-af9e-f1cd68e8c7e8', 'PaidNonpayeePayableSameperiodManualAmount', '0d6b3439-c9be-4480-af39-eeb457c052d0');
INSERT INTO CD_VRSN_TBL (CD_ID, STS_CD_ID, CRT_USR_ID, MNEMONIC, CLS_ID) VALUES ('0b8f2f1c-190b-4596-8912-88d21d367ee1', 'c8064cbd-fa06-4530-b430-1a52f1530c27', 'fadca076-3690-4a6e-af9e-f1cd68e8c7e8', 'PaidNonpayeePayableSameperiodManualCount', '0d6b3439-c9be-4480-af39-eeb457c052d0');
INSERT INTO CD_VRSN_TBL (CD_ID, STS_CD_ID, CRT_USR_ID, MNEMONIC, CLS_ID) VALUES ('a54a0e82-a7fa-4a9c-b36f-39e976bbe29a', 'c8064cbd-fa06-4530-b430-1a52f1530c27', 'fadca076-3690-4a6e-af9e-f1cd68e8c7e8', 'PaidPayeePayablePriorperiodElectronicAmount', '0d6b3439-c9be-4480-af39-eeb457c052d0');
INSERT INTO CD_VRSN_TBL (CD_ID, STS_CD_ID, CRT_USR_ID, MNEMONIC, CLS_ID) VALUES ('64813a52-19ec-43e8-aea9-e7527cdea88a', 'c8064cbd-fa06-4530-b430-1a52f1530c27', 'fadca076-3690-4a6e-af9e-f1cd68e8c7e8', 'PaidPayeePayablePriorperiodElectronicCount', '0d6b3439-c9be-4480-af39-eeb457c052d0');
INSERT INTO CD_VRSN_TBL (CD_ID, STS_CD_ID, CRT_USR_ID, MNEMONIC, CLS_ID) VALUES ('98023485-f85f-4151-8330-c4adfde0b579', 'c8064cbd-fa06-4530-b430-1a52f1530c27', 'fadca076-3690-4a6e-af9e-f1cd68e8c7e8', 'PaidPayeePayablePriorperiodManualAmount', '0d6b3439-c9be-4480-af39-eeb457c052d0');
INSERT INTO CD_VRSN_TBL (CD_ID, STS_CD_ID, CRT_USR_ID, MNEMONIC, CLS_ID) VALUES ('eec32656-fa6a-40dc-9145-2487f1e561ef', 'c8064cbd-fa06-4530-b430-1a52f1530c27', 'fadca076-3690-4a6e-af9e-f1cd68e8c7e8', 'PaidPayeePayablePriorperiodManualCount', '0d6b3439-c9be-4480-af39-eeb457c052d0');
INSERT INTO CD_VRSN_TBL (CD_ID, STS_CD_ID, CRT_USR_ID, MNEMONIC, CLS_ID) VALUES ('192eb732-2226-44a8-a802-fe694c581a41', 'c8064cbd-fa06-4530-b430-1a52f1530c27', 'fadca076-3690-4a6e-af9e-f1cd68e8c7e8', 'PaidPayeePayableSameperiodElectronicAmount', '0d6b3439-c9be-4480-af39-eeb457c052d0');
INSERT INTO CD_VRSN_TBL (CD_ID, STS_CD_ID, CRT_USR_ID, MNEMONIC, CLS_ID) VALUES ('b8b595a7-9c17-4d12-958a-8b098abdc638', 'c8064cbd-fa06-4530-b430-1a52f1530c27', 'fadca076-3690-4a6e-af9e-f1cd68e8c7e8', 'PaidPayeePayableSameperiodElectronicCount', '0d6b3439-c9be-4480-af39-eeb457c052d0');
INSERT INTO CD_VRSN_TBL (CD_ID, STS_CD_ID, CRT_USR_ID, MNEMONIC, CLS_ID) VALUES ('bee02da3-a599-4d14-9053-38ce443bc2b8', 'c8064cbd-fa06-4530-b430-1a52f1530c27', 'fadca076-3690-4a6e-af9e-f1cd68e8c7e8', 'PaidPayeePayableSameperiodManualAmount', '0d6b3439-c9be-4480-af39-eeb457c052d0');
INSERT INTO CD_VRSN_TBL (CD_ID, STS_CD_ID, CRT_USR_ID, MNEMONIC, CLS_ID) VALUES ('b6b0854b-948f-47ee-b3c2-688bd722aeac', 'c8064cbd-fa06-4530-b430-1a52f1530c27', 'fadca076-3690-4a6e-af9e-f1cd68e8c7e8', 'PaidPayeePayableSameperiodManualCount', '0d6b3439-c9be-4480-af39-eeb457c052d0');
INSERT INTO CD_VRSN_TBL (CD_ID, STS_CD_ID, CRT_USR_ID, MNEMONIC, CLS_ID) VALUES ('318ced77-ccd6-48d0-b16f-6ea4be00a586', 'c8064cbd-fa06-4530-b430-1a52f1530c27', 'fadca076-3690-4a6e-af9e-f1cd68e8c7e8', 'SubmittedBilledElectronicAmount', '0d6b3439-c9be-4480-af39-eeb457c052d0');
INSERT INTO CD_VRSN_TBL (CD_ID, STS_CD_ID, CRT_USR_ID, MNEMONIC, CLS_ID) VALUES ('f193cab3-cffa-4671-99af-6be949ba96aa', 'c8064cbd-fa06-4530-b430-1a52f1530c27', 'fadca076-3690-4a6e-af9e-f1cd68e8c7e8', 'SubmittedBilledElectronicCount', '0d6b3439-c9be-4480-af39-eeb457c052d0');
INSERT INTO CD_VRSN_TBL (CD_ID, STS_CD_ID, CRT_USR_ID, MNEMONIC, CLS_ID) VALUES ('2bcbc810-53bc-4337-9c0c-303c52356659', 'c8064cbd-fa06-4530-b430-1a52f1530c27', 'fadca076-3690-4a6e-af9e-f1cd68e8c7e8', 'SubmittedNullifiedElectronicAmount', '0d6b3439-c9be-4480-af39-eeb457c052d0');
INSERT INTO CD_VRSN_TBL (CD_ID, STS_CD_ID, CRT_USR_ID, MNEMONIC, CLS_ID) VALUES ('c8763e54-4ea6-4fd4-ae31-5644ba0cbe0c', 'c8064cbd-fa06-4530-b430-1a52f1530c27', 'fadca076-3690-4a6e-af9e-f1cd68e8c7e8', 'SubmittedCancelledElectronicCount', '0d6b3439-c9be-4480-af39-eeb457c052d0');
INSERT INTO CD_VRSN_TBL (CD_ID, STS_CD_ID, CRT_USR_ID, MNEMONIC, CLS_ID) VALUES ('b2180b59-79b2-4cf5-9ea2-fb36d9ad8c03', 'c8064cbd-fa06-4530-b430-1a52f1530c27', 'fadca076-3690-4a6e-af9e-f1cd68e8c7e8', 'SubmittedPendingElectronicAmount', '0d6b3439-c9be-4480-af39-eeb457c052d0');
INSERT INTO CD_VRSN_TBL (CD_ID, STS_CD_ID, CRT_USR_ID, MNEMONIC, CLS_ID) VALUES ('ca578e77-bcc2-4305-95d5-ffe559318aea', 'c8064cbd-fa06-4530-b430-1a52f1530c27', 'fadca076-3690-4a6e-af9e-f1cd68e8c7e8', 'SubmittedPendingElectronicCount', '0d6b3439-c9be-4480-af39-eeb457c052d0');
INSERT INTO CD_VRSN_TBL (CD_ID, STS_CD_ID, CRT_USR_ID, MNEMONIC, CLS_ID) VALUES ('7c8e0e91-7849-4d05-a9e9-2663f3c738db', 'c8064cbd-fa06-4530-b430-1a52f1530c27', 'fadca076-3690-4a6e-af9e-f1cd68e8c7e8', 'ClinicalProductInvoice', '0d6b3439-c9be-4480-af39-eeb457c052d0');
INSERT INTO CD_VRSN_TBL (CD_ID, STS_CD_ID, CRT_USR_ID, MNEMONIC, CLS_ID) VALUES ('f73c6dc1-ddf4-4281-a4cf-2dafb8996b19', 'c8064cbd-fa06-4530-b430-1a52f1530c27', 'fadca076-3690-4a6e-af9e-f1cd68e8c7e8', 'CompoundDrugInvoiceGroup', '0d6b3439-c9be-4480-af39-eeb457c052d0');
INSERT INTO CD_VRSN_TBL (CD_ID, STS_CD_ID, CRT_USR_ID, MNEMONIC, CLS_ID) VALUES ('439831fb-279b-4c63-a2ca-aa24a95bcecb', 'c8064cbd-fa06-4530-b430-1a52f1530c27', 'fadca076-3690-4a6e-af9e-f1cd68e8c7e8', 'CompoundIngredientInvoiceGroup', '0d6b3439-c9be-4480-af39-eeb457c052d0');
INSERT INTO CD_VRSN_TBL (CD_ID, STS_CD_ID, CRT_USR_ID, MNEMONIC, CLS_ID) VALUES ('4b0cc35d-e05c-46c4-afd8-2a03ecfe6df1', 'c8064cbd-fa06-4530-b430-1a52f1530c27', 'fadca076-3690-4a6e-af9e-f1cd68e8c7e8', 'CompoundSupplyInvoiceGroup', '0d6b3439-c9be-4480-af39-eeb457c052d0');
INSERT INTO CD_VRSN_TBL (CD_ID, STS_CD_ID, CRT_USR_ID, MNEMONIC, CLS_ID) VALUES ('a67d6067-3e58-42cd-99d3-b3b25f9c0b1e', 'c8064cbd-fa06-4530-b430-1a52f1530c27', 'fadca076-3690-4a6e-af9e-f1cd68e8c7e8', 'ClinicalServiceInvoice', '0d6b3439-c9be-4480-af39-eeb457c052d0');
INSERT INTO CD_VRSN_TBL (CD_ID, STS_CD_ID, CRT_USR_ID, MNEMONIC, CLS_ID) VALUES ('c17d2682-aa2b-421a-a096-f5d634234218', 'c8064cbd-fa06-4530-b430-1a52f1530c27', 'fadca076-3690-4a6e-af9e-f1cd68e8c7e8', 'ClinicalServiceAndProduct', '0d6b3439-c9be-4480-af39-eeb457c052d0');
INSERT INTO CD_VRSN_TBL (CD_ID, STS_CD_ID, CRT_USR_ID, MNEMONIC, CLS_ID) VALUES ('e0cc9b98-2de1-4ca7-9cc9-15cd488ae7ad', 'c8064cbd-fa06-4530-b430-1a52f1530c27', 'fadca076-3690-4a6e-af9e-f1cd68e8c7e8', 'DrugInvoiceGroup', '0d6b3439-c9be-4480-af39-eeb457c052d0');
INSERT INTO CD_VRSN_TBL (CD_ID, STS_CD_ID, CRT_USR_ID, MNEMONIC, CLS_ID) VALUES ('c70d0aef-fc5f-48b6-a2ab-940667923dd1', 'c8064cbd-fa06-4530-b430-1a52f1530c27', 'fadca076-3690-4a6e-af9e-f1cd68e8c7e8', 'FinancialInvoice', '0d6b3439-c9be-4480-af39-eeb457c052d0');
INSERT INTO CD_VRSN_TBL (CD_ID, STS_CD_ID, CRT_USR_ID, MNEMONIC, CLS_ID) VALUES ('35b73050-b433-4cb4-972a-d8e2cda72c7e', 'c8064cbd-fa06-4530-b430-1a52f1530c27', 'fadca076-3690-4a6e-af9e-f1cd68e8c7e8', 'FrameInvoiceGroup', '0d6b3439-c9be-4480-af39-eeb457c052d0');
INSERT INTO CD_VRSN_TBL (CD_ID, STS_CD_ID, CRT_USR_ID, MNEMONIC, CLS_ID) VALUES ('c8bf65bb-a749-4c2c-a841-2e3b3b4b4ca1', 'c8064cbd-fa06-4530-b430-1a52f1530c27', 'fadca076-3690-4a6e-af9e-f1cd68e8c7e8', 'LensInvoiceGroup', '0d6b3439-c9be-4480-af39-eeb457c052d0');
INSERT INTO CD_VRSN_TBL (CD_ID, STS_CD_ID, CRT_USR_ID, MNEMONIC, CLS_ID) VALUES ('38dc64a8-3475-40b1-8621-38673dd243d1', 'c8064cbd-fa06-4530-b430-1a52f1530c27', 'fadca076-3690-4a6e-af9e-f1cd68e8c7e8', 'OralHealthService', '0d6b3439-c9be-4480-af39-eeb457c052d0');
INSERT INTO CD_VRSN_TBL (CD_ID, STS_CD_ID, CRT_USR_ID, MNEMONIC, CLS_ID) VALUES ('f4723f52-e804-4153-8649-55a8c8cd0263', 'c8064cbd-fa06-4530-b430-1a52f1530c27', 'fadca076-3690-4a6e-af9e-f1cd68e8c7e8', 'PreferredAccommodationInvoice', '0d6b3439-c9be-4480-af39-eeb457c052d0');
INSERT INTO CD_VRSN_TBL (CD_ID, STS_CD_ID, CRT_USR_ID, MNEMONIC, CLS_ID) VALUES ('f99e2f28-49c8-4328-ad66-ec57950c758e', 'c8064cbd-fa06-4530-b430-1a52f1530c27', 'fadca076-3690-4a6e-af9e-f1cd68e8c7e8', 'ProductInvoiceGroup', '0d6b3439-c9be-4480-af39-eeb457c052d0');
INSERT INTO CD_VRSN_TBL (CD_ID, STS_CD_ID, CRT_USR_ID, MNEMONIC, CLS_ID) VALUES ('d365c5ab-4ad2-40d7-afc2-0cdc734d2b4f', 'c8064cbd-fa06-4530-b430-1a52f1530c27', 'fadca076-3690-4a6e-af9e-f1cd68e8c7e8', 'RxCompoundInvoice', '0d6b3439-c9be-4480-af39-eeb457c052d0');
INSERT INTO CD_VRSN_TBL (CD_ID, STS_CD_ID, CRT_USR_ID, MNEMONIC, CLS_ID) VALUES ('cd2dd690-9b87-4f5e-a087-7bd0b1cf9248', 'c8064cbd-fa06-4530-b430-1a52f1530c27', 'fadca076-3690-4a6e-af9e-f1cd68e8c7e8', 'RxDispenseInvoice', '0d6b3439-c9be-4480-af39-eeb457c052d0');
INSERT INTO CD_VRSN_TBL (CD_ID, STS_CD_ID, CRT_USR_ID, MNEMONIC, CLS_ID) VALUES ('9c4b1f37-7428-4f8b-84a7-c08e8ff1fce0', 'c8064cbd-fa06-4530-b430-1a52f1530c27', 'fadca076-3690-4a6e-af9e-f1cd68e8c7e8', 'SessionalOrBlockFeeInvoice', '0d6b3439-c9be-4480-af39-eeb457c052d0');
INSERT INTO CD_VRSN_TBL (CD_ID, STS_CD_ID, CRT_USR_ID, MNEMONIC, CLS_ID) VALUES ('87b1e344-5a54-46ce-8668-ff4d2363f61b', 'c8064cbd-fa06-4530-b430-1a52f1530c27', 'fadca076-3690-4a6e-af9e-f1cd68e8c7e8', 'VisionDispenseInvoice', '0d6b3439-c9be-4480-af39-eeb457c052d0');
INSERT INTO CD_VRSN_TBL (CD_ID, STS_CD_ID, CRT_USR_ID, MNEMONIC, CLS_ID) VALUES ('0331e13f-f471-4fbd-92dc-66e0a46239d5', 'c8064cbd-fa06-4530-b430-1a52f1530c27', 'fadca076-3690-4a6e-af9e-f1cd68e8c7e8', 'BoosterImmunization', '0d6b3439-c9be-4480-af39-eeb457c052d0');
INSERT INTO CD_VRSN_TBL (CD_ID, STS_CD_ID, CRT_USR_ID, MNEMONIC, CLS_ID) VALUES ('7d84a057-1fcc-4054-a51f-b77d230fc6d1', 'c8064cbd-fa06-4530-b430-1a52f1530c27', 'fadca076-3690-4a6e-af9e-f1cd68e8c7e8', 'DrugTherapy', '0d6b3439-c9be-4480-af39-eeb457c052d0');
INSERT INTO CD_VRSN_TBL (CD_ID, STS_CD_ID, CRT_USR_ID, MNEMONIC, CLS_ID) VALUES ('6e7a3521-2967-4c0a-80ec-6c5c197b2178', 'c8064cbd-fa06-4530-b430-1a52f1530c27', 'fadca076-3690-4a6e-af9e-f1cd68e8c7e8', 'Immunization', '0d6b3439-c9be-4480-af39-eeb457c052d0');
INSERT INTO CD_VRSN_TBL (CD_ID, STS_CD_ID, CRT_USR_ID, MNEMONIC, CLS_ID) VALUES ('f3be6b88-bc8f-4263-a779-86f21ea10a47', 'c8064cbd-fa06-4530-b430-1a52f1530c27', 'fadca076-3690-4a6e-af9e-f1cd68e8c7e8', 'InitialImmunization', '0d6b3439-c9be-4480-af39-eeb457c052d0');
INSERT INTO CD_VRSN_TBL (CD_ID, STS_CD_ID, CRT_USR_ID, MNEMONIC, CLS_ID) VALUES ('094941e9-a3db-48b5-862c-bc289bd7f86c', 'c8064cbd-fa06-4530-b430-1a52f1530c27', 'fadca076-3690-4a6e-af9e-f1cd68e8c7e8', 'Female', '0d6b3439-c9be-4480-af39-eeb457c052d0');
INSERT INTO CD_VRSN_TBL (CD_ID, STS_CD_ID, CRT_USR_ID, MNEMONIC, CLS_ID) VALUES ('f4e3a6bb-612e-46b2-9f77-ff844d971198', 'c8064cbd-fa06-4530-b430-1a52f1530c27', 'fadca076-3690-4a6e-af9e-f1cd68e8c7e8', 'Male', '0d6b3439-c9be-4480-af39-eeb457c052d0');
INSERT INTO CD_VRSN_TBL (CD_ID, STS_CD_ID, CRT_USR_ID, MNEMONIC, CLS_ID) VALUES ('ae94a782-1485-4241-9bca-5b09db2156bf', 'c8064cbd-fa06-4530-b430-1a52f1530c27', 'fadca076-3690-4a6e-af9e-f1cd68e8c7e8', 'Undifferentiated', '0d6b3439-c9be-4480-af39-eeb457c052d0');
INSERT INTO CD_VRSN_TBL (CD_ID, STS_CD_ID, CRT_USR_ID, MNEMONIC, CLS_ID) VALUES ('0ff2ab03-6e0a-40d1-8947-04c4937b4cc4', 'c8064cbd-fa06-4530-b430-1a52f1530c27', 'fadca076-3690-4a6e-af9e-f1cd68e8c7e8', 'Aunt', '0d6b3439-c9be-4480-af39-eeb457c052d0');
INSERT INTO CD_VRSN_TBL (CD_ID, STS_CD_ID, CRT_USR_ID, MNEMONIC, CLS_ID) VALUES ('24380d53-ea22-4820-9f06-8671f774f133', 'c8064cbd-fa06-4530-b430-1a52f1530c27', 'fadca076-3690-4a6e-af9e-f1cd68e8c7e8', 'Brother', '0d6b3439-c9be-4480-af39-eeb457c052d0');
INSERT INTO CD_VRSN_TBL (CD_ID, STS_CD_ID, CRT_USR_ID, MNEMONIC, CLS_ID) VALUES ('0a4c87e2-16c3-4361-be3c-dd765ee4bc7d', 'c8064cbd-fa06-4530-b430-1a52f1530c27', 'fadca076-3690-4a6e-af9e-f1cd68e8c7e8', 'Brotherinlaw', '0d6b3439-c9be-4480-af39-eeb457c052d0');
INSERT INTO CD_VRSN_TBL (CD_ID, STS_CD_ID, CRT_USR_ID, MNEMONIC, CLS_ID) VALUES ('739457d0-835a-4a9c-811c-42b5e92ed1ca', 'c8064cbd-fa06-4530-b430-1a52f1530c27', 'fadca076-3690-4a6e-af9e-f1cd68e8c7e8', 'Child', '0d6b3439-c9be-4480-af39-eeb457c052d0');
INSERT INTO CD_VRSN_TBL (CD_ID, STS_CD_ID, CRT_USR_ID, MNEMONIC, CLS_ID) VALUES ('8fa25b69-c9c2-4c40-84c1-0ea9641a12ec', 'c8064cbd-fa06-4530-b430-1a52f1530c27', 'fadca076-3690-4a6e-af9e-f1cd68e8c7e8', 'AdoptedChild', '0d6b3439-c9be-4480-af39-eeb457c052d0');
INSERT INTO CD_VRSN_TBL (CD_ID, STS_CD_ID, CRT_USR_ID, MNEMONIC, CLS_ID) VALUES ('abfe2637-d338-4090-b3a5-3ec19a47be6a', 'c8064cbd-fa06-4530-b430-1a52f1530c27', 'fadca076-3690-4a6e-af9e-f1cd68e8c7e8', 'FosterChild', '0d6b3439-c9be-4480-af39-eeb457c052d0');
INSERT INTO CD_VRSN_TBL (CD_ID, STS_CD_ID, CRT_USR_ID, MNEMONIC, CLS_ID) VALUES ('8bf23192-de75-48eb-abee-81a9a15332f8', 'c8064cbd-fa06-4530-b430-1a52f1530c27', 'fadca076-3690-4a6e-af9e-f1cd68e8c7e8', 'ChildInlaw', '0d6b3439-c9be-4480-af39-eeb457c052d0');
INSERT INTO CD_VRSN_TBL (CD_ID, STS_CD_ID, CRT_USR_ID, MNEMONIC, CLS_ID) VALUES ('1c0f931c-9c49-4a52-8fbf-5217c52ea778', 'c8064cbd-fa06-4530-b430-1a52f1530c27', 'fadca076-3690-4a6e-af9e-f1cd68e8c7e8', 'Cousin', '0d6b3439-c9be-4480-af39-eeb457c052d0');
INSERT INTO CD_VRSN_TBL (CD_ID, STS_CD_ID, CRT_USR_ID, MNEMONIC, CLS_ID) VALUES ('6a181a3c-7241-4325-b011-630d3ca6dc4a', 'c8064cbd-fa06-4530-b430-1a52f1530c27', 'fadca076-3690-4a6e-af9e-f1cd68e8c7e8', 'NaturalDaughter', '0d6b3439-c9be-4480-af39-eeb457c052d0');
INSERT INTO CD_VRSN_TBL (CD_ID, STS_CD_ID, CRT_USR_ID, MNEMONIC, CLS_ID) VALUES ('2b4b2ed8-f90c-4193-870a-f48bc39657c1', 'c8064cbd-fa06-4530-b430-1a52f1530c27', 'fadca076-3690-4a6e-af9e-f1cd68e8c7e8', 'AdoptedDaughter', '0d6b3439-c9be-4480-af39-eeb457c052d0');
INSERT INTO CD_VRSN_TBL (CD_ID, STS_CD_ID, CRT_USR_ID, MNEMONIC, CLS_ID) VALUES ('8165b43f-8103-4ed3-bac6-4fc0df8c1a84', 'c8064cbd-fa06-4530-b430-1a52f1530c27', 'fadca076-3690-4a6e-af9e-f1cd68e8c7e8', 'Daughter', '0d6b3439-c9be-4480-af39-eeb457c052d0');
INSERT INTO CD_VRSN_TBL (CD_ID, STS_CD_ID, CRT_USR_ID, MNEMONIC, CLS_ID) VALUES ('e81d6773-97e3-4b2d-b6a3-a4624ba5c6a9', 'c8064cbd-fa06-4530-b430-1a52f1530c27', 'fadca076-3690-4a6e-af9e-f1cd68e8c7e8', 'FosterDaughter', '0d6b3439-c9be-4480-af39-eeb457c052d0');
INSERT INTO CD_VRSN_TBL (CD_ID, STS_CD_ID, CRT_USR_ID, MNEMONIC, CLS_ID) VALUES ('76fdf0e7-cfe0-47b4-9630-c645f254cdfd', 'c8064cbd-fa06-4530-b430-1a52f1530c27', 'fadca076-3690-4a6e-af9e-f1cd68e8c7e8', 'DaughterInlaw', '0d6b3439-c9be-4480-af39-eeb457c052d0');
INSERT INTO CD_VRSN_TBL (CD_ID, STS_CD_ID, CRT_USR_ID, MNEMONIC, CLS_ID) VALUES ('3db182e2-653b-4bfd-a300-32f23345d1c0', 'c8064cbd-fa06-4530-b430-1a52f1530c27', 'fadca076-3690-4a6e-af9e-f1cd68e8c7e8', 'DomesticPartner', '0d6b3439-c9be-4480-af39-eeb457c052d0');
INSERT INTO CD_VRSN_TBL (CD_ID, STS_CD_ID, CRT_USR_ID, MNEMONIC, CLS_ID) VALUES ('38d66ec7-0cc8-4609-9675-b6ff91ede605', 'c8064cbd-fa06-4530-b430-1a52f1530c27', 'fadca076-3690-4a6e-af9e-f1cd68e8c7e8', 'FamilyMember', '0d6b3439-c9be-4480-af39-eeb457c052d0');
INSERT INTO CD_VRSN_TBL (CD_ID, STS_CD_ID, CRT_USR_ID, MNEMONIC, CLS_ID) VALUES ('40d18ecc-8ff8-4e03-8e58-97a980f04060', 'c8064cbd-fa06-4530-b430-1a52f1530c27', 'fadca076-3690-4a6e-af9e-f1cd68e8c7e8', 'Father', '0d6b3439-c9be-4480-af39-eeb457c052d0');
INSERT INTO CD_VRSN_TBL (CD_ID, STS_CD_ID, CRT_USR_ID, MNEMONIC, CLS_ID) VALUES ('b401dd81-931c-4aad-8fd8-22a6ac2ea3dc', 'c8064cbd-fa06-4530-b430-1a52f1530c27', 'fadca076-3690-4a6e-af9e-f1cd68e8c7e8', 'Fatherinlaw', '0d6b3439-c9be-4480-af39-eeb457c052d0');
INSERT INTO CD_VRSN_TBL (CD_ID, STS_CD_ID, CRT_USR_ID, MNEMONIC, CLS_ID) VALUES ('bfe24b5d-9c32-4df3-ad7b-eaa19e7d4afb', 'c8064cbd-fa06-4530-b430-1a52f1530c27', 'fadca076-3690-4a6e-af9e-f1cd68e8c7e8', 'GreatGrandfather', '0d6b3439-c9be-4480-af39-eeb457c052d0');
INSERT INTO CD_VRSN_TBL (CD_ID, STS_CD_ID, CRT_USR_ID, MNEMONIC, CLS_ID) VALUES ('02fbc345-1a25-4f78-aeea-a12584a1eec3', 'c8064cbd-fa06-4530-b430-1a52f1530c27', 'fadca076-3690-4a6e-af9e-f1cd68e8c7e8', 'GreatGrandmother', '0d6b3439-c9be-4480-af39-eeb457c052d0');
INSERT INTO CD_VRSN_TBL (CD_ID, STS_CD_ID, CRT_USR_ID, MNEMONIC, CLS_ID) VALUES ('528feb11-ae81-426a-be1f-ce74c83009eb', 'c8064cbd-fa06-4530-b430-1a52f1530c27', 'fadca076-3690-4a6e-af9e-f1cd68e8c7e8', 'GreatGrandparent', '0d6b3439-c9be-4480-af39-eeb457c052d0');
INSERT INTO CD_VRSN_TBL (CD_ID, STS_CD_ID, CRT_USR_ID, MNEMONIC, CLS_ID) VALUES ('48c59444-fec0-43b8-aa2c-7aedb70733ad', 'c8064cbd-fa06-4530-b430-1a52f1530c27', 'fadca076-3690-4a6e-af9e-f1cd68e8c7e8', 'Grandfather', '0d6b3439-c9be-4480-af39-eeb457c052d0');
INSERT INTO CD_VRSN_TBL (CD_ID, STS_CD_ID, CRT_USR_ID, MNEMONIC, CLS_ID) VALUES ('b630ba2c-8a00-46d8-bf64-870d381d8917', 'c8064cbd-fa06-4530-b430-1a52f1530c27', 'fadca076-3690-4a6e-af9e-f1cd68e8c7e8', 'Grandmother', '0d6b3439-c9be-4480-af39-eeb457c052d0');
INSERT INTO CD_VRSN_TBL (CD_ID, STS_CD_ID, CRT_USR_ID, MNEMONIC, CLS_ID) VALUES ('c33adda2-a4ed-4092-8d9c-b8e3fbd5d90b', 'c8064cbd-fa06-4530-b430-1a52f1530c27', 'fadca076-3690-4a6e-af9e-f1cd68e8c7e8', 'Grandchild', '0d6b3439-c9be-4480-af39-eeb457c052d0');
INSERT INTO CD_VRSN_TBL (CD_ID, STS_CD_ID, CRT_USR_ID, MNEMONIC, CLS_ID) VALUES ('3cb1993f-3703-453f-87be-21b606db7631', 'c8064cbd-fa06-4530-b430-1a52f1530c27', 'fadca076-3690-4a6e-af9e-f1cd68e8c7e8', 'Granddaughter', '0d6b3439-c9be-4480-af39-eeb457c052d0');
INSERT INTO CD_VRSN_TBL (CD_ID, STS_CD_ID, CRT_USR_ID, MNEMONIC, CLS_ID) VALUES ('f7a64463-bc75-44d4-a8ca-c9fbc2c87175', 'c8064cbd-fa06-4530-b430-1a52f1530c27', 'fadca076-3690-4a6e-af9e-f1cd68e8c7e8', 'Grandson', '0d6b3439-c9be-4480-af39-eeb457c052d0');
INSERT INTO CD_VRSN_TBL (CD_ID, STS_CD_ID, CRT_USR_ID, MNEMONIC, CLS_ID) VALUES ('fa646df9-7d64-4d1f-ae9a-6261fd5fd6ae', 'c8064cbd-fa06-4530-b430-1a52f1530c27', 'fadca076-3690-4a6e-af9e-f1cd68e8c7e8', 'Grandparent', '0d6b3439-c9be-4480-af39-eeb457c052d0');
INSERT INTO CD_VRSN_TBL (CD_ID, STS_CD_ID, CRT_USR_ID, MNEMONIC, CLS_ID) VALUES ('25cae2f2-d1ec-4efe-a92f-d479785f7d8a', 'c8064cbd-fa06-4530-b430-1a52f1530c27', 'fadca076-3690-4a6e-af9e-f1cd68e8c7e8', 'Halfbrother', '0d6b3439-c9be-4480-af39-eeb457c052d0');
INSERT INTO CD_VRSN_TBL (CD_ID, STS_CD_ID, CRT_USR_ID, MNEMONIC, CLS_ID) VALUES ('8452ecb9-d762-4c4a-96b2-81d130cb729b', 'c8064cbd-fa06-4530-b430-1a52f1530c27', 'fadca076-3690-4a6e-af9e-f1cd68e8c7e8', 'Halfsibling', '0d6b3439-c9be-4480-af39-eeb457c052d0');
INSERT INTO CD_VRSN_TBL (CD_ID, STS_CD_ID, CRT_USR_ID, MNEMONIC, CLS_ID) VALUES ('ce42c680-a783-4cde-bcd1-e261d6fd68a0', 'c8064cbd-fa06-4530-b430-1a52f1530c27', 'fadca076-3690-4a6e-af9e-f1cd68e8c7e8', 'Halfsister', '0d6b3439-c9be-4480-af39-eeb457c052d0');
INSERT INTO CD_VRSN_TBL (CD_ID, STS_CD_ID, CRT_USR_ID, MNEMONIC, CLS_ID) VALUES ('62aca44c-b57c-44fd-9703-fcdff97c04b6', 'c8064cbd-fa06-4530-b430-1a52f1530c27', 'fadca076-3690-4a6e-af9e-f1cd68e8c7e8', 'Husband', '0d6b3439-c9be-4480-af39-eeb457c052d0');
INSERT INTO CD_VRSN_TBL (CD_ID, STS_CD_ID, CRT_USR_ID, MNEMONIC, CLS_ID) VALUES ('96ea355d-0c68-481f-8b6f-1b00a101ab8f', 'c8064cbd-fa06-4530-b430-1a52f1530c27', 'fadca076-3690-4a6e-af9e-f1cd68e8c7e8', 'MaternalAunt', '0d6b3439-c9be-4480-af39-eeb457c052d0');
INSERT INTO CD_VRSN_TBL (CD_ID, STS_CD_ID, CRT_USR_ID, MNEMONIC, CLS_ID) VALUES ('d874cde5-7d76-4f1d-97e6-db7e82bac958', 'c8064cbd-fa06-4530-b430-1a52f1530c27', 'fadca076-3690-4a6e-af9e-f1cd68e8c7e8', 'MaternalCousin', '0d6b3439-c9be-4480-af39-eeb457c052d0');
INSERT INTO CD_VRSN_TBL (CD_ID, STS_CD_ID, CRT_USR_ID, MNEMONIC, CLS_ID) VALUES ('abe6d0d1-4e37-4b7c-9acc-eedb2c36f9cd', 'c8064cbd-fa06-4530-b430-1a52f1530c27', 'fadca076-3690-4a6e-af9e-f1cd68e8c7e8', 'MaternalGreatgrandfather', '0d6b3439-c9be-4480-af39-eeb457c052d0');
INSERT INTO CD_VRSN_TBL (CD_ID, STS_CD_ID, CRT_USR_ID, MNEMONIC, CLS_ID) VALUES ('fe4f72e6-84f8-4276-ae64-2ef1f2ff406f', 'c8064cbd-fa06-4530-b430-1a52f1530c27', 'fadca076-3690-4a6e-af9e-f1cd68e8c7e8', 'MaternalGreatgrandmother', '0d6b3439-c9be-4480-af39-eeb457c052d0');
INSERT INTO CD_VRSN_TBL (CD_ID, STS_CD_ID, CRT_USR_ID, MNEMONIC, CLS_ID) VALUES ('59bc87d3-1618-4f14-81d2-71072c1f37e9', 'c8064cbd-fa06-4530-b430-1a52f1530c27', 'fadca076-3690-4a6e-af9e-f1cd68e8c7e8', 'MaternalGreatgrandparent', '0d6b3439-c9be-4480-af39-eeb457c052d0');
INSERT INTO CD_VRSN_TBL (CD_ID, STS_CD_ID, CRT_USR_ID, MNEMONIC, CLS_ID) VALUES ('360f6a77-fdb5-4fb6-b223-3cd1047fd08e', 'c8064cbd-fa06-4530-b430-1a52f1530c27', 'fadca076-3690-4a6e-af9e-f1cd68e8c7e8', 'MaternalGrandfather', '0d6b3439-c9be-4480-af39-eeb457c052d0');
INSERT INTO CD_VRSN_TBL (CD_ID, STS_CD_ID, CRT_USR_ID, MNEMONIC, CLS_ID) VALUES ('ea13832b-2e38-4bb6-b55d-ae749ccaba95', 'c8064cbd-fa06-4530-b430-1a52f1530c27', 'fadca076-3690-4a6e-af9e-f1cd68e8c7e8', 'MaternalGrandmother', '0d6b3439-c9be-4480-af39-eeb457c052d0');
INSERT INTO CD_VRSN_TBL (CD_ID, STS_CD_ID, CRT_USR_ID, MNEMONIC, CLS_ID) VALUES ('66e0dbd1-9065-4af8-808d-89edd302f264', 'c8064cbd-fa06-4530-b430-1a52f1530c27', 'fadca076-3690-4a6e-af9e-f1cd68e8c7e8', 'MaternalGrandparent', '0d6b3439-c9be-4480-af39-eeb457c052d0');
INSERT INTO CD_VRSN_TBL (CD_ID, STS_CD_ID, CRT_USR_ID, MNEMONIC, CLS_ID) VALUES ('29ff64e5-b564-411a-92c7-6818c02a9e48', 'c8064cbd-fa06-4530-b430-1a52f1530c27', 'fadca076-3690-4a6e-af9e-f1cd68e8c7e8', 'Mother', '0d6b3439-c9be-4480-af39-eeb457c052d0');
INSERT INTO CD_VRSN_TBL (CD_ID, STS_CD_ID, CRT_USR_ID, MNEMONIC, CLS_ID) VALUES ('f941988a-1c55-4408-ab57-e9ed35b2a24d', 'c8064cbd-fa06-4530-b430-1a52f1530c27', 'fadca076-3690-4a6e-af9e-f1cd68e8c7e8', 'Motherinlaw', '0d6b3439-c9be-4480-af39-eeb457c052d0');
INSERT INTO CD_VRSN_TBL (CD_ID, STS_CD_ID, CRT_USR_ID, MNEMONIC, CLS_ID) VALUES ('4e299c46-f06f-4efc-b3c0-b7b659a120f2', 'c8064cbd-fa06-4530-b430-1a52f1530c27', 'fadca076-3690-4a6e-af9e-f1cd68e8c7e8', 'MaternalUncle', '0d6b3439-c9be-4480-af39-eeb457c052d0');
INSERT INTO CD_VRSN_TBL (CD_ID, STS_CD_ID, CRT_USR_ID, MNEMONIC, CLS_ID) VALUES ('daf11eb1-fcc2-4521-a1c0-daebaf0a923a', 'c8064cbd-fa06-4530-b430-1a52f1530c27', 'fadca076-3690-4a6e-af9e-f1cd68e8c7e8', 'NaturalBrother', '0d6b3439-c9be-4480-af39-eeb457c052d0');
INSERT INTO CD_VRSN_TBL (CD_ID, STS_CD_ID, CRT_USR_ID, MNEMONIC, CLS_ID) VALUES ('80097e75-a232-4a9f-878f-7e60ec70f921', 'c8064cbd-fa06-4530-b430-1a52f1530c27', 'fadca076-3690-4a6e-af9e-f1cd68e8c7e8', 'NaturalChild', '0d6b3439-c9be-4480-af39-eeb457c052d0');
INSERT INTO CD_VRSN_TBL (CD_ID, STS_CD_ID, CRT_USR_ID, MNEMONIC, CLS_ID) VALUES ('5c5af1d2-0e6d-458f-9574-3ad61c393a90', 'c8064cbd-fa06-4530-b430-1a52f1530c27', 'fadca076-3690-4a6e-af9e-f1cd68e8c7e8', 'Nephew', '0d6b3439-c9be-4480-af39-eeb457c052d0');
INSERT INTO CD_VRSN_TBL (CD_ID, STS_CD_ID, CRT_USR_ID, MNEMONIC, CLS_ID) VALUES ('233d890b-04ef-4365-99ad-26cb4e1f75f3', 'c8064cbd-fa06-4530-b430-1a52f1530c27', 'fadca076-3690-4a6e-af9e-f1cd68e8c7e8', 'NaturalFather', '0d6b3439-c9be-4480-af39-eeb457c052d0');
INSERT INTO CD_VRSN_TBL (CD_ID, STS_CD_ID, CRT_USR_ID, MNEMONIC, CLS_ID) VALUES ('8e88debc-d175-46f3-9b48-106f9c151cd2', 'c8064cbd-fa06-4530-b430-1a52f1530c27', 'fadca076-3690-4a6e-af9e-f1cd68e8c7e8', 'NaturalFatherOfFetus', '0d6b3439-c9be-4480-af39-eeb457c052d0');
INSERT INTO CD_VRSN_TBL (CD_ID, STS_CD_ID, CRT_USR_ID, MNEMONIC, CLS_ID) VALUES ('0a50962a-60b4-44d8-a7f6-1eb2aa5967cc', 'c8064cbd-fa06-4530-b430-1a52f1530c27', 'fadca076-3690-4a6e-af9e-f1cd68e8c7e8', 'Niece', '0d6b3439-c9be-4480-af39-eeb457c052d0');
INSERT INTO CD_VRSN_TBL (CD_ID, STS_CD_ID, CRT_USR_ID, MNEMONIC, CLS_ID) VALUES ('a907e4d8-d823-478f-9c5a-6facae6b4b5b', 'c8064cbd-fa06-4530-b430-1a52f1530c27', 'fadca076-3690-4a6e-af9e-f1cd68e8c7e8', 'NieceNephew', '0d6b3439-c9be-4480-af39-eeb457c052d0');
INSERT INTO CD_VRSN_TBL (CD_ID, STS_CD_ID, CRT_USR_ID, MNEMONIC, CLS_ID) VALUES ('059d689a-2392-4ffb-b6ae-682c9ded8da2', 'c8064cbd-fa06-4530-b430-1a52f1530c27', 'fadca076-3690-4a6e-af9e-f1cd68e8c7e8', 'NaturalMother', '0d6b3439-c9be-4480-af39-eeb457c052d0');
INSERT INTO CD_VRSN_TBL (CD_ID, STS_CD_ID, CRT_USR_ID, MNEMONIC, CLS_ID) VALUES ('e6851b39-a771-4a5e-8aa8-9ba140b3dca3', 'c8064cbd-fa06-4530-b430-1a52f1530c27', 'fadca076-3690-4a6e-af9e-f1cd68e8c7e8', 'NaturalParent', '0d6b3439-c9be-4480-af39-eeb457c052d0');
INSERT INTO CD_VRSN_TBL (CD_ID, STS_CD_ID, CRT_USR_ID, MNEMONIC, CLS_ID) VALUES ('0b89fb65-ca8e-4a4d-9d25-0bae3f4d7a59', 'c8064cbd-fa06-4530-b430-1a52f1530c27', 'fadca076-3690-4a6e-af9e-f1cd68e8c7e8', 'NaturalSibling', '0d6b3439-c9be-4480-af39-eeb457c052d0');
INSERT INTO CD_VRSN_TBL (CD_ID, STS_CD_ID, CRT_USR_ID, MNEMONIC, CLS_ID) VALUES ('8ea21d7d-6ee9-449b-a1dc-c4aa0ff7f5b9', 'c8064cbd-fa06-4530-b430-1a52f1530c27', 'fadca076-3690-4a6e-af9e-f1cd68e8c7e8', 'NaturalSister', '0d6b3439-c9be-4480-af39-eeb457c052d0');
INSERT INTO CD_VRSN_TBL (CD_ID, STS_CD_ID, CRT_USR_ID, MNEMONIC, CLS_ID) VALUES ('6a1e9e8b-d0c3-44f0-9906-a6458685e269', 'c8064cbd-fa06-4530-b430-1a52f1530c27', 'fadca076-3690-4a6e-af9e-f1cd68e8c7e8', 'PaternalAunt', '0d6b3439-c9be-4480-af39-eeb457c052d0');
INSERT INTO CD_VRSN_TBL (CD_ID, STS_CD_ID, CRT_USR_ID, MNEMONIC, CLS_ID) VALUES ('60affe56-126d-43ee-9fde-5f117e41c7a8', 'c8064cbd-fa06-4530-b430-1a52f1530c27', 'fadca076-3690-4a6e-af9e-f1cd68e8c7e8', 'PaternalCousin', '0d6b3439-c9be-4480-af39-eeb457c052d0');
INSERT INTO CD_VRSN_TBL (CD_ID, STS_CD_ID, CRT_USR_ID, MNEMONIC, CLS_ID) VALUES ('0aeec758-c20f-43e4-9789-8c44629f5941', 'c8064cbd-fa06-4530-b430-1a52f1530c27', 'fadca076-3690-4a6e-af9e-f1cd68e8c7e8', 'PaternalGreatgrandfather', '0d6b3439-c9be-4480-af39-eeb457c052d0');
INSERT INTO CD_VRSN_TBL (CD_ID, STS_CD_ID, CRT_USR_ID, MNEMONIC, CLS_ID) VALUES ('0fcba203-1238-4001-beb7-19a667506ade', 'c8064cbd-fa06-4530-b430-1a52f1530c27', 'fadca076-3690-4a6e-af9e-f1cd68e8c7e8', 'PaternalGreatgrandmother', '0d6b3439-c9be-4480-af39-eeb457c052d0');
INSERT INTO CD_VRSN_TBL (CD_ID, STS_CD_ID, CRT_USR_ID, MNEMONIC, CLS_ID) VALUES ('08a98950-3391-4a66-a1c8-421c6fd82911', 'c8064cbd-fa06-4530-b430-1a52f1530c27', 'fadca076-3690-4a6e-af9e-f1cd68e8c7e8', 'PaternalGreatgrandparent', '0d6b3439-c9be-4480-af39-eeb457c052d0');
INSERT INTO CD_VRSN_TBL (CD_ID, STS_CD_ID, CRT_USR_ID, MNEMONIC, CLS_ID) VALUES ('2fd5c939-c508-4250-8efb-13b772e56b7f', 'c8064cbd-fa06-4530-b430-1a52f1530c27', 'fadca076-3690-4a6e-af9e-f1cd68e8c7e8', 'PaternalGrandfather', '0d6b3439-c9be-4480-af39-eeb457c052d0');
INSERT INTO CD_VRSN_TBL (CD_ID, STS_CD_ID, CRT_USR_ID, MNEMONIC, CLS_ID) VALUES ('bfdb07db-9721-4ec3-94e1-4bd9f0d6985c', 'c8064cbd-fa06-4530-b430-1a52f1530c27', 'fadca076-3690-4a6e-af9e-f1cd68e8c7e8', 'PaternalGrandmother', '0d6b3439-c9be-4480-af39-eeb457c052d0');
INSERT INTO CD_VRSN_TBL (CD_ID, STS_CD_ID, CRT_USR_ID, MNEMONIC, CLS_ID) VALUES ('a3d362a4-4931-4bef-af18-ac59dd092981', 'c8064cbd-fa06-4530-b430-1a52f1530c27', 'fadca076-3690-4a6e-af9e-f1cd68e8c7e8', 'PaternalGrandparent', '0d6b3439-c9be-4480-af39-eeb457c052d0');
INSERT INTO CD_VRSN_TBL (CD_ID, STS_CD_ID, CRT_USR_ID, MNEMONIC, CLS_ID) VALUES ('bfcbb345-86db-43ba-b47e-e7411276ac7c', 'c8064cbd-fa06-4530-b430-1a52f1530c27', 'fadca076-3690-4a6e-af9e-f1cd68e8c7e8', 'Parent', '0d6b3439-c9be-4480-af39-eeb457c052d0');
INSERT INTO CD_VRSN_TBL (CD_ID, STS_CD_ID, CRT_USR_ID, MNEMONIC, CLS_ID) VALUES ('5e2b0afe-724e-41cd-9be2-9030646f2529', 'c8064cbd-fa06-4530-b430-1a52f1530c27', 'fadca076-3690-4a6e-af9e-f1cd68e8c7e8', 'ParentInlaw', '0d6b3439-c9be-4480-af39-eeb457c052d0');
INSERT INTO CD_VRSN_TBL (CD_ID, STS_CD_ID, CRT_USR_ID, MNEMONIC, CLS_ID) VALUES ('853c85de-4817-4328-a121-6a3bdafbf82e', 'c8064cbd-fa06-4530-b430-1a52f1530c27', 'fadca076-3690-4a6e-af9e-f1cd68e8c7e8', 'PaternalUncle', '0d6b3439-c9be-4480-af39-eeb457c052d0');
INSERT INTO CD_VRSN_TBL (CD_ID, STS_CD_ID, CRT_USR_ID, MNEMONIC, CLS_ID) VALUES ('bbfac1ed-5464-4100-93c3-8685b052a2cf', 'c8064cbd-fa06-4530-b430-1a52f1530c27', 'fadca076-3690-4a6e-af9e-f1cd68e8c7e8', 'Roomate', '0d6b3439-c9be-4480-af39-eeb457c052d0');
INSERT INTO CD_VRSN_TBL (CD_ID, STS_CD_ID, CRT_USR_ID, MNEMONIC, CLS_ID) VALUES ('685eb506-6b97-41c1-b201-b6b932a3f3aa', 'c8064cbd-fa06-4530-b430-1a52f1530c27', 'fadca076-3690-4a6e-af9e-f1cd68e8c7e8', 'Sibling', '0d6b3439-c9be-4480-af39-eeb457c052d0');
INSERT INTO CD_VRSN_TBL (CD_ID, STS_CD_ID, CRT_USR_ID, MNEMONIC, CLS_ID) VALUES ('fd892cf8-db4f-4e4e-a13b-4eb3bdde5be5', 'c8064cbd-fa06-4530-b430-1a52f1530c27', 'fadca076-3690-4a6e-af9e-f1cd68e8c7e8', 'SiblingInlaw', '0d6b3439-c9be-4480-af39-eeb457c052d0');
INSERT INTO CD_VRSN_TBL (CD_ID, STS_CD_ID, CRT_USR_ID, MNEMONIC, CLS_ID) VALUES ('2eab5298-bc83-492c-9004-ed3499246afe', 'c8064cbd-fa06-4530-b430-1a52f1530c27', 'fadca076-3690-4a6e-af9e-f1cd68e8c7e8', 'SignificantOther', '0d6b3439-c9be-4480-af39-eeb457c052d0');
INSERT INTO CD_VRSN_TBL (CD_ID, STS_CD_ID, CRT_USR_ID, MNEMONIC, CLS_ID) VALUES ('cd1e8904-31dc-4374-902d-c91f1de23c46', 'c8064cbd-fa06-4530-b430-1a52f1530c27', 'fadca076-3690-4a6e-af9e-f1cd68e8c7e8', 'Sister', '0d6b3439-c9be-4480-af39-eeb457c052d0');
INSERT INTO CD_VRSN_TBL (CD_ID, STS_CD_ID, CRT_USR_ID, MNEMONIC, CLS_ID) VALUES ('dcae9718-ab81-4737-b071-36cf1175804d', 'c8064cbd-fa06-4530-b430-1a52f1530c27', 'fadca076-3690-4a6e-af9e-f1cd68e8c7e8', 'Sisterinlaw', '0d6b3439-c9be-4480-af39-eeb457c052d0');
INSERT INTO CD_VRSN_TBL (CD_ID, STS_CD_ID, CRT_USR_ID, MNEMONIC, CLS_ID) VALUES ('9f17d4cf-a67f-4ac6-8c50-718af6e264ee', 'c8064cbd-fa06-4530-b430-1a52f1530c27', 'fadca076-3690-4a6e-af9e-f1cd68e8c7e8', 'NaturalSon', '0d6b3439-c9be-4480-af39-eeb457c052d0');
INSERT INTO CD_VRSN_TBL (CD_ID, STS_CD_ID, CRT_USR_ID, MNEMONIC, CLS_ID) VALUES ('ce50ba92-cd21-43c4-8582-34e7fbb3170f', 'c8064cbd-fa06-4530-b430-1a52f1530c27', 'fadca076-3690-4a6e-af9e-f1cd68e8c7e8', 'AdoptedSon', '0d6b3439-c9be-4480-af39-eeb457c052d0');
INSERT INTO CD_VRSN_TBL (CD_ID, STS_CD_ID, CRT_USR_ID, MNEMONIC, CLS_ID) VALUES ('f115c204-8485-4cf3-8815-3c6738465e30', 'c8064cbd-fa06-4530-b430-1a52f1530c27', 'fadca076-3690-4a6e-af9e-f1cd68e8c7e8', 'Son', '0d6b3439-c9be-4480-af39-eeb457c052d0');
INSERT INTO CD_VRSN_TBL (CD_ID, STS_CD_ID, CRT_USR_ID, MNEMONIC, CLS_ID) VALUES ('decd6250-7e8b-4b77-895d-31953cf1387a', 'c8064cbd-fa06-4530-b430-1a52f1530c27', 'fadca076-3690-4a6e-af9e-f1cd68e8c7e8', 'FosterSon', '0d6b3439-c9be-4480-af39-eeb457c052d0');
INSERT INTO CD_VRSN_TBL (CD_ID, STS_CD_ID, CRT_USR_ID, MNEMONIC, CLS_ID) VALUES ('34f7bc11-2288-471a-af38-553ae6b8410c', 'c8064cbd-fa06-4530-b430-1a52f1530c27', 'fadca076-3690-4a6e-af9e-f1cd68e8c7e8', 'SonInlaw', '0d6b3439-c9be-4480-af39-eeb457c052d0');
INSERT INTO CD_VRSN_TBL (CD_ID, STS_CD_ID, CRT_USR_ID, MNEMONIC, CLS_ID) VALUES ('89bdc57b-d85c-4e85-94e8-c17049540a0d', 'c8064cbd-fa06-4530-b430-1a52f1530c27', 'fadca076-3690-4a6e-af9e-f1cd68e8c7e8', 'Spouse', '0d6b3439-c9be-4480-af39-eeb457c052d0');
INSERT INTO CD_VRSN_TBL (CD_ID, STS_CD_ID, CRT_USR_ID, MNEMONIC, CLS_ID) VALUES ('5951097b-1a13-4bce-bbf2-9abf52f98dc8', 'c8064cbd-fa06-4530-b430-1a52f1530c27', 'fadca076-3690-4a6e-af9e-f1cd68e8c7e8', 'Stepbrother', '0d6b3439-c9be-4480-af39-eeb457c052d0');
INSERT INTO CD_VRSN_TBL (CD_ID, STS_CD_ID, CRT_USR_ID, MNEMONIC, CLS_ID) VALUES ('4cdef917-4fb0-4cdf-b44d-b73486c41845', 'c8064cbd-fa06-4530-b430-1a52f1530c27', 'fadca076-3690-4a6e-af9e-f1cd68e8c7e8', 'StepChild', '0d6b3439-c9be-4480-af39-eeb457c052d0');
INSERT INTO CD_VRSN_TBL (CD_ID, STS_CD_ID, CRT_USR_ID, MNEMONIC, CLS_ID) VALUES ('f71e193a-0562-46e9-99dd-437d23663ec3', 'c8064cbd-fa06-4530-b430-1a52f1530c27', 'fadca076-3690-4a6e-af9e-f1cd68e8c7e8', 'Stepdaughter', '0d6b3439-c9be-4480-af39-eeb457c052d0');
INSERT INTO CD_VRSN_TBL (CD_ID, STS_CD_ID, CRT_USR_ID, MNEMONIC, CLS_ID) VALUES ('bb437e4d-7472-48c1-a6e7-576545a782fa', 'c8064cbd-fa06-4530-b430-1a52f1530c27', 'fadca076-3690-4a6e-af9e-f1cd68e8c7e8', 'Stepfather', '0d6b3439-c9be-4480-af39-eeb457c052d0');
INSERT INTO CD_VRSN_TBL (CD_ID, STS_CD_ID, CRT_USR_ID, MNEMONIC, CLS_ID) VALUES ('5a0539cc-093b-448e-aec6-0d529ed0087f', 'c8064cbd-fa06-4530-b430-1a52f1530c27', 'fadca076-3690-4a6e-af9e-f1cd68e8c7e8', 'Stepmother', '0d6b3439-c9be-4480-af39-eeb457c052d0');
INSERT INTO CD_VRSN_TBL (CD_ID, STS_CD_ID, CRT_USR_ID, MNEMONIC, CLS_ID) VALUES ('f172eee7-7f4b-4022-81d0-76393a1200ae', 'c8064cbd-fa06-4530-b430-1a52f1530c27', 'fadca076-3690-4a6e-af9e-f1cd68e8c7e8', 'StepParent', '0d6b3439-c9be-4480-af39-eeb457c052d0');
INSERT INTO CD_VRSN_TBL (CD_ID, STS_CD_ID, CRT_USR_ID, MNEMONIC, CLS_ID) VALUES ('7e6bc25d-5dea-4645-af3d-aa854b7b6f2f', 'c8064cbd-fa06-4530-b430-1a52f1530c27', 'fadca076-3690-4a6e-af9e-f1cd68e8c7e8', 'StepSibling', '0d6b3439-c9be-4480-af39-eeb457c052d0');
INSERT INTO CD_VRSN_TBL (CD_ID, STS_CD_ID, CRT_USR_ID, MNEMONIC, CLS_ID) VALUES ('cb73d085-026c-4bc7-a1de-356bfd636246', 'c8064cbd-fa06-4530-b430-1a52f1530c27', 'fadca076-3690-4a6e-af9e-f1cd68e8c7e8', 'Stepsister', '0d6b3439-c9be-4480-af39-eeb457c052d0');
INSERT INTO CD_VRSN_TBL (CD_ID, STS_CD_ID, CRT_USR_ID, MNEMONIC, CLS_ID) VALUES ('cfa978f4-140c-430d-82f8-1e6f2d74f48d', 'c8064cbd-fa06-4530-b430-1a52f1530c27', 'fadca076-3690-4a6e-af9e-f1cd68e8c7e8', 'Stepson', '0d6b3439-c9be-4480-af39-eeb457c052d0');
INSERT INTO CD_VRSN_TBL (CD_ID, STS_CD_ID, CRT_USR_ID, MNEMONIC, CLS_ID) VALUES ('cdd99260-107c-4a4e-acaf-d7c9c7e90fdd', 'c8064cbd-fa06-4530-b430-1a52f1530c27', 'fadca076-3690-4a6e-af9e-f1cd68e8c7e8', 'Uncle', '0d6b3439-c9be-4480-af39-eeb457c052d0');
INSERT INTO CD_VRSN_TBL (CD_ID, STS_CD_ID, CRT_USR_ID, MNEMONIC, CLS_ID) VALUES ('a3ff423e-81d5-4571-8edf-03c295189a23', 'c8064cbd-fa06-4530-b430-1a52f1530c27', 'fadca076-3690-4a6e-af9e-f1cd68e8c7e8', 'Wife', '0d6b3439-c9be-4480-af39-eeb457c052d0');
INSERT INTO CD_VRSN_TBL (CD_ID, STS_CD_ID, CRT_USR_ID, MNEMONIC, CLS_ID) VALUES ('7ee5c1d2-1a21-41b1-8459-cb160fa36c60', 'c8064cbd-fa06-4530-b430-1a52f1530c27', 'fadca076-3690-4a6e-af9e-f1cd68e8c7e8', 'RepresentativeHalflife', '0d6b3439-c9be-4480-af39-eeb457c052d0');
INSERT INTO CD_VRSN_TBL (CD_ID, STS_CD_ID, CRT_USR_ID, MNEMONIC, CLS_ID) VALUES ('71112058-63f9-4b38-97d9-4ccf58574e51', 'c8064cbd-fa06-4530-b430-1a52f1530c27', 'fadca076-3690-4a6e-af9e-f1cd68e8c7e8', 'Coating', '0d6b3439-c9be-4480-af39-eeb457c052d0');
INSERT INTO CD_VRSN_TBL (CD_ID, STS_CD_ID, CRT_USR_ID, MNEMONIC, CLS_ID) VALUES ('12df3395-b43b-421e-b505-049515c228b1', 'c8064cbd-fa06-4530-b430-1a52f1530c27', 'fadca076-3690-4a6e-af9e-f1cd68e8c7e8', 'Color', '0d6b3439-c9be-4480-af39-eeb457c052d0');
INSERT INTO CD_VRSN_TBL (CD_ID, STS_CD_ID, CRT_USR_ID, MNEMONIC, CLS_ID) VALUES ('8b071aec-9063-4398-b242-e561915abb51', 'c8064cbd-fa06-4530-b430-1a52f1530c27', 'fadca076-3690-4a6e-af9e-f1cd68e8c7e8', 'Image', '0d6b3439-c9be-4480-af39-eeb457c052d0');
INSERT INTO CD_VRSN_TBL (CD_ID, STS_CD_ID, CRT_USR_ID, MNEMONIC, CLS_ID) VALUES ('04321b6c-5b19-44a2-be7a-4a53a221a456', 'c8064cbd-fa06-4530-b430-1a52f1530c27', 'fadca076-3690-4a6e-af9e-f1cd68e8c7e8', 'ImprintCode', '0d6b3439-c9be-4480-af39-eeb457c052d0');
INSERT INTO CD_VRSN_TBL (CD_ID, STS_CD_ID, CRT_USR_ID, MNEMONIC, CLS_ID) VALUES ('b32962c3-eafa-4146-bbcd-0e33789de32c', 'c8064cbd-fa06-4530-b430-1a52f1530c27', 'fadca076-3690-4a6e-af9e-f1cd68e8c7e8', 'Scoring', '0d6b3439-c9be-4480-af39-eeb457c052d0');
INSERT INTO CD_VRSN_TBL (CD_ID, STS_CD_ID, CRT_USR_ID, MNEMONIC, CLS_ID) VALUES ('93c93d62-048d-4e64-a0ce-7f2f62a8ec6e', 'c8064cbd-fa06-4530-b430-1a52f1530c27', 'fadca076-3690-4a6e-af9e-f1cd68e8c7e8', 'Shape', '0d6b3439-c9be-4480-af39-eeb457c052d0');
INSERT INTO CD_VRSN_TBL (CD_ID, STS_CD_ID, CRT_USR_ID, MNEMONIC, CLS_ID) VALUES ('573a7fb8-fead-4bed-b325-c0fe68ce96ce', 'c8064cbd-fa06-4530-b430-1a52f1530c27', 'fadca076-3690-4a6e-af9e-f1cd68e8c7e8', 'Size', '0d6b3439-c9be-4480-af39-eeb457c052d0');
INSERT INTO CD_VRSN_TBL (CD_ID, STS_CD_ID, CRT_USR_ID, MNEMONIC, CLS_ID) VALUES ('dc5e8411-cb3f-4b7f-8e0e-fc1d1ff3b084', 'c8064cbd-fa06-4530-b430-1a52f1530c27', 'fadca076-3690-4a6e-af9e-f1cd68e8c7e8', 'Symbol', '0d6b3439-c9be-4480-af39-eeb457c052d0');
INSERT INTO CD_VRSN_TBL (CD_ID, STS_CD_ID, CRT_USR_ID, MNEMONIC, CLS_ID) VALUES ('1071d24e-6fe9-480f-8a20-b1825ae4d707', 'c8064cbd-fa06-4530-b430-1a52f1530c27', 'fadca076-3690-4a6e-af9e-f1cd68e8c7e8', 'CareProvision', '17fd5254-8c25-4abb-b246-083fbe9afa15');
INSERT INTO CD_VRSN_TBL (CD_ID, STS_CD_ID, CRT_USR_ID, MNEMONIC, CLS_ID) VALUES ('8cc5ef0d-3911-4d99-937f-6cfdc2a27d55', 'c8064cbd-fa06-4530-b430-1a52f1530c27', 'fadca076-3690-4a6e-af9e-f1cd68e8c7e8', 'Procedure', '17fd5254-8c25-4abb-b246-083fbe9afa15');
INSERT INTO CD_VRSN_TBL (CD_ID, STS_CD_ID, CRT_USR_ID, MNEMONIC, CLS_ID) VALUES ('e658ca72-3b6a-4099-ab6e-7cf6861a5b61', 'c8064cbd-fa06-4530-b430-1a52f1530c27', 'fadca076-3690-4a6e-af9e-f1cd68e8c7e8', 'Request', 'bba99722-23ce-469a-8fa5-10deba853d35');
INSERT INTO CD_VRSN_TBL (CD_ID, STS_CD_ID, CRT_USR_ID, MNEMONIC, CLS_ID) VALUES ('b389dedf-be61-456b-aa70-786e1a5a69e0', 'c8064cbd-fa06-4530-b430-1a52f1530c27', 'fadca076-3690-4a6e-af9e-f1cd68e8c7e8', 'Promise', 'bba99722-23ce-469a-8fa5-10deba853d35');

INSERT INTO CD_VRSN_TBL (CD_ID, STS_CD_ID, CRT_USR_ID, MNEMONIC, CLS_ID) VALUES ('5A209555-FB3A-437D-B043-0190685A4284', 'c8064cbd-fa06-4530-b430-1a52f1530c27', 'fadca076-3690-4a6e-af9e-f1cd68e8c7e8', 'ChildProof', 'DC9CBC32-B8EA-4144-BEF1-DC618E28F4D7');
INSERT INTO CD_VRSN_TBL (CD_ID, STS_CD_ID, CRT_USR_ID, MNEMONIC, CLS_ID) VALUES ('1E630924-CE10-4A8A-A91D-E319F517A6EC', 'c8064cbd-fa06-4530-b430-1a52f1530c27', 'fadca076-3690-4a6e-af9e-f1cd68e8c7e8', 'EasyOpen', 'DC9CBC32-B8EA-4144-BEF1-DC618E28F4D7');
INSERT INTO CD_VRSN_TBL (CD_ID, STS_CD_ID, CRT_USR_ID, MNEMONIC, CLS_ID) VALUES ('266A20FE-DFFB-4C8D-9EAD-FDC7CD86C552', 'c8064cbd-fa06-4530-b430-1a52f1530c27', 'fadca076-3690-4a6e-af9e-f1cd68e8c7e8', 'Film', 'DC9CBC32-B8EA-4144-BEF1-DC618E28F4D7');
INSERT INTO CD_VRSN_TBL (CD_ID, STS_CD_ID, CRT_USR_ID, MNEMONIC, CLS_ID) VALUES ('EE2B76DB-85E9-412F-90BB-47A94F8E4C30', 'c8064cbd-fa06-4530-b430-1a52f1530c27', 'fadca076-3690-4a6e-af9e-f1cd68e8c7e8', 'Foil', 'DC9CBC32-B8EA-4144-BEF1-DC618E28F4D7');
INSERT INTO CD_VRSN_TBL (CD_ID, STS_CD_ID, CRT_USR_ID, MNEMONIC, CLS_ID) VALUES ('6470A9BE-FCB4-463D-BB0C-894D0CDDD4C2', 'c8064cbd-fa06-4530-b430-1a52f1530c27', 'fadca076-3690-4a6e-af9e-f1cd68e8c7e8', 'PushCap', 'DC9CBC32-B8EA-4144-BEF1-DC618E28F4D7');
INSERT INTO CD_VRSN_TBL (CD_ID, STS_CD_ID, CRT_USR_ID, MNEMONIC, CLS_ID) VALUES ('47C40DF6-3F69-47CC-A84C-33037E4BFFD9', 'c8064cbd-fa06-4530-b430-1a52f1530c27', 'fadca076-3690-4a6e-af9e-f1cd68e8c7e8', 'MedicationCap', 'DC9CBC32-B8EA-4144-BEF1-DC618E28F4D7');
INSERT INTO CD_VRSN_TBL (CD_ID, STS_CD_ID, CRT_USR_ID, MNEMONIC, CLS_ID) VALUES ('05695B7C-6BF7-4AF7-A0C9-A5C8B2E63E05', 'c8064cbd-fa06-4530-b430-1a52f1530c27', 'fadca076-3690-4a6e-af9e-f1cd68e8c7e8', 'ScrewCap', 'DC9CBC32-B8EA-4144-BEF1-DC618E28F4D7');

INSERT INTO CD_VRSN_TBL (CD_ID, STS_CD_ID, CRT_USR_ID, MNEMONIC, CLS_ID) VALUES ('EE450FF6-9BED-4C47-90D2-671AB3041756', 'c8064cbd-fa06-4530-b430-1a52f1530c27', 'fadca076-3690-4a6e-af9e-f1cd68e8c7e8', 'Gel', 'DC9CBC32-B8EA-4144-BEF1-DC618E28F4D7');
INSERT INTO CD_VRSN_TBL (CD_ID, STS_CD_ID, CRT_USR_ID, MNEMONIC, CLS_ID) VALUES ('472524EB-C8D4-49F8-862A-EF4BD7CA0395', 'c8064cbd-fa06-4530-b430-1a52f1530c27', 'fadca076-3690-4a6e-af9e-f1cd68e8c7e8', 'None', 'DC9CBC32-B8EA-4144-BEF1-DC618E28F4D7');


-- Code Systems
INSERT INTO CD_SYS_TBL (CS_ID, CS_NAME, OID, DOMAIN, CRT_USR_ID, URL) VALUES ('f7a5cbd8-5425-415e-8308-d14b94f56917', 'ICD10', '2.16.840.1.113883.6.3', 'I10', 'fadca076-3690-4a6e-af9e-f1cd68e8c7e8', 'http://hl7.org/fhir/sid/icd-10');
INSERT INTO CD_SYS_TBL (CS_ID, CS_NAME, OID, DOMAIN, CRT_USR_ID, URL) VALUES ('ed9742e5-fa5b-4644-9fb5-2f935ed08b1e', 'ICD10CM', '2.16.840.1.113883.6.90' ,'I10C', 'fadca076-3690-4a6e-af9e-f1cd68e8c7e8', 'http://openiz.org/codesystem/icd-10-cm');
INSERT INTO CD_SYS_TBL (CS_ID, CS_NAME, OID, DOMAIN, CRT_USR_ID, URL) VALUES ('51ea1e1b-edc0-455a-a72b-9076860e284d', 'ICD9', '2.16.840.1.113883.6.2', 'I9', 'fadca076-3690-4a6e-af9e-f1cd68e8c7e8', 'http://hl7.org/fhir/sid/icd-9');
INSERT INTO CD_SYS_TBL (CS_ID, CS_NAME, OID, DOMAIN, CRT_USR_ID, URL) VALUES ('eb04fe20-bbbc-4c70-9eef-045bc4f70982', 'ISO639-1', '2.16.840.1.113883.6.99', 'ISO639-1', 'fadca076-3690-4a6e-af9e-f1cd68e8c7e8', 'http://hl7.org/fhir/sid/iso-639-1');
INSERT INTO CD_SYS_TBL (CS_ID, CS_NAME, OID, DOMAIN, CRT_USR_ID, URL) VALUES ('089044ea-dd41-4258-a497-e6247dd364f6', 'ISO639-2', '2.16.840.1.113883.6.100', 'ISO639-2', 'fadca076-3690-4a6e-af9e-f1cd68e8c7e8','http://openiz.org/codesystem/iso639-2');
INSERT INTO CD_SYS_TBL (CS_ID, CS_NAME, OID, DOMAIN, CRT_USR_ID, URL) VALUES ('08c59397-706b-456a-aeb1-9e7d5a2adc94', 'LOINC', '2.16.840.1.113883.6.1', 'LN', 'fadca076-3690-4a6e-af9e-f1cd68e8c7e8','http://hl7.org/fhir/sid/loinc');
INSERT INTO CD_SYS_TBL (CS_ID, CS_NAME, OID, DOMAIN, CRT_USR_ID, URL) VALUES ('4853a702-fff3-4efb-8dd7-54aacca53664', 'UCUM', '2.16.840.1.113883.6.8', 'UCUM', 'fadca076-3690-4a6e-af9e-f1cd68e8c7e8','http://hl7.org/fhir/sid/ucum');
INSERT INTO CD_SYS_TBL (CS_ID, CS_NAME, OID, DOMAIN, CRT_USR_ID, URL) VALUES ('b3030751-d4db-420b-b765-e837607820cd', 'SNOMED CT', '2.16.840.1.113883.6.96', 'SNM', 'fadca076-3690-4a6e-af9e-f1cd68e8c7e8','http://snomed.info');
INSERT INTO CD_SYS_TBL (CS_ID, CS_NAME, OID, DOMAIN, CRT_USR_ID, URL) VALUES ('eba4f94a-2cad-4bb3-aca7-f4e54eaac4bd', 'CVX Vaccine Codes', '2.16.840.1.113883.3.88.12.80.22', 'CVX', 'fadca076-3690-4a6e-af9e-f1cd68e8c7e8','http://hl7.org/fhir/conceptset/vaccine-code');
INSERT INTO CD_SYS_TBL (CS_ID, DOMAIN, OID, CRT_USR_ID, URL)  VALUES ('bab1d66a-1e98-4bfd-9b4a-7c4be88f35d1','ActClassClinicalDocument','2.16.840.1.113883.5.6','fadca076-3690-4a6e-af9e-f1cd68e8c7e8','http://openiz.org/conceptset/v3-ActClassClinicalDocument');
INSERT INTO CD_SYS_TBL (CS_ID, DOMAIN, OID, CRT_USR_ID, URL)  VALUES ('02823b47-c315-4366-8883-442e646d34be','ActEncounterCode','2.16.840.1.113883.5.4','fadca076-3690-4a6e-af9e-f1cd68e8c7e8','http://openiz.org/conceptset/v3-ActEncounterCode');
INSERT INTO CD_SYS_TBL (CS_ID, DOMAIN, OID, CRT_USR_ID, URL)  VALUES ('bde8358f-7f9f-46e0-b326-3491429c2183','ActMoodEventCriterion','2.16.840.1.113883.5.1001','fadca076-3690-4a6e-af9e-f1cd68e8c7e8','http://openiz.org/conceptset/v3-ActMoodEventCriterion');
INSERT INTO CD_SYS_TBL (CS_ID, DOMAIN, OID, CRT_USR_ID, URL)  VALUES ('92104605-20dc-42f9-9cde-acef7fb19ef0','ActRelationshipAuthorizedBy','2.16.840.1.113883.5.1002','fadca076-3690-4a6e-af9e-f1cd68e8c7e8','http://openiz.org/conceptset/v3-ActRelationshipAuthorizedBy');
INSERT INTO CD_SYS_TBL (CS_ID, DOMAIN, OID, CRT_USR_ID, URL)  VALUES ('11288dc4-081a-4704-ad5c-e90e7da30c63','Currency','2.16.840.1.113883.5.1058','fadca076-3690-4a6e-af9e-f1cd68e8c7e8','http://openiz.org/conceptset/v3-Currency');
INSERT INTO CD_SYS_TBL (CS_ID, DOMAIN, OID, CRT_USR_ID, URL)  VALUES ('986a9fee-5aca-4978-a2f6-4ca0902b891c','EntityClassDevice','2.16.840.1.113883.5.41','fadca076-3690-4a6e-af9e-f1cd68e8c7e8','http://openiz.org/conceptset/v3-EntityClassDevice');
INSERT INTO CD_SYS_TBL (CS_ID, DOMAIN, OID, CRT_USR_ID, URL)  VALUES ('675987ce-ded2-43ff-8401-e124ffe82589','EntityDeterminer','2.16.840.1.113883.5.30','fadca076-3690-4a6e-af9e-f1cd68e8c7e8','http://openiz.org/conceptset/v3-EntityDeterminer');
INSERT INTO CD_SYS_TBL (CS_ID, DOMAIN, OID, CRT_USR_ID, URL)  VALUES ('eb9d55f8-3328-49a4-ba10-775c931d0a42','ActParticipationType','2.16.840.1.113883.5.90','fadca076-3690-4a6e-af9e-f1cd68e8c7e8','http://openiz.org/conceptset/v3-ActParticipationType');
INSERT INTO CD_SYS_TBL (CS_ID, DOMAIN, OID, CRT_USR_ID, URL)  VALUES ('ff12d77b-625d-497a-8794-c3726942b113','RoleClass','2.16.840.1.113883.5.110','fadca076-3690-4a6e-af9e-f1cd68e8c7e8','http://openiz.org/conceptset/v3-RoleClass');
INSERT INTO CD_SYS_TBL (CS_ID, DOMAIN, OID, CRT_USR_ID, URL)  VALUES ('7a3a7139-b93e-4a99-bd54-749e30fe712a','AdministrativeGender','2.16.840.1.113883.5.1','fadca076-3690-4a6e-af9e-f1cd68e8c7e8','http://openiz.org/conceptset/v3-AdministrativeGender');
INSERT INTO CD_SYS_TBL (CS_ID, DOMAIN, OID, CRT_USR_ID, URL)  VALUES ('9a4718fe-43f4-4b5b-9997-1d1fae894bb9','FamilyMember','2.16.840.1.113883.5.111','fadca076-3690-4a6e-af9e-f1cd68e8c7e8',
'http://openiz.org/conceptset/v3-FamilyMember');
INSERT INTO CD_SYS_TBL (CS_ID, DOMAIN, OID, CRT_USR_ID, URL)  VALUES ('5541093D-BCCA-4613-88B2-10F96A4765F7','ContainerCap','2.16.840.1.113883.5.26','fadca076-3690-4a6e-af9e-f1cd68e8c7e8','http://openiz.org/conceptset/v3-ContainerCap');
INSERT INTO CD_SYS_TBL (CS_ID, DOMAIN, OID, CRT_USR_ID, URL)  VALUES ('98F068A8-0E48-4298-820F-34E00FC50953','ContainerSeparator','2.16.840.1.113883.5.27','fadca076-3690-4a6e-af9e-f1cd68e8c7e8','http://openiz.org/conceptset/v3-ContainerSeparator');

-- Reference Terms
INSERT INTO REF_TERM_TBL (REF_TERM_ID, CS_ID, MNEMONIC, CRT_USR_ID)  VALUES('80242f45-c915-47f9-a90c-1b80f7d6af71','bab1d66a-1e98-4bfd-9b4a-7c4be88f35d1','DOCCLIN', 'fadca076-3690-4a6e-af9e-f1cd68e8c7e8');
INSERT INTO REF_TERM_TBL (REF_TERM_ID, CS_ID, MNEMONIC, CRT_USR_ID)  VALUES('34ef1f74-40b1-432c-9c86-5b77d3cd23c0','bab1d66a-1e98-4bfd-9b4a-7c4be88f35d1','CONS', 'fadca076-3690-4a6e-af9e-f1cd68e8c7e8');
INSERT INTO REF_TERM_TBL (REF_TERM_ID, CS_ID, MNEMONIC, CRT_USR_ID)  VALUES('00f157f5-0a56-4bc9-95e3-ba64827b8852','bab1d66a-1e98-4bfd-9b4a-7c4be88f35d1','DOC', 'fadca076-3690-4a6e-af9e-f1cd68e8c7e8');
INSERT INTO REF_TERM_TBL (REF_TERM_ID, CS_ID, MNEMONIC, CRT_USR_ID)  VALUES('e3782171-f043-4510-b986-c7adc3fca593','bab1d66a-1e98-4bfd-9b4a-7c4be88f35d1','DOCBODY', 'fadca076-3690-4a6e-af9e-f1cd68e8c7e8');
INSERT INTO REF_TERM_TBL (REF_TERM_ID, CS_ID, MNEMONIC, CRT_USR_ID)  VALUES('08f44c29-1348-48dc-b426-c9fb2826a895','bab1d66a-1e98-4bfd-9b4a-7c4be88f35d1','DOCSECT', 'fadca076-3690-4a6e-af9e-f1cd68e8c7e8');
INSERT INTO REF_TERM_TBL (REF_TERM_ID, CS_ID, MNEMONIC, CRT_USR_ID)  VALUES('8139ad2d-29f7-456c-9290-a7dbb67c92fd','bab1d66a-1e98-4bfd-9b4a-7c4be88f35d1','ENC', 'fadca076-3690-4a6e-af9e-f1cd68e8c7e8');
INSERT INTO REF_TERM_TBL (REF_TERM_ID, CS_ID, MNEMONIC, CRT_USR_ID)  VALUES('bde21943-a344-477c-adda-af40bee4e177','bab1d66a-1e98-4bfd-9b4a-7c4be88f35d1','CASE', 'fadca076-3690-4a6e-af9e-f1cd68e8c7e8');
INSERT INTO REF_TERM_TBL (REF_TERM_ID, CS_ID, MNEMONIC, CRT_USR_ID)  VALUES('c3b7eac5-48a9-4895-9440-6acc15445ccb','bab1d66a-1e98-4bfd-9b4a-7c4be88f35d1','COND', 'fadca076-3690-4a6e-af9e-f1cd68e8c7e8');
INSERT INTO REF_TERM_TBL (REF_TERM_ID, CS_ID, MNEMONIC, CRT_USR_ID)  VALUES('c5b1b254-ba34-4e45-a604-24e02f34a36b','bab1d66a-1e98-4bfd-9b4a-7c4be88f35d1','GEN', 'fadca076-3690-4a6e-af9e-f1cd68e8c7e8');
INSERT INTO REF_TERM_TBL (REF_TERM_ID, CS_ID, MNEMONIC, CRT_USR_ID)  VALUES('83aac30c-0df1-4fd0-abd7-d7fceb00e04c','bab1d66a-1e98-4bfd-9b4a-7c4be88f35d1','LLD', 'fadca076-3690-4a6e-af9e-f1cd68e8c7e8');
INSERT INTO REF_TERM_TBL (REF_TERM_ID, CS_ID, MNEMONIC, CRT_USR_ID)  VALUES('9046a12d-4c54-460e-ba46-c92893f74f87','bab1d66a-1e98-4bfd-9b4a-7c4be88f35d1','OBS', 'fadca076-3690-4a6e-af9e-f1cd68e8c7e8');
INSERT INTO REF_TERM_TBL (REF_TERM_ID, CS_ID, MNEMONIC, CRT_USR_ID)  VALUES('32836d3b-0a29-4ab5-ad1f-6cb3dbd5df9a','bab1d66a-1e98-4bfd-9b4a-7c4be88f35d1','OBSSER', 'fadca076-3690-4a6e-af9e-f1cd68e8c7e8');
INSERT INTO REF_TERM_TBL (REF_TERM_ID, CS_ID, MNEMONIC, CRT_USR_ID)  VALUES('932d4fc2-35db-4938-9b0d-25bfce8e3121','bab1d66a-1e98-4bfd-9b4a-7c4be88f35d1','POS', 'fadca076-3690-4a6e-af9e-f1cd68e8c7e8');
INSERT INTO REF_TERM_TBL (REF_TERM_ID, CS_ID, MNEMONIC, CRT_USR_ID)  VALUES('8b48fe39-c489-42a8-8800-f2a97480c6af','bab1d66a-1e98-4bfd-9b4a-7c4be88f35d1','PRN', 'fadca076-3690-4a6e-af9e-f1cd68e8c7e8');
INSERT INTO REF_TERM_TBL (REF_TERM_ID, CS_ID, MNEMONIC, CRT_USR_ID)  VALUES('36ae7fc5-f2ad-4f66-a00d-e4bce99cd4e1','bab1d66a-1e98-4bfd-9b4a-7c4be88f35d1','RLD', 'fadca076-3690-4a6e-af9e-f1cd68e8c7e8');
INSERT INTO REF_TERM_TBL (REF_TERM_ID, CS_ID, MNEMONIC, CRT_USR_ID)  VALUES('2df19451-c5a3-415b-95e8-f1724bd840fb','bab1d66a-1e98-4bfd-9b4a-7c4be88f35d1','SFWL', 'fadca076-3690-4a6e-af9e-f1cd68e8c7e8');
INSERT INTO REF_TERM_TBL (REF_TERM_ID, CS_ID, MNEMONIC, CRT_USR_ID)  VALUES('d19c93b5-5364-4426-8171-081f7efcf115','bab1d66a-1e98-4bfd-9b4a-7c4be88f35d1','SIT', 'fadca076-3690-4a6e-af9e-f1cd68e8c7e8');
INSERT INTO REF_TERM_TBL (REF_TERM_ID, CS_ID, MNEMONIC, CRT_USR_ID)  VALUES('2630f5a3-649a-43d1-b039-20b06f55a222','bab1d66a-1e98-4bfd-9b4a-7c4be88f35d1','STN', 'fadca076-3690-4a6e-af9e-f1cd68e8c7e8');
INSERT INTO REF_TERM_TBL (REF_TERM_ID, CS_ID, MNEMONIC, CRT_USR_ID)  VALUES('fce8bdf3-12cd-4f04-a250-7e69f553347a','bab1d66a-1e98-4bfd-9b4a-7c4be88f35d1','SUP', 'fadca076-3690-4a6e-af9e-f1cd68e8c7e8');
INSERT INTO REF_TERM_TBL (REF_TERM_ID, CS_ID, MNEMONIC, CRT_USR_ID)  VALUES('2adccb38-6ecf-4c42-8221-4dcff3ce4c69','bab1d66a-1e98-4bfd-9b4a-7c4be88f35d1','RTRD', 'fadca076-3690-4a6e-af9e-f1cd68e8c7e8');
INSERT INTO REF_TERM_TBL (REF_TERM_ID, CS_ID, MNEMONIC, CRT_USR_ID)  VALUES('955cddc3-d4db-46be-9b04-1114fd41e424','bab1d66a-1e98-4bfd-9b4a-7c4be88f35d1','TRD', 'fadca076-3690-4a6e-af9e-f1cd68e8c7e8');
INSERT INTO REF_TERM_TBL (REF_TERM_ID, CS_ID, MNEMONIC, CRT_USR_ID)  VALUES('de69f5eb-3ed9-46dd-b516-cd034085d7c5','bab1d66a-1e98-4bfd-9b4a-7c4be88f35d1','ROIOVL', 'fadca076-3690-4a6e-af9e-f1cd68e8c7e8');
INSERT INTO REF_TERM_TBL (REF_TERM_ID, CS_ID, MNEMONIC, CRT_USR_ID)  VALUES('1bc2a587-a9d8-4577-81ce-9afa65921a19','bab1d66a-1e98-4bfd-9b4a-7c4be88f35d1','PROC', 'fadca076-3690-4a6e-af9e-f1cd68e8c7e8');
INSERT INTO REF_TERM_TBL (REF_TERM_ID, CS_ID, MNEMONIC, CRT_USR_ID)  VALUES('b8c0f2b0-01ca-477c-8f5b-c9c3aabc7f98','bab1d66a-1e98-4bfd-9b4a-7c4be88f35d1','SBADM', 'fadca076-3690-4a6e-af9e-f1cd68e8c7e8');
INSERT INTO REF_TERM_TBL (REF_TERM_ID, CS_ID, MNEMONIC, CRT_USR_ID)  VALUES('7d9d883e-37c6-4065-a5cf-3b0f09a162f3','bab1d66a-1e98-4bfd-9b4a-7c4be88f35d1','SPLY', 'fadca076-3690-4a6e-af9e-f1cd68e8c7e8');
INSERT INTO REF_TERM_TBL (REF_TERM_ID, CS_ID, MNEMONIC, CRT_USR_ID)  VALUES('cdb7f4cf-91fb-4af7-86b9-9d0d5363245b','02823b47-c315-4366-8883-442e646d34be','AMB', 'fadca076-3690-4a6e-af9e-f1cd68e8c7e8');
INSERT INTO REF_TERM_TBL (REF_TERM_ID, CS_ID, MNEMONIC, CRT_USR_ID)  VALUES('b7d419d0-f64a-4ab8-b0ec-94e961bcc7cb','02823b47-c315-4366-8883-442e646d34be','EMER', 'fadca076-3690-4a6e-af9e-f1cd68e8c7e8');
INSERT INTO REF_TERM_TBL (REF_TERM_ID, CS_ID, MNEMONIC, CRT_USR_ID)  VALUES('2da49834-3c58-45c6-9528-e0598cc692a3','02823b47-c315-4366-8883-442e646d34be','FLD', 'fadca076-3690-4a6e-af9e-f1cd68e8c7e8');
INSERT INTO REF_TERM_TBL (REF_TERM_ID, CS_ID, MNEMONIC, CRT_USR_ID)  VALUES('7cd92207-8263-43e0-b910-b660e1b0b111','02823b47-c315-4366-8883-442e646d34be','HH', 'fadca076-3690-4a6e-af9e-f1cd68e8c7e8');
INSERT INTO REF_TERM_TBL (REF_TERM_ID, CS_ID, MNEMONIC, CRT_USR_ID)  VALUES('64c4c372-d4d9-4bcc-9838-479e4bc14e96','02823b47-c315-4366-8883-442e646d34be','IMP', 'fadca076-3690-4a6e-af9e-f1cd68e8c7e8');
INSERT INTO REF_TERM_TBL (REF_TERM_ID, CS_ID, MNEMONIC, CRT_USR_ID)  VALUES('1121942c-5ca4-466f-8bf4-d060d1b13a7e','02823b47-c315-4366-8883-442e646d34be','ACUTE', 'fadca076-3690-4a6e-af9e-f1cd68e8c7e8');
INSERT INTO REF_TERM_TBL (REF_TERM_ID, CS_ID, MNEMONIC, CRT_USR_ID)  VALUES('0cc77549-2e56-44bc-9c7e-e41119e2fc6e','02823b47-c315-4366-8883-442e646d34be','NONAC', 'fadca076-3690-4a6e-af9e-f1cd68e8c7e8');
INSERT INTO REF_TERM_TBL (REF_TERM_ID, CS_ID, MNEMONIC, CRT_USR_ID)  VALUES('baf12ffd-24d1-4d44-8bf8-888115e13e32','02823b47-c315-4366-8883-442e646d34be','SS', 'fadca076-3690-4a6e-af9e-f1cd68e8c7e8');
INSERT INTO REF_TERM_TBL (REF_TERM_ID, CS_ID, MNEMONIC, CRT_USR_ID)  VALUES('15772372-5a16-4a89-95d9-19c710493c3f','02823b47-c315-4366-8883-442e646d34be','VR', 'fadca076-3690-4a6e-af9e-f1cd68e8c7e8');
INSERT INTO REF_TERM_TBL (REF_TERM_ID, CS_ID, MNEMONIC, CRT_USR_ID)  VALUES('f87e06d4-03e7-4afa-a382-980db142cf95','bde8358f-7f9f-46e0-b326-3491429c2183','EVN.CRT', 'fadca076-3690-4a6e-af9e-f1cd68e8c7e8');
INSERT INTO REF_TERM_TBL (REF_TERM_ID, CS_ID, MNEMONIC, CRT_USR_ID)  VALUES('eb93e8af-e880-4684-a553-7651364cee4f','bde8358f-7f9f-46e0-b326-3491429c2183','EVN', 'fadca076-3690-4a6e-af9e-f1cd68e8c7e8');
INSERT INTO REF_TERM_TBL (REF_TERM_ID, CS_ID, MNEMONIC, CRT_USR_ID)  VALUES('259cc454-a9ca-4032-89f5-af11a6c89653','bde8358f-7f9f-46e0-b326-3491429c2183','RQO', 'fadca076-3690-4a6e-af9e-f1cd68e8c7e8');
INSERT INTO REF_TERM_TBL (REF_TERM_ID, CS_ID, MNEMONIC, CRT_USR_ID)  VALUES('cd5b0ff1-da93-4bf8-8fdd-73a5268fe10e','92104605-20dc-42f9-9cde-acef7fb19ef0','AUTH', 'fadca076-3690-4a6e-af9e-f1cd68e8c7e8');
INSERT INTO REF_TERM_TBL (REF_TERM_ID, CS_ID, MNEMONIC, CRT_USR_ID)  VALUES('80a748fa-b226-4ae2-a503-3fe4dfa654df','92104605-20dc-42f9-9cde-acef7fb19ef0','DOC', 'fadca076-3690-4a6e-af9e-f1cd68e8c7e8');
INSERT INTO REF_TERM_TBL (REF_TERM_ID, CS_ID, MNEMONIC, CRT_USR_ID)  VALUES('6d057d15-69fa-4d26-99f1-3ab90990cb95','92104605-20dc-42f9-9cde-acef7fb19ef0','FLFS', 'fadca076-3690-4a6e-af9e-f1cd68e8c7e8');
INSERT INTO REF_TERM_TBL (REF_TERM_ID, CS_ID, MNEMONIC, CRT_USR_ID)  VALUES('a6f1b2c4-0b3f-49fa-87b3-cd9d3e2865e1','92104605-20dc-42f9-9cde-acef7fb19ef0','COMP', 'fadca076-3690-4a6e-af9e-f1cd68e8c7e8');
INSERT INTO REF_TERM_TBL (REF_TERM_ID, CS_ID, MNEMONIC, CRT_USR_ID)  VALUES('16ac17df-955e-4c1e-a1e7-77d60da3e5fd','92104605-20dc-42f9-9cde-acef7fb19ef0','ARR', 'fadca076-3690-4a6e-af9e-f1cd68e8c7e8');
INSERT INTO REF_TERM_TBL (REF_TERM_ID, CS_ID, MNEMONIC, CRT_USR_ID)  VALUES('efba2a18-2a51-411f-a69c-ef6fcd86a8f4','92104605-20dc-42f9-9cde-acef7fb19ef0','CTRLV', 'fadca076-3690-4a6e-af9e-f1cd68e8c7e8');
INSERT INTO REF_TERM_TBL (REF_TERM_ID, CS_ID, MNEMONIC, CRT_USR_ID)  VALUES('22c7f32c-30e7-4e39-b027-be18d56c0d69','92104605-20dc-42f9-9cde-acef7fb19ef0','DEP', 'fadca076-3690-4a6e-af9e-f1cd68e8c7e8');
INSERT INTO REF_TERM_TBL (REF_TERM_ID, CS_ID, MNEMONIC, CRT_USR_ID)  VALUES('a41b04aa-21a2-4dc3-a1b0-63b6c1abb638','92104605-20dc-42f9-9cde-acef7fb19ef0','PRCN', 'fadca076-3690-4a6e-af9e-f1cd68e8c7e8');
INSERT INTO REF_TERM_TBL (REF_TERM_ID, CS_ID, MNEMONIC, CRT_USR_ID)  VALUES('d820400c-d81c-42bc-8880-2bd8c96bb84c','92104605-20dc-42f9-9cde-acef7fb19ef0','REFV', 'fadca076-3690-4a6e-af9e-f1cd68e8c7e8');
INSERT INTO REF_TERM_TBL (REF_TERM_ID, CS_ID, MNEMONIC, CRT_USR_ID)  VALUES('7e2a582a-6e75-440a-89a0-34762981052e','11288dc4-081a-4704-ad5c-e90e7da30c63','ARS', 'fadca076-3690-4a6e-af9e-f1cd68e8c7e8');
INSERT INTO REF_TERM_TBL (REF_TERM_ID, CS_ID, MNEMONIC, CRT_USR_ID)  VALUES('c5883d98-e0e7-4dca-9a5d-0ec3b3f6cf62','11288dc4-081a-4704-ad5c-e90e7da30c63','AUD', 'fadca076-3690-4a6e-af9e-f1cd68e8c7e8');
INSERT INTO REF_TERM_TBL (REF_TERM_ID, CS_ID, MNEMONIC, CRT_USR_ID)  VALUES('57312fe4-0ffc-4935-b957-da64de9c1f41','11288dc4-081a-4704-ad5c-e90e7da30c63','BRL', 'fadca076-3690-4a6e-af9e-f1cd68e8c7e8');
INSERT INTO REF_TERM_TBL (REF_TERM_ID, CS_ID, MNEMONIC, CRT_USR_ID)  VALUES('c888fc8b-a2b5-405a-b6f5-997b92737cb0','11288dc4-081a-4704-ad5c-e90e7da30c63','CAD', 'fadca076-3690-4a6e-af9e-f1cd68e8c7e8');
INSERT INTO REF_TERM_TBL (REF_TERM_ID, CS_ID, MNEMONIC, CRT_USR_ID)  VALUES('02c89413-02df-4b0d-99a9-32ad4e8c6a36','11288dc4-081a-4704-ad5c-e90e7da30c63','CHF', 'fadca076-3690-4a6e-af9e-f1cd68e8c7e8');
INSERT INTO REF_TERM_TBL (REF_TERM_ID, CS_ID, MNEMONIC, CRT_USR_ID)  VALUES('a65ac557-6bf0-4ca9-970c-97ffd1399800','11288dc4-081a-4704-ad5c-e90e7da30c63','CLF', 'fadca076-3690-4a6e-af9e-f1cd68e8c7e8');
INSERT INTO REF_TERM_TBL (REF_TERM_ID, CS_ID, MNEMONIC, CRT_USR_ID)  VALUES('94e95780-1911-4f67-98c3-1536e561962f','11288dc4-081a-4704-ad5c-e90e7da30c63','CNY', 'fadca076-3690-4a6e-af9e-f1cd68e8c7e8');
INSERT INTO REF_TERM_TBL (REF_TERM_ID, CS_ID, MNEMONIC, CRT_USR_ID)  VALUES('08fd8ad2-d974-4179-8718-342341b0f498','11288dc4-081a-4704-ad5c-e90e7da30c63','DEM', 'fadca076-3690-4a6e-af9e-f1cd68e8c7e8');
INSERT INTO REF_TERM_TBL (REF_TERM_ID, CS_ID, MNEMONIC, CRT_USR_ID)  VALUES('cfcccba3-aad1-4685-9e0b-39f53b8da4bb','11288dc4-081a-4704-ad5c-e90e7da30c63','ESP', 'fadca076-3690-4a6e-af9e-f1cd68e8c7e8');
INSERT INTO REF_TERM_TBL (REF_TERM_ID, CS_ID, MNEMONIC, CRT_USR_ID)  VALUES('a74279d6-96f0-4cda-94a9-a3e233c58036','11288dc4-081a-4704-ad5c-e90e7da30c63','EUR', 'fadca076-3690-4a6e-af9e-f1cd68e8c7e8');
INSERT INTO REF_TERM_TBL (REF_TERM_ID, CS_ID, MNEMONIC, CRT_USR_ID)  VALUES('230a62a1-05f1-4f83-8450-48dda67dcd69','11288dc4-081a-4704-ad5c-e90e7da30c63','FIM', 'fadca076-3690-4a6e-af9e-f1cd68e8c7e8');
INSERT INTO REF_TERM_TBL (REF_TERM_ID, CS_ID, MNEMONIC, CRT_USR_ID)  VALUES('59b90a5a-a72a-4e1f-ae45-2073c357c5be','11288dc4-081a-4704-ad5c-e90e7da30c63','FRF', 'fadca076-3690-4a6e-af9e-f1cd68e8c7e8');
INSERT INTO REF_TERM_TBL (REF_TERM_ID, CS_ID, MNEMONIC, CRT_USR_ID)  VALUES('8ccd6a0d-4e2a-4b54-8045-2786eda31b46','11288dc4-081a-4704-ad5c-e90e7da30c63','GBP', 'fadca076-3690-4a6e-af9e-f1cd68e8c7e8');
INSERT INTO REF_TERM_TBL (REF_TERM_ID, CS_ID, MNEMONIC, CRT_USR_ID)  VALUES('9da2deff-231f-41d4-a64a-0f4ca0d4e407','11288dc4-081a-4704-ad5c-e90e7da30c63','ILS', 'fadca076-3690-4a6e-af9e-f1cd68e8c7e8');
INSERT INTO REF_TERM_TBL (REF_TERM_ID, CS_ID, MNEMONIC, CRT_USR_ID)  VALUES('15fc312c-cb80-40e7-92ab-83a4ee511de4','11288dc4-081a-4704-ad5c-e90e7da30c63','INR', 'fadca076-3690-4a6e-af9e-f1cd68e8c7e8');
INSERT INTO REF_TERM_TBL (REF_TERM_ID, CS_ID, MNEMONIC, CRT_USR_ID)  VALUES('9333fcc0-fecd-413d-8007-5fcf555ede1a','11288dc4-081a-4704-ad5c-e90e7da30c63','JPY', 'fadca076-3690-4a6e-af9e-f1cd68e8c7e8');
INSERT INTO REF_TERM_TBL (REF_TERM_ID, CS_ID, MNEMONIC, CRT_USR_ID)  VALUES('2cde2dbe-3f75-4549-9bd1-316b133428d9','11288dc4-081a-4704-ad5c-e90e7da30c63','KRW', 'fadca076-3690-4a6e-af9e-f1cd68e8c7e8');
INSERT INTO REF_TERM_TBL (REF_TERM_ID, CS_ID, MNEMONIC, CRT_USR_ID)  VALUES('24a617a5-a5eb-4c6a-8b91-90ba50366082','11288dc4-081a-4704-ad5c-e90e7da30c63','MXN', 'fadca076-3690-4a6e-af9e-f1cd68e8c7e8');
INSERT INTO REF_TERM_TBL (REF_TERM_ID, CS_ID, MNEMONIC, CRT_USR_ID)  VALUES('999c31b1-e279-4281-a2f0-48bb69af48d6','11288dc4-081a-4704-ad5c-e90e7da30c63','NLG', 'fadca076-3690-4a6e-af9e-f1cd68e8c7e8');
INSERT INTO REF_TERM_TBL (REF_TERM_ID, CS_ID, MNEMONIC, CRT_USR_ID)  VALUES('22292ed4-8f63-46fb-94fb-eb028fc26282','11288dc4-081a-4704-ad5c-e90e7da30c63','NZD', 'fadca076-3690-4a6e-af9e-f1cd68e8c7e8');
INSERT INTO REF_TERM_TBL (REF_TERM_ID, CS_ID, MNEMONIC, CRT_USR_ID)  VALUES('113236d8-e96c-49c1-8aba-e1ae73042287','11288dc4-081a-4704-ad5c-e90e7da30c63','PHP', 'fadca076-3690-4a6e-af9e-f1cd68e8c7e8');
INSERT INTO REF_TERM_TBL (REF_TERM_ID, CS_ID, MNEMONIC, CRT_USR_ID)  VALUES('c2e7306d-2aea-436a-a36e-c74ec266b39b','11288dc4-081a-4704-ad5c-e90e7da30c63','RUR', 'fadca076-3690-4a6e-af9e-f1cd68e8c7e8');
INSERT INTO REF_TERM_TBL (REF_TERM_ID, CS_ID, MNEMONIC, CRT_USR_ID)  VALUES('e202e081-5d3c-42a1-8efd-9f3e068eb87e','11288dc4-081a-4704-ad5c-e90e7da30c63','THB', 'fadca076-3690-4a6e-af9e-f1cd68e8c7e8');
INSERT INTO REF_TERM_TBL (REF_TERM_ID, CS_ID, MNEMONIC, CRT_USR_ID)  VALUES('4269be06-e554-4714-8381-287a0edbadbb','11288dc4-081a-4704-ad5c-e90e7da30c63','TRL', 'fadca076-3690-4a6e-af9e-f1cd68e8c7e8');
INSERT INTO REF_TERM_TBL (REF_TERM_ID, CS_ID, MNEMONIC, CRT_USR_ID)  VALUES('4609e1fb-df75-4209-ac1e-70e14eb18c1e','11288dc4-081a-4704-ad5c-e90e7da30c63','TWD', 'fadca076-3690-4a6e-af9e-f1cd68e8c7e8');
INSERT INTO REF_TERM_TBL (REF_TERM_ID, CS_ID, MNEMONIC, CRT_USR_ID)  VALUES('2018e5f4-fee1-40ec-a368-350da5fbf212','11288dc4-081a-4704-ad5c-e90e7da30c63','USD', 'fadca076-3690-4a6e-af9e-f1cd68e8c7e8');
INSERT INTO REF_TERM_TBL (REF_TERM_ID, CS_ID, MNEMONIC, CRT_USR_ID)  VALUES('73f4abdf-9d2a-491b-982e-8e683ff0abdc','11288dc4-081a-4704-ad5c-e90e7da30c63','ZAR', 'fadca076-3690-4a6e-af9e-f1cd68e8c7e8');
INSERT INTO REF_TERM_TBL (REF_TERM_ID, CS_ID, MNEMONIC, CRT_USR_ID)  VALUES('2077af57-8085-48c6-8a95-3a2bb50af477','986a9fee-5aca-4978-a2f6-4ca0902b891c','DEV', 'fadca076-3690-4a6e-af9e-f1cd68e8c7e8');
INSERT INTO REF_TERM_TBL (REF_TERM_ID, CS_ID, MNEMONIC, CRT_USR_ID)  VALUES('f996c8be-bd96-4320-a8e9-5410eacde7ef','986a9fee-5aca-4978-a2f6-4ca0902b891c','CONT', 'fadca076-3690-4a6e-af9e-f1cd68e8c7e8');
INSERT INTO REF_TERM_TBL (REF_TERM_ID, CS_ID, MNEMONIC, CRT_USR_ID)  VALUES('e1ac4c12-8903-4a1f-b712-052371f7c26b','986a9fee-5aca-4978-a2f6-4ca0902b891c','MMAT', 'fadca076-3690-4a6e-af9e-f1cd68e8c7e8');
INSERT INTO REF_TERM_TBL (REF_TERM_ID, CS_ID, MNEMONIC, CRT_USR_ID)  VALUES('caf7fd76-d92d-4e3f-a17c-9b35cb8a1cb6','986a9fee-5aca-4978-a2f6-4ca0902b891c','ORG', 'fadca076-3690-4a6e-af9e-f1cd68e8c7e8');
INSERT INTO REF_TERM_TBL (REF_TERM_ID, CS_ID, MNEMONIC, CRT_USR_ID)  VALUES('9c0a580e-0396-4e23-a2bf-12006e95e006','986a9fee-5aca-4978-a2f6-4ca0902b891c','STATE', 'fadca076-3690-4a6e-af9e-f1cd68e8c7e8');
INSERT INTO REF_TERM_TBL (REF_TERM_ID, CS_ID, MNEMONIC, CRT_USR_ID)  VALUES('5854e6a6-d581-42ad-91e8-16ef03c4070b','986a9fee-5aca-4978-a2f6-4ca0902b891c','PSN', 'fadca076-3690-4a6e-af9e-f1cd68e8c7e8');
INSERT INTO REF_TERM_TBL (REF_TERM_ID, CS_ID, MNEMONIC, CRT_USR_ID)  VALUES('f1a94de5-55e8-4f35-bde6-f043887b2ed7','986a9fee-5aca-4978-a2f6-4ca0902b891c','PLC', 'fadca076-3690-4a6e-af9e-f1cd68e8c7e8');
INSERT INTO REF_TERM_TBL (REF_TERM_ID, CS_ID, MNEMONIC, CRT_USR_ID)  VALUES('134b5597-e21a-4e98-8f44-97c5df2d4bd9','986a9fee-5aca-4978-a2f6-4ca0902b891c','ENT', 'fadca076-3690-4a6e-af9e-f1cd68e8c7e8');
INSERT INTO REF_TERM_TBL (REF_TERM_ID, CS_ID, MNEMONIC, CRT_USR_ID)  VALUES('87f88600-45fe-4cd6-be2f-d52c69a33a42','986a9fee-5aca-4978-a2f6-4ca0902b891c','HCE', 'fadca076-3690-4a6e-af9e-f1cd68e8c7e8');
INSERT INTO REF_TERM_TBL (REF_TERM_ID, CS_ID, MNEMONIC, CRT_USR_ID)  VALUES('b2f28b5c-2f30-453f-971c-e0c55a15b3f5','986a9fee-5aca-4978-a2f6-4ca0902b891c','LIV', 'fadca076-3690-4a6e-af9e-f1cd68e8c7e8');
INSERT INTO REF_TERM_TBL (REF_TERM_ID, CS_ID, MNEMONIC, CRT_USR_ID)  VALUES('a12235e5-2361-45c5-8e4a-ab5947d7354d','986a9fee-5aca-4978-a2f6-4ca0902b891c','NLIV', 'fadca076-3690-4a6e-af9e-f1cd68e8c7e8');
INSERT INTO REF_TERM_TBL (REF_TERM_ID, CS_ID, MNEMONIC, CRT_USR_ID)  VALUES('47a3eb04-9f55-44ee-abb8-920649ec70cc','986a9fee-5aca-4978-a2f6-4ca0902b891c','ANM', 'fadca076-3690-4a6e-af9e-f1cd68e8c7e8');
INSERT INTO REF_TERM_TBL (REF_TERM_ID, CS_ID, MNEMONIC, CRT_USR_ID)  VALUES('064be6eb-73c0-4df4-834b-5e40e4d8de55','986a9fee-5aca-4978-a2f6-4ca0902b891c','MIC', 'fadca076-3690-4a6e-af9e-f1cd68e8c7e8');
INSERT INTO REF_TERM_TBL (REF_TERM_ID, CS_ID, MNEMONIC, CRT_USR_ID)  VALUES('13b395a2-7f2c-42a8-bf32-234429ffb424','986a9fee-5aca-4978-a2f6-4ca0902b891c','PLNT', 'fadca076-3690-4a6e-af9e-f1cd68e8c7e8');
INSERT INTO REF_TERM_TBL (REF_TERM_ID, CS_ID, MNEMONIC, CRT_USR_ID)  VALUES('381eac72-38a6-4904-9e6d-a5dcd499ed72','986a9fee-5aca-4978-a2f6-4ca0902b891c','MAT', 'fadca076-3690-4a6e-af9e-f1cd68e8c7e8');
INSERT INTO REF_TERM_TBL (REF_TERM_ID, CS_ID, MNEMONIC, CRT_USR_ID)  VALUES('187d4148-d9d8-4a0f-b642-ce17dbd9b8a4','986a9fee-5aca-4978-a2f6-4ca0902b891c','CHEM', 'fadca076-3690-4a6e-af9e-f1cd68e8c7e8');
INSERT INTO REF_TERM_TBL (REF_TERM_ID, CS_ID, MNEMONIC, CRT_USR_ID)  VALUES('c0b026c0-e65f-47c8-8e05-2812a54516af','986a9fee-5aca-4978-a2f6-4ca0902b891c','FOOD', 'fadca076-3690-4a6e-af9e-f1cd68e8c7e8');
INSERT INTO REF_TERM_TBL (REF_TERM_ID, CS_ID, MNEMONIC, CRT_USR_ID)  VALUES('a1d6f704-6f54-4ccf-a189-385b9014b4a9','986a9fee-5aca-4978-a2f6-4ca0902b891c','HOLD', 'fadca076-3690-4a6e-af9e-f1cd68e8c7e8');
INSERT INTO REF_TERM_TBL (REF_TERM_ID, CS_ID, MNEMONIC, CRT_USR_ID)  VALUES('763f65ac-9735-403d-8826-2d974ac0b371','986a9fee-5aca-4978-a2f6-4ca0902b891c','CER', 'fadca076-3690-4a6e-af9e-f1cd68e8c7e8');
INSERT INTO REF_TERM_TBL (REF_TERM_ID, CS_ID, MNEMONIC, CRT_USR_ID)  VALUES('69bf72cc-d383-45c3-8335-eb8d709e8e58','986a9fee-5aca-4978-a2f6-4ca0902b891c','MODDV', 'fadca076-3690-4a6e-af9e-f1cd68e8c7e8');
INSERT INTO REF_TERM_TBL (REF_TERM_ID, CS_ID, MNEMONIC, CRT_USR_ID)  VALUES('a05812c1-137b-449c-ad42-ec079cd353da','986a9fee-5aca-4978-a2f6-4ca0902b891c','PUB', 'fadca076-3690-4a6e-af9e-f1cd68e8c7e8');
INSERT INTO REF_TERM_TBL (REF_TERM_ID, CS_ID, MNEMONIC, CRT_USR_ID)  VALUES('53d79a52-fd69-4e10-8a90-7244299ca595','986a9fee-5aca-4978-a2f6-4ca0902b891c','NAT', 'fadca076-3690-4a6e-af9e-f1cd68e8c7e8');
INSERT INTO REF_TERM_TBL (REF_TERM_ID, CS_ID, MNEMONIC, CRT_USR_ID)  VALUES('b7c9f62d-54db-4b6e-8e55-dec103d4aa75','986a9fee-5aca-4978-a2f6-4ca0902b891c','CITY', 'fadca076-3690-4a6e-af9e-f1cd68e8c7e8');
INSERT INTO REF_TERM_TBL (REF_TERM_ID, CS_ID, MNEMONIC, CRT_USR_ID)  VALUES('3fe3ebc2-d0e2-49ea-bd2e-28b4bc4982b1','986a9fee-5aca-4978-a2f6-4ca0902b891c','COUNTRY', 'fadca076-3690-4a6e-af9e-f1cd68e8c7e8');
INSERT INTO REF_TERM_TBL (REF_TERM_ID, CS_ID, MNEMONIC, CRT_USR_ID)  VALUES('78a9d9f6-b9c3-4ea7-8c74-2d689fca8f2a','986a9fee-5aca-4978-a2f6-4ca0902b891c','COUNTY', 'fadca076-3690-4a6e-af9e-f1cd68e8c7e8');
INSERT INTO REF_TERM_TBL (REF_TERM_ID, CS_ID, MNEMONIC, CRT_USR_ID)  VALUES('e9d0f10e-6a79-4104-b5fc-e9d21ef1f9fd','986a9fee-5aca-4978-a2f6-4ca0902b891c','PROVINCE', 'fadca076-3690-4a6e-af9e-f1cd68e8c7e8');
INSERT INTO REF_TERM_TBL (REF_TERM_ID, CS_ID, MNEMONIC, CRT_USR_ID)  VALUES('b8c01e74-19b1-4489-bd96-9e8c2ad44913','986a9fee-5aca-4978-a2f6-4ca0902b891c','RGRP', 'fadca076-3690-4a6e-af9e-f1cd68e8c7e8');
INSERT INTO REF_TERM_TBL (REF_TERM_ID, CS_ID, MNEMONIC, CRT_USR_ID)  VALUES('d5204acd-3bf5-46b3-9ca2-f4fe64034311','675987ce-ded2-43ff-8401-e124ffe82589','INSTANCE', 'fadca076-3690-4a6e-af9e-f1cd68e8c7e8');
INSERT INTO REF_TERM_TBL (REF_TERM_ID, CS_ID, MNEMONIC, CRT_USR_ID)  VALUES('25bc74a7-7ab1-4744-aedd-a08962d40021','675987ce-ded2-43ff-8401-e124ffe82589','KIND', 'fadca076-3690-4a6e-af9e-f1cd68e8c7e8');
INSERT INTO REF_TERM_TBL (REF_TERM_ID, CS_ID, MNEMONIC, CRT_USR_ID)  VALUES('22e3932d-2df5-4313-a6f5-9a47c65075b1','675987ce-ded2-43ff-8401-e124ffe82589','QUANTIFIED_KIND', 'fadca076-3690-4a6e-af9e-f1cd68e8c7e8');
INSERT INTO REF_TERM_TBL (REF_TERM_ID, CS_ID, MNEMONIC, CRT_USR_ID)  VALUES('f42287f1-c8a6-4586-a463-548e0e3ac3cc','eb9d55f8-3328-49a4-ba10-775c931d0a42','AUTHEN', 'fadca076-3690-4a6e-af9e-f1cd68e8c7e8');
INSERT INTO REF_TERM_TBL (REF_TERM_ID, CS_ID, MNEMONIC, CRT_USR_ID)  VALUES('c7358a21-d2cc-46d8-8fe9-87c794f72571','eb9d55f8-3328-49a4-ba10-775c931d0a42','AUT', 'fadca076-3690-4a6e-af9e-f1cd68e8c7e8');
INSERT INTO REF_TERM_TBL (REF_TERM_ID, CS_ID, MNEMONIC, CRT_USR_ID)  VALUES('a879a666-d7e3-423a-8592-dbe1ffe1ace3','eb9d55f8-3328-49a4-ba10-775c931d0a42','CSM', 'fadca076-3690-4a6e-af9e-f1cd68e8c7e8');
INSERT INTO REF_TERM_TBL (REF_TERM_ID, CS_ID, MNEMONIC, CRT_USR_ID)  VALUES('5251021f-38e2-4b9f-bf13-68460a24fc8f','eb9d55f8-3328-49a4-ba10-775c931d0a42','CST', 'fadca076-3690-4a6e-af9e-f1cd68e8c7e8');
INSERT INTO REF_TERM_TBL (REF_TERM_ID, CS_ID, MNEMONIC, CRT_USR_ID)  VALUES('9a0222c7-02a7-4734-9991-f3ff7dd6a47e','eb9d55f8-3328-49a4-ba10-775c931d0a42','ENT', 'fadca076-3690-4a6e-af9e-f1cd68e8c7e8');
INSERT INTO REF_TERM_TBL (REF_TERM_ID, CS_ID, MNEMONIC, CRT_USR_ID)  VALUES('11b99d82-95c7-4534-b22b-2201848e128b','eb9d55f8-3328-49a4-ba10-775c931d0a42','INF', 'fadca076-3690-4a6e-af9e-f1cd68e8c7e8');
INSERT INTO REF_TERM_TBL (REF_TERM_ID, CS_ID, MNEMONIC, CRT_USR_ID)  VALUES('ca2e5a2d-4c67-4249-a95a-db8c8be67523','eb9d55f8-3328-49a4-ba10-775c931d0a42','LA', 'fadca076-3690-4a6e-af9e-f1cd68e8c7e8');
INSERT INTO REF_TERM_TBL (REF_TERM_ID, CS_ID, MNEMONIC, CRT_USR_ID)  VALUES('1807ae4a-7d7e-4fb5-91d4-49e7841483f7','eb9d55f8-3328-49a4-ba10-775c931d0a42','PRF', 'fadca076-3690-4a6e-af9e-f1cd68e8c7e8');
INSERT INTO REF_TERM_TBL (REF_TERM_ID, CS_ID, MNEMONIC, CRT_USR_ID)  VALUES('a7462566-c30f-4b9b-8306-2244c2ce737f','eb9d55f8-3328-49a4-ba10-775c931d0a42','PRD', 'fadca076-3690-4a6e-af9e-f1cd68e8c7e8');
INSERT INTO REF_TERM_TBL (REF_TERM_ID, CS_ID, MNEMONIC, CRT_USR_ID)  VALUES('e8b20fdd-6ac7-4caa-9de5-9c93bf2ab33f','eb9d55f8-3328-49a4-ba10-775c931d0a42','RCT', 'fadca076-3690-4a6e-af9e-f1cd68e8c7e8');
INSERT INTO REF_TERM_TBL (REF_TERM_ID, CS_ID, MNEMONIC, CRT_USR_ID)  VALUES('d33bc7f5-4a41-429c-befa-cdb79452095b','eb9d55f8-3328-49a4-ba10-775c931d0a42','RESP', 'fadca076-3690-4a6e-af9e-f1cd68e8c7e8');
INSERT INTO REF_TERM_TBL (REF_TERM_ID, CS_ID, MNEMONIC, CRT_USR_ID)  VALUES('1cb6874e-51c9-4361-9747-c688f14475ff','eb9d55f8-3328-49a4-ba10-775c931d0a42','SPC', 'fadca076-3690-4a6e-af9e-f1cd68e8c7e8');
INSERT INTO REF_TERM_TBL (REF_TERM_ID, CS_ID, MNEMONIC, CRT_USR_ID)  VALUES('e4aae703-94a2-49e1-b923-c637e698c983','eb9d55f8-3328-49a4-ba10-775c931d0a42','LOC', 'fadca076-3690-4a6e-af9e-f1cd68e8c7e8');
INSERT INTO REF_TERM_TBL (REF_TERM_ID, CS_ID, MNEMONIC, CRT_USR_ID)  VALUES('42f9b574-a7a6-4bc8-ae71-c208a70365a6','eb9d55f8-3328-49a4-ba10-775c931d0a42','SBJ', 'fadca076-3690-4a6e-af9e-f1cd68e8c7e8');
INSERT INTO REF_TERM_TBL (REF_TERM_ID, CS_ID, MNEMONIC, CRT_USR_ID)  VALUES('2f18c510-1493-4764-b102-7881671586ed','eb9d55f8-3328-49a4-ba10-775c931d0a42','ADM', 'fadca076-3690-4a6e-af9e-f1cd68e8c7e8');
INSERT INTO REF_TERM_TBL (REF_TERM_ID, CS_ID, MNEMONIC, CRT_USR_ID)  VALUES('332f68b4-ab20-443d-a37d-f7d0ec5e44f5','eb9d55f8-3328-49a4-ba10-775c931d0a42','ATND', 'fadca076-3690-4a6e-af9e-f1cd68e8c7e8');
INSERT INTO REF_TERM_TBL (REF_TERM_ID, CS_ID, MNEMONIC, CRT_USR_ID)  VALUES('1827607d-80b0-4ea1-9cf5-a4e4d57ee02a','eb9d55f8-3328-49a4-ba10-775c931d0a42','CALLBCK', 'fadca076-3690-4a6e-af9e-f1cd68e8c7e8');
INSERT INTO REF_TERM_TBL (REF_TERM_ID, CS_ID, MNEMONIC, CRT_USR_ID)  VALUES('33d57233-b119-4925-8235-170e30060ed7','eb9d55f8-3328-49a4-ba10-775c931d0a42','CON', 'fadca076-3690-4a6e-af9e-f1cd68e8c7e8');
INSERT INTO REF_TERM_TBL (REF_TERM_ID, CS_ID, MNEMONIC, CRT_USR_ID)  VALUES('5f1b5be2-bcf7-40a8-bd4e-20ca20091c42','eb9d55f8-3328-49a4-ba10-775c931d0a42','DEV', 'fadca076-3690-4a6e-af9e-f1cd68e8c7e8');
INSERT INTO REF_TERM_TBL (REF_TERM_ID, CS_ID, MNEMONIC, CRT_USR_ID)  VALUES('7e5277ce-7d4c-4558-aa90-e0d7e00857e4','eb9d55f8-3328-49a4-ba10-775c931d0a42','DIR', 'fadca076-3690-4a6e-af9e-f1cd68e8c7e8');
INSERT INTO REF_TERM_TBL (REF_TERM_ID, CS_ID, MNEMONIC, CRT_USR_ID)  VALUES('85721308-da99-4d46-aaa3-054f4576f15e','eb9d55f8-3328-49a4-ba10-775c931d0a42','DIS', 'fadca076-3690-4a6e-af9e-f1cd68e8c7e8');
INSERT INTO REF_TERM_TBL (REF_TERM_ID, CS_ID, MNEMONIC, CRT_USR_ID)  VALUES('eaba31f4-f772-447d-8e67-082e64cdc64f','eb9d55f8-3328-49a4-ba10-775c931d0a42','ESC', 'fadca076-3690-4a6e-af9e-f1cd68e8c7e8');
INSERT INTO REF_TERM_TBL (REF_TERM_ID, CS_ID, MNEMONIC, CRT_USR_ID)  VALUES('854471f9-dc36-4a54-b880-497348e8825a','eb9d55f8-3328-49a4-ba10-775c931d0a42','EXPART', 'fadca076-3690-4a6e-af9e-f1cd68e8c7e8');
INSERT INTO REF_TERM_TBL (REF_TERM_ID, CS_ID, MNEMONIC, CRT_USR_ID)  VALUES('decb3f70-b32f-4294-88e0-e51c597083e4','eb9d55f8-3328-49a4-ba10-775c931d0a42','IND', 'fadca076-3690-4a6e-af9e-f1cd68e8c7e8');
INSERT INTO REF_TERM_TBL (REF_TERM_ID, CS_ID, MNEMONIC, CRT_USR_ID)  VALUES('7910c92f-e9f8-46e5-bc2f-3e3737f840ed','eb9d55f8-3328-49a4-ba10-775c931d0a42','IRCP', 'fadca076-3690-4a6e-af9e-f1cd68e8c7e8');
INSERT INTO REF_TERM_TBL (REF_TERM_ID, CS_ID, MNEMONIC, CRT_USR_ID)  VALUES('ee1645a8-1d36-4a6a-a0b0-f262a4b1dff3','eb9d55f8-3328-49a4-ba10-775c931d0a42','PART', 'fadca076-3690-4a6e-af9e-f1cd68e8c7e8');
INSERT INTO REF_TERM_TBL (REF_TERM_ID, CS_ID, MNEMONIC, CRT_USR_ID)  VALUES('d5977dd7-6ce5-4319-843d-870b83497029','eb9d55f8-3328-49a4-ba10-775c931d0a42','REF', 'fadca076-3690-4a6e-af9e-f1cd68e8c7e8');
INSERT INTO REF_TERM_TBL (REF_TERM_ID, CS_ID, MNEMONIC, CRT_USR_ID)  VALUES('6d6392ac-cc7b-4bcf-af2f-49534dbd4d63','eb9d55f8-3328-49a4-ba10-775c931d0a42','TRANS', 'fadca076-3690-4a6e-af9e-f1cd68e8c7e8');
INSERT INTO REF_TERM_TBL (REF_TERM_ID, CS_ID, MNEMONIC, CRT_USR_ID)  VALUES('4242797c-19a5-4ead-8987-54891b80ed26','eb9d55f8-3328-49a4-ba10-775c931d0a42','WIT', 'fadca076-3690-4a6e-af9e-f1cd68e8c7e8');
INSERT INTO REF_TERM_TBL (REF_TERM_ID, CS_ID, MNEMONIC, CRT_USR_ID)  VALUES('f7ce8e5b-aa68-4458-a8ec-25d2b7cb26fb','eb9d55f8-3328-49a4-ba10-775c931d0a42','BBY', 'fadca076-3690-4a6e-af9e-f1cd68e8c7e8');
INSERT INTO REF_TERM_TBL (REF_TERM_ID, CS_ID, MNEMONIC, CRT_USR_ID)  VALUES('e271da88-767b-4779-8534-4416029faed6','eb9d55f8-3328-49a4-ba10-775c931d0a42','NRD', 'fadca076-3690-4a6e-af9e-f1cd68e8c7e8');
INSERT INTO REF_TERM_TBL (REF_TERM_ID, CS_ID, MNEMONIC, CRT_USR_ID)  VALUES('95ecfb32-090b-40f8-b7d8-231525b4214f','eb9d55f8-3328-49a4-ba10-775c931d0a42','RDV', 'fadca076-3690-4a6e-af9e-f1cd68e8c7e8');
INSERT INTO REF_TERM_TBL (REF_TERM_ID, CS_ID, MNEMONIC, CRT_USR_ID)  VALUES('41e9042a-f8e0-4bc9-89cc-64fa7cb0db7d','eb9d55f8-3328-49a4-ba10-775c931d0a42','DON', 'fadca076-3690-4a6e-af9e-f1cd68e8c7e8');
INSERT INTO REF_TERM_TBL (REF_TERM_ID, CS_ID, MNEMONIC, CRT_USR_ID)  VALUES('278988c2-bec3-4ad1-98a9-f66a3a38f6c9','eb9d55f8-3328-49a4-ba10-775c931d0a42','EXPAGNT', 'fadca076-3690-4a6e-af9e-f1cd68e8c7e8');
INSERT INTO REF_TERM_TBL (REF_TERM_ID, CS_ID, MNEMONIC, CRT_USR_ID)  VALUES('cdd00b51-3223-49f8-b8e2-31f213addc87','eb9d55f8-3328-49a4-ba10-775c931d0a42','EXPTRGT', 'fadca076-3690-4a6e-af9e-f1cd68e8c7e8');
INSERT INTO REF_TERM_TBL (REF_TERM_ID, CS_ID, MNEMONIC, CRT_USR_ID)  VALUES('6779b1f1-4e45-4aab-a5dc-cc746e953d73','eb9d55f8-3328-49a4-ba10-775c931d0a42','EXSRC', 'fadca076-3690-4a6e-af9e-f1cd68e8c7e8');
INSERT INTO REF_TERM_TBL (REF_TERM_ID, CS_ID, MNEMONIC, CRT_USR_ID)  VALUES('0cf19f58-5bd8-4e54-a6ed-c261a3e0d322','eb9d55f8-3328-49a4-ba10-775c931d0a42','BEN', 'fadca076-3690-4a6e-af9e-f1cd68e8c7e8');
INSERT INTO REF_TERM_TBL (REF_TERM_ID, CS_ID, MNEMONIC, CRT_USR_ID)  VALUES('5eaafdf9-0d21-4074-9323-6ec92718dd84','eb9d55f8-3328-49a4-ba10-775c931d0a42','CAGNT', 'fadca076-3690-4a6e-af9e-f1cd68e8c7e8');
INSERT INTO REF_TERM_TBL (REF_TERM_ID, CS_ID, MNEMONIC, CRT_USR_ID)  VALUES('18490620-c230-4ae4-a0b3-b680c1984ff3','eb9d55f8-3328-49a4-ba10-775c931d0a42','COV', 'fadca076-3690-4a6e-af9e-f1cd68e8c7e8');
INSERT INTO REF_TERM_TBL (REF_TERM_ID, CS_ID, MNEMONIC, CRT_USR_ID)  VALUES('4c82cc9e-b292-48a4-91c7-dac3df5e547c','eb9d55f8-3328-49a4-ba10-775c931d0a42','GUAR', 'fadca076-3690-4a6e-af9e-f1cd68e8c7e8');
INSERT INTO REF_TERM_TBL (REF_TERM_ID, CS_ID, MNEMONIC, CRT_USR_ID)  VALUES('ca0124e4-dbd5-4756-a0bf-f7d84002570e','eb9d55f8-3328-49a4-ba10-775c931d0a42','HLD', 'fadca076-3690-4a6e-af9e-f1cd68e8c7e8');
INSERT INTO REF_TERM_TBL (REF_TERM_ID, CS_ID, MNEMONIC, CRT_USR_ID)  VALUES('bdf6fee7-efd1-445b-bfbc-ba192be966d3','eb9d55f8-3328-49a4-ba10-775c931d0a42','RCV', 'fadca076-3690-4a6e-af9e-f1cd68e8c7e8');
INSERT INTO REF_TERM_TBL (REF_TERM_ID, CS_ID, MNEMONIC, CRT_USR_ID)  VALUES('1edfe367-b9d1-4e9c-bb95-83df6e2c20bc','eb9d55f8-3328-49a4-ba10-775c931d0a42','NOT', 'fadca076-3690-4a6e-af9e-f1cd68e8c7e8');
INSERT INTO REF_TERM_TBL (REF_TERM_ID, CS_ID, MNEMONIC, CRT_USR_ID)  VALUES('8856afda-0386-47d3-82a8-5c3f2cef89c7','eb9d55f8-3328-49a4-ba10-775c931d0a42','PRCP', 'fadca076-3690-4a6e-af9e-f1cd68e8c7e8');
INSERT INTO REF_TERM_TBL (REF_TERM_ID, CS_ID, MNEMONIC, CRT_USR_ID)  VALUES('4734e169-33e1-484d-81a4-125acbb701d3','eb9d55f8-3328-49a4-ba10-775c931d0a42','REFB', 'fadca076-3690-4a6e-af9e-f1cd68e8c7e8');
INSERT INTO REF_TERM_TBL (REF_TERM_ID, CS_ID, MNEMONIC, CRT_USR_ID)  VALUES('d922fc47-1c04-49df-95bd-eb13305c315b','eb9d55f8-3328-49a4-ba10-775c931d0a42','REFT', 'fadca076-3690-4a6e-af9e-f1cd68e8c7e8');
INSERT INTO REF_TERM_TBL (REF_TERM_ID, CS_ID, MNEMONIC, CRT_USR_ID)  VALUES('d8fbaad0-effe-4fe6-a47b-30daa4b40ae4','eb9d55f8-3328-49a4-ba10-775c931d0a42','TRC', 'fadca076-3690-4a6e-af9e-f1cd68e8c7e8');
INSERT INTO REF_TERM_TBL (REF_TERM_ID, CS_ID, MNEMONIC, CRT_USR_ID)  VALUES('3e852956-ae73-4712-8e2e-c69735297ac1','eb9d55f8-3328-49a4-ba10-775c931d0a42','DST', 'fadca076-3690-4a6e-af9e-f1cd68e8c7e8');
INSERT INTO REF_TERM_TBL (REF_TERM_ID, CS_ID, MNEMONIC, CRT_USR_ID)  VALUES('7230b7e1-153d-4739-b8e6-30c9dafb3514','eb9d55f8-3328-49a4-ba10-775c931d0a42','ELOC', 'fadca076-3690-4a6e-af9e-f1cd68e8c7e8');
INSERT INTO REF_TERM_TBL (REF_TERM_ID, CS_ID, MNEMONIC, CRT_USR_ID)  VALUES('fba3674d-1a75-42bf-ac4f-a1d8e4591482','eb9d55f8-3328-49a4-ba10-775c931d0a42','ORG', 'fadca076-3690-4a6e-af9e-f1cd68e8c7e8');
INSERT INTO REF_TERM_TBL (REF_TERM_ID, CS_ID, MNEMONIC, CRT_USR_ID)  VALUES('4b40a86a-356f-483c-88d5-0eb6f5029930','eb9d55f8-3328-49a4-ba10-775c931d0a42','RML', 'fadca076-3690-4a6e-af9e-f1cd68e8c7e8');
INSERT INTO REF_TERM_TBL (REF_TERM_ID, CS_ID, MNEMONIC, CRT_USR_ID)  VALUES('fb4ec5be-1e2d-44aa-baa6-171dbec94fc3','eb9d55f8-3328-49a4-ba10-775c931d0a42','VIA', 'fadca076-3690-4a6e-af9e-f1cd68e8c7e8');
INSERT INTO REF_TERM_TBL (REF_TERM_ID, CS_ID, MNEMONIC, CRT_USR_ID)  VALUES('864e68b3-c143-4b87-b408-56a258289dec','eb9d55f8-3328-49a4-ba10-775c931d0a42','DIST', 'fadca076-3690-4a6e-af9e-f1cd68e8c7e8');
INSERT INTO REF_TERM_TBL (REF_TERM_ID, CS_ID, MNEMONIC, CRT_USR_ID)  VALUES('ad0cc2e5-a1b0-4f00-8a06-933b1960d333','eb9d55f8-3328-49a4-ba10-775c931d0a42','PPRF', 'fadca076-3690-4a6e-af9e-f1cd68e8c7e8');
INSERT INTO REF_TERM_TBL (REF_TERM_ID, CS_ID, MNEMONIC, CRT_USR_ID)  VALUES('2a5db073-202e-4421-9207-60608da4c859','eb9d55f8-3328-49a4-ba10-775c931d0a42','SPRF', 'fadca076-3690-4a6e-af9e-f1cd68e8c7e8');
INSERT INTO REF_TERM_TBL (REF_TERM_ID, CS_ID, MNEMONIC, CRT_USR_ID)  VALUES('67c0ef65-3ff8-4af2-b8f1-6ea961b67906','eb9d55f8-3328-49a4-ba10-775c931d0a42','VRF', 'fadca076-3690-4a6e-af9e-f1cd68e8c7e8');
INSERT INTO REF_TERM_TBL (REF_TERM_ID, CS_ID, MNEMONIC, CRT_USR_ID)  VALUES('e643f60a-8967-47d8-894e-44b231dbee8e','02823b47-c315-4366-8883-442e646d34be','CIRCLE', 'fadca076-3690-4a6e-af9e-f1cd68e8c7e8');
INSERT INTO REF_TERM_TBL (REF_TERM_ID, CS_ID, MNEMONIC, CRT_USR_ID)  VALUES('3d772089-587a-4c93-b7ee-aa43c4fc0985','02823b47-c315-4366-8883-442e646d34be','ELLIPSE', 'fadca076-3690-4a6e-af9e-f1cd68e8c7e8');
INSERT INTO REF_TERM_TBL (REF_TERM_ID, CS_ID, MNEMONIC, CRT_USR_ID)  VALUES('86379a68-fd81-4567-b2cd-8b57d4035c03','02823b47-c315-4366-8883-442e646d34be','POINT', 'fadca076-3690-4a6e-af9e-f1cd68e8c7e8');
INSERT INTO REF_TERM_TBL (REF_TERM_ID, CS_ID, MNEMONIC, CRT_USR_ID)  VALUES('1318f9be-9571-464c-8eb7-96177b4e7fb9','02823b47-c315-4366-8883-442e646d34be','POLY', 'fadca076-3690-4a6e-af9e-f1cd68e8c7e8');
INSERT INTO REF_TERM_TBL (REF_TERM_ID, CS_ID, MNEMONIC, CRT_USR_ID)  VALUES('8b3b575a-eba2-454b-a087-805f5083b048','ff12d77b-625d-497a-8794-c3726942b113','ASSIGNED', 'fadca076-3690-4a6e-af9e-f1cd68e8c7e8');
INSERT INTO REF_TERM_TBL (REF_TERM_ID, CS_ID, MNEMONIC, CRT_USR_ID)  VALUES('8936fd76-58bd-42e8-9bf2-21fe275531b8','ff12d77b-625d-497a-8794-c3726942b113','CON', 'fadca076-3690-4a6e-af9e-f1cd68e8c7e8');
INSERT INTO REF_TERM_TBL (REF_TERM_ID, CS_ID, MNEMONIC, CRT_USR_ID)  VALUES('e2c9f647-eb48-4270-a7b8-77c1ae858bb0','ff12d77b-625d-497a-8794-c3726942b113','AFFL', 'fadca076-3690-4a6e-af9e-f1cd68e8c7e8');
INSERT INTO REF_TERM_TBL (REF_TERM_ID, CS_ID, MNEMONIC, CRT_USR_ID)  VALUES('1ecadba0-3665-414c-8566-54e5ea9de11c','ff12d77b-625d-497a-8794-c3726942b113','AGNT', 'fadca076-3690-4a6e-af9e-f1cd68e8c7e8');
INSERT INTO REF_TERM_TBL (REF_TERM_ID, CS_ID, MNEMONIC, CRT_USR_ID)  VALUES('9a6b3c58-e387-4d87-bc10-545eae914484','ff12d77b-625d-497a-8794-c3726942b113','COMPAR', 'fadca076-3690-4a6e-af9e-f1cd68e8c7e8');
INSERT INTO REF_TERM_TBL (REF_TERM_ID, CS_ID, MNEMONIC, CRT_USR_ID)  VALUES('c57da98d-d22a-449b-b0fa-315e52676275','ff12d77b-625d-497a-8794-c3726942b113','SGNOFF', 'fadca076-3690-4a6e-af9e-f1cd68e8c7e8');
INSERT INTO REF_TERM_TBL (REF_TERM_ID, CS_ID, MNEMONIC, CRT_USR_ID)  VALUES('3f8b819a-5920-4315-a8dd-d6ae323999ac','ff12d77b-625d-497a-8794-c3726942b113','ECON', 'fadca076-3690-4a6e-af9e-f1cd68e8c7e8');
INSERT INTO REF_TERM_TBL (REF_TERM_ID, CS_ID, MNEMONIC, CRT_USR_ID)  VALUES('f0d2e84a-e637-490c-9ed7-d65d411d7c86','ff12d77b-625d-497a-8794-c3726942b113','NOK', 'fadca076-3690-4a6e-af9e-f1cd68e8c7e8');
INSERT INTO REF_TERM_TBL (REF_TERM_ID, CS_ID, MNEMONIC, CRT_USR_ID)  VALUES('fa067e46-55b3-4b1e-909e-a8464dc77c64','ff12d77b-625d-497a-8794-c3726942b113','GUARD', 'fadca076-3690-4a6e-af9e-f1cd68e8c7e8');
INSERT INTO REF_TERM_TBL (REF_TERM_ID, CS_ID, MNEMONIC, CRT_USR_ID)  VALUES('110695e0-f60a-4327-9ecd-e2462abaae67','ff12d77b-625d-497a-8794-c3726942b113','CIT', 'fadca076-3690-4a6e-af9e-f1cd68e8c7e8');
INSERT INTO REF_TERM_TBL (REF_TERM_ID, CS_ID, MNEMONIC, CRT_USR_ID)  VALUES('6ca03348-fb5f-42ba-a6cf-d453b36fcc94','ff12d77b-625d-497a-8794-c3726942b113','COVPTY', 'fadca076-3690-4a6e-af9e-f1cd68e8c7e8');
INSERT INTO REF_TERM_TBL (REF_TERM_ID, CS_ID, MNEMONIC, CRT_USR_ID)  VALUES('e0ff836c-ebee-4c08-9baf-fda73e900f4e','ff12d77b-625d-497a-8794-c3726942b113','CLAIM', 'fadca076-3690-4a6e-af9e-f1cd68e8c7e8');
INSERT INTO REF_TERM_TBL (REF_TERM_ID, CS_ID, MNEMONIC, CRT_USR_ID)  VALUES('fca0dda5-f132-4b2a-8b05-1feca58272c9','ff12d77b-625d-497a-8794-c3726942b113','NAMED', 'fadca076-3690-4a6e-af9e-f1cd68e8c7e8');
INSERT INTO REF_TERM_TBL (REF_TERM_ID, CS_ID, MNEMONIC, CRT_USR_ID)  VALUES('0a4e2112-0d7e-40a0-8b77-b3b5dfac6c87','ff12d77b-625d-497a-8794-c3726942b113','DEPEN', 'fadca076-3690-4a6e-af9e-f1cd68e8c7e8');
INSERT INTO REF_TERM_TBL (REF_TERM_ID, CS_ID, MNEMONIC, CRT_USR_ID)  VALUES('342d57bc-87df-475d-85e3-04690e9901a0','ff12d77b-625d-497a-8794-c3726942b113','INDIV', 'fadca076-3690-4a6e-af9e-f1cd68e8c7e8');
INSERT INTO REF_TERM_TBL (REF_TERM_ID, CS_ID, MNEMONIC, CRT_USR_ID)  VALUES('662aa4be-a671-43ab-86fb-9ec88d87b07f','ff12d77b-625d-497a-8794-c3726942b113','SUBSCR', 'fadca076-3690-4a6e-af9e-f1cd68e8c7e8');
INSERT INTO REF_TERM_TBL (REF_TERM_ID, CS_ID, MNEMONIC, CRT_USR_ID)  VALUES('8bed4875-70f5-4301-b65e-55bb54ea6b93','ff12d77b-625d-497a-8794-c3726942b113','PROG', 'fadca076-3690-4a6e-af9e-f1cd68e8c7e8');
INSERT INTO REF_TERM_TBL (REF_TERM_ID, CS_ID, MNEMONIC, CRT_USR_ID)  VALUES('90ef33da-42bf-402a-803c-5d8d366fe3a7','ff12d77b-625d-497a-8794-c3726942b113','CRINV', 'fadca076-3690-4a6e-af9e-f1cd68e8c7e8');
INSERT INTO REF_TERM_TBL (REF_TERM_ID, CS_ID, MNEMONIC, CRT_USR_ID)  VALUES('c1f895d2-ef88-42cc-91c5-4ab2c80e0700','ff12d77b-625d-497a-8794-c3726942b113','CRSPNSR', 'fadca076-3690-4a6e-af9e-f1cd68e8c7e8');
INSERT INTO REF_TERM_TBL (REF_TERM_ID, CS_ID, MNEMONIC, CRT_USR_ID)  VALUES('ee215548-b8c6-4b63-b47b-da29c4e23b5e','ff12d77b-625d-497a-8794-c3726942b113','EMP', 'fadca076-3690-4a6e-af9e-f1cd68e8c7e8');
INSERT INTO REF_TERM_TBL (REF_TERM_ID, CS_ID, MNEMONIC, CRT_USR_ID)  VALUES('eb49a695-72b7-4a36-a64a-9a2560068f14','ff12d77b-625d-497a-8794-c3726942b113','MIL', 'fadca076-3690-4a6e-af9e-f1cd68e8c7e8');
INSERT INTO REF_TERM_TBL (REF_TERM_ID, CS_ID, MNEMONIC, CRT_USR_ID)  VALUES('ccc12c7d-9f2b-450e-a29b-441c6262b1a2','ff12d77b-625d-497a-8794-c3726942b113','GUAR', 'fadca076-3690-4a6e-af9e-f1cd68e8c7e8');
INSERT INTO REF_TERM_TBL (REF_TERM_ID, CS_ID, MNEMONIC, CRT_USR_ID)  VALUES('d39e3305-f1b5-4340-a611-3a50423d3fe0','ff12d77b-625d-497a-8794-c3726942b113','INVSBJ', 'fadca076-3690-4a6e-af9e-f1cd68e8c7e8');
INSERT INTO REF_TERM_TBL (REF_TERM_ID, CS_ID, MNEMONIC, CRT_USR_ID)  VALUES('ccfbf201-de03-40ee-8739-4f0f32b2b7c1','ff12d77b-625d-497a-8794-c3726942b113','CASEBJ', 'fadca076-3690-4a6e-af9e-f1cd68e8c7e8');
INSERT INTO REF_TERM_TBL (REF_TERM_ID, CS_ID, MNEMONIC, CRT_USR_ID)  VALUES('2ec3092d-0090-421e-b01f-37fea0805f7e','ff12d77b-625d-497a-8794-c3726942b113','RESBJ', 'fadca076-3690-4a6e-af9e-f1cd68e8c7e8');
INSERT INTO REF_TERM_TBL (REF_TERM_ID, CS_ID, MNEMONIC, CRT_USR_ID)  VALUES('14b79963-aff8-46a8-98f3-065bd572b4d2','ff12d77b-625d-497a-8794-c3726942b113','LIC', 'fadca076-3690-4a6e-af9e-f1cd68e8c7e8');
INSERT INTO REF_TERM_TBL (REF_TERM_ID, CS_ID, MNEMONIC, CRT_USR_ID)  VALUES('38f6b214-ed35-4233-a262-71dd30e4a826','ff12d77b-625d-497a-8794-c3726942b113','NOT', 'fadca076-3690-4a6e-af9e-f1cd68e8c7e8');
INSERT INTO REF_TERM_TBL (REF_TERM_ID, CS_ID, MNEMONIC, CRT_USR_ID)  VALUES('6d4886c2-86a8-40b6-ac0a-46aeead4d060','ff12d77b-625d-497a-8794-c3726942b113','PROV', 'fadca076-3690-4a6e-af9e-f1cd68e8c7e8');
INSERT INTO REF_TERM_TBL (REF_TERM_ID, CS_ID, MNEMONIC, CRT_USR_ID)  VALUES('266cdd72-5657-44f8-8109-432a43e368f4','ff12d77b-625d-497a-8794-c3726942b113','PAT', 'fadca076-3690-4a6e-af9e-f1cd68e8c7e8');
INSERT INTO REF_TERM_TBL (REF_TERM_ID, CS_ID, MNEMONIC, CRT_USR_ID)  VALUES('85788bcc-c03c-4a29-8847-954f0c5988f2','ff12d77b-625d-497a-8794-c3726942b113','PAYEE', 'fadca076-3690-4a6e-af9e-f1cd68e8c7e8');
INSERT INTO REF_TERM_TBL (REF_TERM_ID, CS_ID, MNEMONIC, CRT_USR_ID)  VALUES('0a37a1c5-0265-4579-a252-b040601905c0','ff12d77b-625d-497a-8794-c3726942b113','PAYOR', 'fadca076-3690-4a6e-af9e-f1cd68e8c7e8');
INSERT INTO REF_TERM_TBL (REF_TERM_ID, CS_ID, MNEMONIC, CRT_USR_ID)  VALUES('9299a99f-f92d-4af8-aac9-f1f14868a31a','ff12d77b-625d-497a-8794-c3726942b113','POLHOLD', 'fadca076-3690-4a6e-af9e-f1cd68e8c7e8');
INSERT INTO REF_TERM_TBL (REF_TERM_ID, CS_ID, MNEMONIC, CRT_USR_ID)  VALUES('4fd0f42e-45ae-49b9-bf0e-b8f1817aaac4','ff12d77b-625d-497a-8794-c3726942b113','QUAL', 'fadca076-3690-4a6e-af9e-f1cd68e8c7e8');
INSERT INTO REF_TERM_TBL (REF_TERM_ID, CS_ID, MNEMONIC, CRT_USR_ID)  VALUES('0daf6c3e-5801-45d3-8792-eb8b1d172889','ff12d77b-625d-497a-8794-c3726942b113','SPNSR', 'fadca076-3690-4a6e-af9e-f1cd68e8c7e8');
INSERT INTO REF_TERM_TBL (REF_TERM_ID, CS_ID, MNEMONIC, CRT_USR_ID)  VALUES('fb832e06-e0fc-482c-a063-bc238f20802d','ff12d77b-625d-497a-8794-c3726942b113','STD', 'fadca076-3690-4a6e-af9e-f1cd68e8c7e8');
INSERT INTO REF_TERM_TBL (REF_TERM_ID, CS_ID, MNEMONIC, CRT_USR_ID)  VALUES('284d75fc-7779-439f-8d7a-27a2537d688f','ff12d77b-625d-497a-8794-c3726942b113','UNDWRT', 'fadca076-3690-4a6e-af9e-f1cd68e8c7e8');
INSERT INTO REF_TERM_TBL (REF_TERM_ID, CS_ID, MNEMONIC, CRT_USR_ID)  VALUES('b30eb677-1dd2-4dd4-8d93-03104c814c44','ff12d77b-625d-497a-8794-c3726942b113','ACCESS', 'fadca076-3690-4a6e-af9e-f1cd68e8c7e8');
INSERT INTO REF_TERM_TBL (REF_TERM_ID, CS_ID, MNEMONIC, CRT_USR_ID)  VALUES('ba25f207-2539-4758-826f-94e18cd982ad','ff12d77b-625d-497a-8794-c3726942b113','ADMM', 'fadca076-3690-4a6e-af9e-f1cd68e8c7e8');
INSERT INTO REF_TERM_TBL (REF_TERM_ID, CS_ID, MNEMONIC, CRT_USR_ID)  VALUES('5ad438fb-96ea-49b6-8c2b-e4f8b19ae895','ff12d77b-625d-497a-8794-c3726942b113','BIRTHPL', 'fadca076-3690-4a6e-af9e-f1cd68e8c7e8');
INSERT INTO REF_TERM_TBL (REF_TERM_ID, CS_ID, MNEMONIC, CRT_USR_ID)  VALUES('9ef1cd8c-1c7c-41f3-8f91-36bde9313507','ff12d77b-625d-497a-8794-c3726942b113','CAREGIVER', 'fadca076-3690-4a6e-af9e-f1cd68e8c7e8');
INSERT INTO REF_TERM_TBL (REF_TERM_ID, CS_ID, MNEMONIC, CRT_USR_ID)  VALUES('7a02741e-a1cd-4a78-8e2c-d77be33ba8f0','ff12d77b-625d-497a-8794-c3726942b113','DEATHPLC', 'fadca076-3690-4a6e-af9e-f1cd68e8c7e8');
INSERT INTO REF_TERM_TBL (REF_TERM_ID, CS_ID, MNEMONIC, CRT_USR_ID)  VALUES('4be4ad81-0ac1-478b-b6d4-bcfb9ab822c0','ff12d77b-625d-497a-8794-c3726942b113','DST', 'fadca076-3690-4a6e-af9e-f1cd68e8c7e8');
INSERT INTO REF_TERM_TBL (REF_TERM_ID, CS_ID, MNEMONIC, CRT_USR_ID)  VALUES('c1787d5e-f168-48bf-9589-894b7813aa07','ff12d77b-625d-497a-8794-c3726942b113','RET', 'fadca076-3690-4a6e-af9e-f1cd68e8c7e8');
INSERT INTO REF_TERM_TBL (REF_TERM_ID, CS_ID, MNEMONIC, CRT_USR_ID)  VALUES('bbaacea3-9283-4d90-9f2c-6a6f32976858','ff12d77b-625d-497a-8794-c3726942b113','EXPR', 'fadca076-3690-4a6e-af9e-f1cd68e8c7e8');
INSERT INTO REF_TERM_TBL (REF_TERM_ID, CS_ID, MNEMONIC, CRT_USR_ID)  VALUES('c070096f-6011-495e-9887-377221165dc7','ff12d77b-625d-497a-8794-c3726942b113','HLD', 'fadca076-3690-4a6e-af9e-f1cd68e8c7e8');
INSERT INTO REF_TERM_TBL (REF_TERM_ID, CS_ID, MNEMONIC, CRT_USR_ID)  VALUES('6385e2a7-8a69-4420-bb4b-5b8ad3243e8b','ff12d77b-625d-497a-8794-c3726942b113','HLTHCHRT', 'fadca076-3690-4a6e-af9e-f1cd68e8c7e8');
INSERT INTO REF_TERM_TBL (REF_TERM_ID, CS_ID, MNEMONIC, CRT_USR_ID)  VALUES('778a328d-ce87-4897-b46b-d563c968b944','ff12d77b-625d-497a-8794-c3726942b113','IDENT', 'fadca076-3690-4a6e-af9e-f1cd68e8c7e8');
INSERT INTO REF_TERM_TBL (REF_TERM_ID, CS_ID, MNEMONIC, CRT_USR_ID)  VALUES('548a1fad-f5d5-4162-94a4-641d1885bb0e','ff12d77b-625d-497a-8794-c3726942b113','MANU', 'fadca076-3690-4a6e-af9e-f1cd68e8c7e8');
INSERT INTO REF_TERM_TBL (REF_TERM_ID, CS_ID, MNEMONIC, CRT_USR_ID)  VALUES('5cb86675-ade9-4c22-8ff7-071a8550a957','ff12d77b-625d-497a-8794-c3726942b113','THER', 'fadca076-3690-4a6e-af9e-f1cd68e8c7e8');
INSERT INTO REF_TERM_TBL (REF_TERM_ID, CS_ID, MNEMONIC, CRT_USR_ID)  VALUES('c9796abf-f537-4b07-ab02-476c1948f2b8','ff12d77b-625d-497a-8794-c3726942b113','MNT', 'fadca076-3690-4a6e-af9e-f1cd68e8c7e8');
INSERT INTO REF_TERM_TBL (REF_TERM_ID, CS_ID, MNEMONIC, CRT_USR_ID)  VALUES('5286d9b4-4b77-4154-a3eb-cf40cd51f26c','ff12d77b-625d-497a-8794-c3726942b113','OWN', 'fadca076-3690-4a6e-af9e-f1cd68e8c7e8');
INSERT INTO REF_TERM_TBL (REF_TERM_ID, CS_ID, MNEMONIC, CRT_USR_ID)  VALUES('ae48ba4f-a9ac-4f9b-bfa6-78d7921012fe','ff12d77b-625d-497a-8794-c3726942b113','PRS', 'fadca076-3690-4a6e-af9e-f1cd68e8c7e8');
INSERT INTO REF_TERM_TBL (REF_TERM_ID, CS_ID, MNEMONIC, CRT_USR_ID)  VALUES('9d7e751c-7169-4dc5-9d90-7c1d9b2643fa','ff12d77b-625d-497a-8794-c3726942b113','RGPR', 'fadca076-3690-4a6e-af9e-f1cd68e8c7e8');
INSERT INTO REF_TERM_TBL (REF_TERM_ID, CS_ID, MNEMONIC, CRT_USR_ID)  VALUES('4e7add04-ad21-4ae7-bccc-0a6424bd4701','ff12d77b-625d-497a-8794-c3726942b113','SDLOC', 'fadca076-3690-4a6e-af9e-f1cd68e8c7e8');
INSERT INTO REF_TERM_TBL (REF_TERM_ID, CS_ID, MNEMONIC, CRT_USR_ID)  VALUES('93863719-f048-4000-92d0-4d9fcb3a32f7','ff12d77b-625d-497a-8794-c3726942b113','DSDLOC', 'fadca076-3690-4a6e-af9e-f1cd68e8c7e8');
INSERT INTO REF_TERM_TBL (REF_TERM_ID, CS_ID, MNEMONIC, CRT_USR_ID)  VALUES('872c2705-a17d-4ec4-b2ae-039b76a292a2','ff12d77b-625d-497a-8794-c3726942b113','ISDLOC', 'fadca076-3690-4a6e-af9e-f1cd68e8c7e8');
INSERT INTO REF_TERM_TBL (REF_TERM_ID, CS_ID, MNEMONIC, CRT_USR_ID)  VALUES('ed52ddd0-98e3-4b35-9136-8bbad2e4dab1','ff12d77b-625d-497a-8794-c3726942b113','TERR', 'fadca076-3690-4a6e-af9e-f1cd68e8c7e8');
INSERT INTO REF_TERM_TBL (REF_TERM_ID, CS_ID, MNEMONIC, CRT_USR_ID)  VALUES('0349d8ab-d5ea-43b8-9d04-92c24cfa04d4','ff12d77b-625d-497a-8794-c3726942b113','USED', 'fadca076-3690-4a6e-af9e-f1cd68e8c7e8');
INSERT INTO REF_TERM_TBL (REF_TERM_ID, CS_ID, MNEMONIC, CRT_USR_ID)  VALUES('8160f62b-732f-434f-be24-dd5ff96c4ed3','ff12d77b-625d-497a-8794-c3726942b113','WRTE', 'fadca076-3690-4a6e-af9e-f1cd68e8c7e8');
INSERT INTO REF_TERM_TBL (REF_TERM_ID, CS_ID, MNEMONIC, CRT_USR_ID)  VALUES('ca290ed0-330c-49e7-a644-3e52728cfc0f','ff12d77b-625d-497a-8794-c3726942b113','PART', 'fadca076-3690-4a6e-af9e-f1cd68e8c7e8');
INSERT INTO REF_TERM_TBL (REF_TERM_ID, CS_ID, MNEMONIC, CRT_USR_ID)  VALUES('9cc5465d-8617-4595-ab40-b3c2776451fd','ff12d77b-625d-497a-8794-c3726942b113','ACTM', 'fadca076-3690-4a6e-af9e-f1cd68e8c7e8');
INSERT INTO REF_TERM_TBL (REF_TERM_ID, CS_ID, MNEMONIC, CRT_USR_ID)  VALUES('5414f742-0854-4a0b-838d-772272fbbf1b','ff12d77b-625d-497a-8794-c3726942b113','SPEC', 'fadca076-3690-4a6e-af9e-f1cd68e8c7e8');
INSERT INTO REF_TERM_TBL (REF_TERM_ID, CS_ID, MNEMONIC, CRT_USR_ID)  VALUES('2092fce9-9396-4651-81d6-e3a8a28a60d3','ff12d77b-625d-497a-8794-c3726942b113','ALQT', 'fadca076-3690-4a6e-af9e-f1cd68e8c7e8');
INSERT INTO REF_TERM_TBL (REF_TERM_ID, CS_ID, MNEMONIC, CRT_USR_ID)  VALUES('45d889e4-655c-46f4-9b9f-697bed99a221','ff12d77b-625d-497a-8794-c3726942b113','ISLT', 'fadca076-3690-4a6e-af9e-f1cd68e8c7e8');
INSERT INTO REF_TERM_TBL (REF_TERM_ID, CS_ID, MNEMONIC, CRT_USR_ID)  VALUES('f7abb63f-2f58-4d3b-834c-0687fd07c401','bab1d66a-1e98-4bfd-9b4a-7c4be88f35d1','ACCM', 'fadca076-3690-4a6e-af9e-f1cd68e8c7e8');
INSERT INTO REF_TERM_TBL (REF_TERM_ID, CS_ID, MNEMONIC, CRT_USR_ID)  VALUES('81607aae-ece1-4bba-8cb3-d2a9f5d35067','bab1d66a-1e98-4bfd-9b4a-7c4be88f35d1','ACT', 'fadca076-3690-4a6e-af9e-f1cd68e8c7e8');
INSERT INTO REF_TERM_TBL (REF_TERM_ID, CS_ID, MNEMONIC, CRT_USR_ID)  VALUES('099ba749-979d-4ea1-a6fb-6b3253a25062','bab1d66a-1e98-4bfd-9b4a-7c4be88f35d1','CTTEVENT', 'fadca076-3690-4a6e-af9e-f1cd68e8c7e8');
INSERT INTO REF_TERM_TBL (REF_TERM_ID, CS_ID, MNEMONIC, CRT_USR_ID)  VALUES('7d2cc381-306c-4d05-8644-e5781e9bcc9e','bab1d66a-1e98-4bfd-9b4a-7c4be88f35d1','INC', 'fadca076-3690-4a6e-af9e-f1cd68e8c7e8');
INSERT INTO REF_TERM_TBL (REF_TERM_ID, CS_ID, MNEMONIC, CRT_USR_ID)  VALUES('60d10daa-0f02-47d9-847d-abbfd07742df','bab1d66a-1e98-4bfd-9b4a-7c4be88f35d1','INFRM', 'fadca076-3690-4a6e-af9e-f1cd68e8c7e8');
INSERT INTO REF_TERM_TBL (REF_TERM_ID, CS_ID, MNEMONIC, CRT_USR_ID)  VALUES('51b3ea54-7f54-4700-a9cd-69c2478d2e49','bab1d66a-1e98-4bfd-9b4a-7c4be88f35d1','PCPR', 'fadca076-3690-4a6e-af9e-f1cd68e8c7e8');
INSERT INTO REF_TERM_TBL (REF_TERM_ID, CS_ID, MNEMONIC, CRT_USR_ID)  VALUES('e6422955-2c7d-4f32-a8e5-4e824f7bec4f','bab1d66a-1e98-4bfd-9b4a-7c4be88f35d1','REG', 'fadca076-3690-4a6e-af9e-f1cd68e8c7e8');
INSERT INTO REF_TERM_TBL (REF_TERM_ID, CS_ID, MNEMONIC, CRT_USR_ID)  VALUES('7784d6b7-218b-42c9-a767-186f070ba1c6','bab1d66a-1e98-4bfd-9b4a-7c4be88f35d1','SPCTRT', 'fadca076-3690-4a6e-af9e-f1cd68e8c7e8');
INSERT INTO REF_TERM_TBL (REF_TERM_ID, CS_ID, MNEMONIC, CRT_USR_ID)  VALUES('a9513fcc-4cf0-498c-87ab-2c55d29fc01d','bab1d66a-1e98-4bfd-9b4a-7c4be88f35d1','TRNS', 'fadca076-3690-4a6e-af9e-f1cd68e8c7e8');
INSERT INTO REF_TERM_TBL (REF_TERM_ID, CS_ID, MNEMONIC, CRT_USR_ID)  VALUES('79e22c9a-3549-4fa0-b172-5c8b14f971a7','bab1d66a-1e98-4bfd-9b4a-7c4be88f35d1','BATTERY', 'fadca076-3690-4a6e-af9e-f1cd68e8c7e8');
INSERT INTO REF_TERM_TBL (REF_TERM_ID, CS_ID, MNEMONIC, CRT_USR_ID)  VALUES('e25859df-e131-4763-ab36-30f8a9b2d792','bab1d66a-1e98-4bfd-9b4a-7c4be88f35d1','CLUSTER', 'fadca076-3690-4a6e-af9e-f1cd68e8c7e8');
INSERT INTO REF_TERM_TBL (REF_TERM_ID, CS_ID, MNEMONIC, CRT_USR_ID)  VALUES('67207706-263c-4c71-958a-e96b0a9aaa3d','bde8358f-7f9f-46e0-b326-3491429c2183','DEF', 'fadca076-3690-4a6e-af9e-f1cd68e8c7e8');
INSERT INTO REF_TERM_TBL (REF_TERM_ID, CS_ID, MNEMONIC, CRT_USR_ID)  VALUES('9c8b956b-ceac-49a7-bcd3-ea8a8b111b72','bde8358f-7f9f-46e0-b326-3491429c2183','GOL', 'fadca076-3690-4a6e-af9e-f1cd68e8c7e8');
INSERT INTO REF_TERM_TBL (REF_TERM_ID, CS_ID, MNEMONIC, CRT_USR_ID)  VALUES('ccb14398-0b75-40f4-b3f3-c7af49ef1518','bde8358f-7f9f-46e0-b326-3491429c2183','INT', 'fadca076-3690-4a6e-af9e-f1cd68e8c7e8');
INSERT INTO REF_TERM_TBL (REF_TERM_ID, CS_ID, MNEMONIC, CRT_USR_ID)  VALUES('d3d31050-5616-4271-baa9-75c1e7b61e7b','bde8358f-7f9f-46e0-b326-3491429c2183','PRMS', 'fadca076-3690-4a6e-af9e-f1cd68e8c7e8');
INSERT INTO REF_TERM_TBL (REF_TERM_ID, CS_ID, MNEMONIC, CRT_USR_ID)  VALUES('bd98202d-48a2-4a29-b6ab-2bf2be5479f7','bde8358f-7f9f-46e0-b326-3491429c2183','PRP', 'fadca076-3690-4a6e-af9e-f1cd68e8c7e8');
INSERT INTO REF_TERM_TBL (REF_TERM_ID, CS_ID, MNEMONIC, CRT_USR_ID)  VALUES('ee5b963f-6aac-452a-bd2e-aba28630240f','92104605-20dc-42f9-9cde-acef7fb19ef0','APND', 'fadca076-3690-4a6e-af9e-f1cd68e8c7e8');
INSERT INTO REF_TERM_TBL (REF_TERM_ID, CS_ID, MNEMONIC, CRT_USR_ID)  VALUES('221f6952-7635-4466-8276-cd93b83159e7','92104605-20dc-42f9-9cde-acef7fb19ef0','RPLC', 'fadca076-3690-4a6e-af9e-f1cd68e8c7e8');
INSERT INTO REF_TERM_TBL (REF_TERM_ID, CS_ID, MNEMONIC, CRT_USR_ID)  VALUES('c62e8129-f15d-4de8-b58e-8ba1ae9126e9','92104605-20dc-42f9-9cde-acef7fb19ef0','XFRM', 'fadca076-3690-4a6e-af9e-f1cd68e8c7e8');
INSERT INTO REF_TERM_TBL (REF_TERM_ID, CS_ID, MNEMONIC, CRT_USR_ID)  VALUES('1f250c4f-0442-48b5-aaee-db711531536a','92104605-20dc-42f9-9cde-acef7fb19ef0','DRIV', 'fadca076-3690-4a6e-af9e-f1cd68e8c7e8');
INSERT INTO REF_TERM_TBL (REF_TERM_ID, CS_ID, MNEMONIC, CRT_USR_ID)  VALUES('abf031be-7c1d-42fc-872d-0d6e37e91442','92104605-20dc-42f9-9cde-acef7fb19ef0','CAUS', 'fadca076-3690-4a6e-af9e-f1cd68e8c7e8');
INSERT INTO REF_TERM_TBL (REF_TERM_ID, CS_ID, MNEMONIC, CRT_USR_ID)  VALUES('a87084fd-a552-4a87-b756-171654198d87','92104605-20dc-42f9-9cde-acef7fb19ef0','GEVL', 'fadca076-3690-4a6e-af9e-f1cd68e8c7e8');
INSERT INTO REF_TERM_TBL (REF_TERM_ID, CS_ID, MNEMONIC, CRT_USR_ID)  VALUES('c1ea1b70-37d8-4f71-98e7-237ab0386b4f','92104605-20dc-42f9-9cde-acef7fb19ef0','MFST', 'fadca076-3690-4a6e-af9e-f1cd68e8c7e8');
INSERT INTO REF_TERM_TBL (REF_TERM_ID, CS_ID, MNEMONIC, CRT_USR_ID)  VALUES('dc6423f4-88a4-4f91-b4fe-e7843dced168','92104605-20dc-42f9-9cde-acef7fb19ef0','REFR', 'fadca076-3690-4a6e-af9e-f1cd68e8c7e8');
INSERT INTO REF_TERM_TBL (REF_TERM_ID, CS_ID, MNEMONIC, CRT_USR_ID)  VALUES('6d3c7931-e873-47b7-9de7-2dea769e08a2','92104605-20dc-42f9-9cde-acef7fb19ef0','RSON', 'fadca076-3690-4a6e-af9e-f1cd68e8c7e8');
INSERT INTO REF_TERM_TBL (REF_TERM_ID, CS_ID, MNEMONIC, CRT_USR_ID)  VALUES('f453d868-844e-4d65-ad77-0c6c15ea7291','92104605-20dc-42f9-9cde-acef7fb19ef0','SAS', 'fadca076-3690-4a6e-af9e-f1cd68e8c7e8');
INSERT INTO REF_TERM_TBL (REF_TERM_ID, CS_ID, MNEMONIC, CRT_USR_ID)  VALUES('8a65c531-b4dd-43cc-9c55-e064d07533ce','92104605-20dc-42f9-9cde-acef7fb19ef0','SPRT', 'fadca076-3690-4a6e-af9e-f1cd68e8c7e8');
INSERT INTO REF_TERM_TBL (REF_TERM_ID, CS_ID, MNEMONIC, CRT_USR_ID)  VALUES('9ae7e874-5c64-4867-8c84-c63ee5599b9c','92104605-20dc-42f9-9cde-acef7fb19ef0','SUBJ', 'fadca076-3690-4a6e-af9e-f1cd68e8c7e8');
INSERT INTO REF_TERM_TBL (REF_TERM_ID, CS_ID, MNEMONIC, CRT_USR_ID)  VALUES('060d431f-ba54-4312-a5d8-bb3bcefa1dd1','92104605-20dc-42f9-9cde-acef7fb19ef0','XCRPT', 'fadca076-3690-4a6e-af9e-f1cd68e8c7e8');
INSERT INTO REF_TERM_TBL (REF_TERM_ID, CS_ID, MNEMONIC, CRT_USR_ID)  VALUES('ee66d7f2-4f2e-471d-a032-142f8f6c08e4','92104605-20dc-42f9-9cde-acef7fb19ef0','ELNK', 'fadca076-3690-4a6e-af9e-f1cd68e8c7e8');
INSERT INTO REF_TERM_TBL (REF_TERM_ID, CS_ID, MNEMONIC, CRT_USR_ID)  VALUES('a5fc7cb9-e77d-4a32-85d5-0089f5b87978','bde8358f-7f9f-46e0-b326-3491429c2183','APT', 'fadca076-3690-4a6e-af9e-f1cd68e8c7e8');
INSERT INTO REF_TERM_TBL (REF_TERM_ID, CS_ID, MNEMONIC, CRT_USR_ID)  VALUES('1419b157-af85-447f-a490-0d5b95dbd6cc','bde8358f-7f9f-46e0-b326-3491429c2183','ARQ', 'fadca076-3690-4a6e-af9e-f1cd68e8c7e8');
INSERT INTO REF_TERM_TBL (REF_TERM_ID, CS_ID, MNEMONIC, CRT_USR_ID)  VALUES('8d03dbb0-69e0-43cc-82fd-ad39e9154a2e','02823b47-c315-4366-8883-442e646d34be','AA', 'fadca076-3690-4a6e-af9e-f1cd68e8c7e8');
INSERT INTO REF_TERM_TBL (REF_TERM_ID, CS_ID, MNEMONIC, CRT_USR_ID)  VALUES('ebc2299c-2e0c-49f2-bacb-56284e0086dd','02823b47-c315-4366-8883-442e646d34be','ANF', 'fadca076-3690-4a6e-af9e-f1cd68e8c7e8');
INSERT INTO REF_TERM_TBL (REF_TERM_ID, CS_ID, MNEMONIC, CRT_USR_ID)  VALUES('fe521c73-4e74-4d5a-a35d-0c51d404b3aa','02823b47-c315-4366-8883-442e646d34be','AR', 'fadca076-3690-4a6e-af9e-f1cd68e8c7e8');
INSERT INTO REF_TERM_TBL (REF_TERM_ID, CS_ID, MNEMONIC, CRT_USR_ID)  VALUES('c6e0672a-7872-4a0b-abca-12f6c512cea5','02823b47-c315-4366-8883-442e646d34be','AS', 'fadca076-3690-4a6e-af9e-f1cd68e8c7e8');
INSERT INTO REF_TERM_TBL (REF_TERM_ID, CS_ID, MNEMONIC, CRT_USR_ID)  VALUES('04d1a312-46ae-46ab-ab2a-d10998fd91cc','02823b47-c315-4366-8883-442e646d34be','DISPLAY', 'fadca076-3690-4a6e-af9e-f1cd68e8c7e8');
INSERT INTO REF_TERM_TBL (REF_TERM_ID, CS_ID, MNEMONIC, CRT_USR_ID)  VALUES('29a3310f-e0fb-4ed9-a262-06a7d60f14d4','02823b47-c315-4366-8883-442e646d34be','FORM', 'fadca076-3690-4a6e-af9e-f1cd68e8c7e8');
INSERT INTO REF_TERM_TBL (REF_TERM_ID, CS_ID, MNEMONIC, CRT_USR_ID)  VALUES('dd2d9f32-71a1-415b-bde1-ed38cd92dec7','02823b47-c315-4366-8883-442e646d34be','AUTOPOL', 'fadca076-3690-4a6e-af9e-f1cd68e8c7e8');
INSERT INTO REF_TERM_TBL (REF_TERM_ID, CS_ID, MNEMONIC, CRT_USR_ID)  VALUES('197ac8d7-ce96-4d6d-adf6-514e5ce5c551','02823b47-c315-4366-8883-442e646d34be','CANPRG', 'fadca076-3690-4a6e-af9e-f1cd68e8c7e8');
INSERT INTO REF_TERM_TBL (REF_TERM_ID, CS_ID, MNEMONIC, CRT_USR_ID)  VALUES('ac512be2-ee9b-4be8-a77d-81907fefe6f8','02823b47-c315-4366-8883-442e646d34be','COL', 'fadca076-3690-4a6e-af9e-f1cd68e8c7e8');
INSERT INTO REF_TERM_TBL (REF_TERM_ID, CS_ID, MNEMONIC, CRT_USR_ID)  VALUES('6d2fc3dc-401b-4dc9-92aa-f2223abd4ede','02823b47-c315-4366-8883-442e646d34be','DENTPRG', 'fadca076-3690-4a6e-af9e-f1cd68e8c7e8');
INSERT INTO REF_TERM_TBL (REF_TERM_ID, CS_ID, MNEMONIC, CRT_USR_ID)  VALUES('53f71a94-b2bc-4b09-b9b9-6c0f5c006438','02823b47-c315-4366-8883-442e646d34be','EHCPOL', 'fadca076-3690-4a6e-af9e-f1cd68e8c7e8');
INSERT INTO REF_TERM_TBL (REF_TERM_ID, CS_ID, MNEMONIC, CRT_USR_ID)  VALUES('f765cd10-ab36-4baa-9241-8ff9c54f8cc4','02823b47-c315-4366-8883-442e646d34be','ENDRENAL', 'fadca076-3690-4a6e-af9e-f1cd68e8c7e8');
INSERT INTO REF_TERM_TBL (REF_TERM_ID, CS_ID, MNEMONIC, CRT_USR_ID)  VALUES('18d8648c-09c1-461e-81a5-82d1aedfed8b','02823b47-c315-4366-8883-442e646d34be','HIVAIDS', 'fadca076-3690-4a6e-af9e-f1cd68e8c7e8');
INSERT INTO REF_TERM_TBL (REF_TERM_ID, CS_ID, MNEMONIC, CRT_USR_ID)  VALUES('8da500d6-a896-47e0-801d-9b25c0c021c7','02823b47-c315-4366-8883-442e646d34be','HSAPOL', 'fadca076-3690-4a6e-af9e-f1cd68e8c7e8');
INSERT INTO REF_TERM_TBL (REF_TERM_ID, CS_ID, MNEMONIC, CRT_USR_ID)  VALUES('f6155c7a-b295-4e94-b2b7-45c01f0de1a6','02823b47-c315-4366-8883-442e646d34be','MANDPOL', 'fadca076-3690-4a6e-af9e-f1cd68e8c7e8');
INSERT INTO REF_TERM_TBL (REF_TERM_ID, CS_ID, MNEMONIC, CRT_USR_ID)  VALUES('202a7cec-87c2-4d71-8ad8-e781b25e1504','02823b47-c315-4366-8883-442e646d34be','MENTPRG', 'fadca076-3690-4a6e-af9e-f1cd68e8c7e8');
INSERT INTO REF_TERM_TBL (REF_TERM_ID, CS_ID, MNEMONIC, CRT_USR_ID)  VALUES('42e2d90d-abe8-40de-bf90-0a2f6153a855','02823b47-c315-4366-8883-442e646d34be','PUBLICPOL', 'fadca076-3690-4a6e-af9e-f1cd68e8c7e8');
INSERT INTO REF_TERM_TBL (REF_TERM_ID, CS_ID, MNEMONIC, CRT_USR_ID)  VALUES('a350c94b-5980-4c1f-8363-8664898c895d','02823b47-c315-4366-8883-442e646d34be','SAFNET', 'fadca076-3690-4a6e-af9e-f1cd68e8c7e8');
INSERT INTO REF_TERM_TBL (REF_TERM_ID, CS_ID, MNEMONIC, CRT_USR_ID)  VALUES('177f4c88-ea90-4401-8b96-e3b66f3d45f9','02823b47-c315-4366-8883-442e646d34be','SUBPRG', 'fadca076-3690-4a6e-af9e-f1cd68e8c7e8');
INSERT INTO REF_TERM_TBL (REF_TERM_ID, CS_ID, MNEMONIC, CRT_USR_ID)  VALUES('fb8fe134-f4a5-462b-9dc0-2d87589249ce','02823b47-c315-4366-8883-442e646d34be','SUBSIDIZ', 'fadca076-3690-4a6e-af9e-f1cd68e8c7e8');
INSERT INTO REF_TERM_TBL (REF_TERM_ID, CS_ID, MNEMONIC, CRT_USR_ID)  VALUES('58b32723-e2a4-4531-8df5-3800b653389c','02823b47-c315-4366-8883-442e646d34be','SUBSIDMC', 'fadca076-3690-4a6e-af9e-f1cd68e8c7e8');
INSERT INTO REF_TERM_TBL (REF_TERM_ID, CS_ID, MNEMONIC, CRT_USR_ID)  VALUES('77b1ee28-3918-43fc-b3e9-28ec6a7f1d2f','02823b47-c315-4366-8883-442e646d34be','SUBSUPP', 'fadca076-3690-4a6e-af9e-f1cd68e8c7e8');
INSERT INTO REF_TERM_TBL (REF_TERM_ID, CS_ID, MNEMONIC, CRT_USR_ID)  VALUES('7af06377-1a5b-4737-8e02-0c3855471086','02823b47-c315-4366-8883-442e646d34be','UNINSMOT', 'fadca076-3690-4a6e-af9e-f1cd68e8c7e8');
INSERT INTO REF_TERM_TBL (REF_TERM_ID, CS_ID, MNEMONIC, CRT_USR_ID)  VALUES('89c2bb65-45cb-4f04-82a7-ac16e2b3d547','02823b47-c315-4366-8883-442e646d34be','WCBPOL', 'fadca076-3690-4a6e-af9e-f1cd68e8c7e8');
INSERT INTO REF_TERM_TBL (REF_TERM_ID, CS_ID, MNEMONIC, CRT_USR_ID)  VALUES('9a76d8a7-3a4e-4b54-9242-bd0456b95cbe','02823b47-c315-4366-8883-442e646d34be','FST', 'fadca076-3690-4a6e-af9e-f1cd68e8c7e8');
INSERT INTO REF_TERM_TBL (REF_TERM_ID, CS_ID, MNEMONIC, CRT_USR_ID)  VALUES('afc0155b-d2a7-4257-ade1-ba2b2071c231','02823b47-c315-4366-8883-442e646d34be','HST', 'fadca076-3690-4a6e-af9e-f1cd68e8c7e8');
INSERT INTO REF_TERM_TBL (REF_TERM_ID, CS_ID, MNEMONIC, CRT_USR_ID)  VALUES('7903d460-1339-4c44-8017-c3191f14f664','02823b47-c315-4366-8883-442e646d34be','PST', 'fadca076-3690-4a6e-af9e-f1cd68e8c7e8');
INSERT INTO REF_TERM_TBL (REF_TERM_ID, CS_ID, MNEMONIC, CRT_USR_ID)  VALUES('a4468ec4-243a-42d7-aebc-4d4908ece836','02823b47-c315-4366-8883-442e646d34be','ADNFPPELAT', 'fadca076-3690-4a6e-af9e-f1cd68e8c7e8');
INSERT INTO REF_TERM_TBL (REF_TERM_ID, CS_ID, MNEMONIC, CRT_USR_ID)  VALUES('71e2b1dc-52f7-4154-8836-636818bd3eb5','02823b47-c315-4366-8883-442e646d34be','ADNFPPELCT', 'fadca076-3690-4a6e-af9e-f1cd68e8c7e8');
INSERT INTO REF_TERM_TBL (REF_TERM_ID, CS_ID, MNEMONIC, CRT_USR_ID)  VALUES('742fa676-159d-488a-9398-113d2fd4e5fd','02823b47-c315-4366-8883-442e646d34be','ADNFPPMNAT', 'fadca076-3690-4a6e-af9e-f1cd68e8c7e8');
INSERT INTO REF_TERM_TBL (REF_TERM_ID, CS_ID, MNEMONIC, CRT_USR_ID)  VALUES('08e38be3-619d-4947-8bde-d79026cf0511','02823b47-c315-4366-8883-442e646d34be','ADNFPPMNCT', 'fadca076-3690-4a6e-af9e-f1cd68e8c7e8');
INSERT INTO REF_TERM_TBL (REF_TERM_ID, CS_ID, MNEMONIC, CRT_USR_ID)  VALUES('a7003d5c-40a4-454a-8fab-b6884b8c0abe','02823b47-c315-4366-8883-442e646d34be','ADNFSPELAT', 'fadca076-3690-4a6e-af9e-f1cd68e8c7e8');
INSERT INTO REF_TERM_TBL (REF_TERM_ID, CS_ID, MNEMONIC, CRT_USR_ID)  VALUES('5df735aa-b467-4a19-8ac9-52fedbb964d1','02823b47-c315-4366-8883-442e646d34be','ADNFSPELCT', 'fadca076-3690-4a6e-af9e-f1cd68e8c7e8');
INSERT INTO REF_TERM_TBL (REF_TERM_ID, CS_ID, MNEMONIC, CRT_USR_ID)  VALUES('0d8fb68a-566e-4c68-b893-893ed8b4a737','02823b47-c315-4366-8883-442e646d34be','ADNFSPMNAT', 'fadca076-3690-4a6e-af9e-f1cd68e8c7e8');
INSERT INTO REF_TERM_TBL (REF_TERM_ID, CS_ID, MNEMONIC, CRT_USR_ID)  VALUES('305ac977-4630-4120-a558-909acf65e5d3','02823b47-c315-4366-8883-442e646d34be','ADNFSPMNCT', 'fadca076-3690-4a6e-af9e-f1cd68e8c7e8');
INSERT INTO REF_TERM_TBL (REF_TERM_ID, CS_ID, MNEMONIC, CRT_USR_ID)  VALUES('33c3da27-f665-40f1-b510-667600259efc','02823b47-c315-4366-8883-442e646d34be','ADNPPPELAT', 'fadca076-3690-4a6e-af9e-f1cd68e8c7e8');
INSERT INTO REF_TERM_TBL (REF_TERM_ID, CS_ID, MNEMONIC, CRT_USR_ID)  VALUES('b74d1bcc-3dd5-4160-9dbb-5fa8d2ca0694','02823b47-c315-4366-8883-442e646d34be','ADNPPPELCT', 'fadca076-3690-4a6e-af9e-f1cd68e8c7e8');
INSERT INTO REF_TERM_TBL (REF_TERM_ID, CS_ID, MNEMONIC, CRT_USR_ID)  VALUES('e51dbd55-21a7-4bf4-80d8-9c5dbcc1d332','02823b47-c315-4366-8883-442e646d34be','ADNPPPMNAT', 'fadca076-3690-4a6e-af9e-f1cd68e8c7e8');
INSERT INTO REF_TERM_TBL (REF_TERM_ID, CS_ID, MNEMONIC, CRT_USR_ID)  VALUES('1d549605-2811-4a5a-a0eb-c8789910dd2f','02823b47-c315-4366-8883-442e646d34be','ADNPPPMNCT', 'fadca076-3690-4a6e-af9e-f1cd68e8c7e8');
INSERT INTO REF_TERM_TBL (REF_TERM_ID, CS_ID, MNEMONIC, CRT_USR_ID)  VALUES('9a0aee14-03b0-42a6-90fa-4347776349f6','02823b47-c315-4366-8883-442e646d34be','ADNPSPELAT', 'fadca076-3690-4a6e-af9e-f1cd68e8c7e8');
INSERT INTO REF_TERM_TBL (REF_TERM_ID, CS_ID, MNEMONIC, CRT_USR_ID)  VALUES('5a2f6675-71a4-460b-b3fc-b868f06552d7','02823b47-c315-4366-8883-442e646d34be','ADNPSPELCT', 'fadca076-3690-4a6e-af9e-f1cd68e8c7e8');
INSERT INTO REF_TERM_TBL (REF_TERM_ID, CS_ID, MNEMONIC, CRT_USR_ID)  VALUES('ef835147-74c2-40ac-8dfa-32c7153a15a8','02823b47-c315-4366-8883-442e646d34be','ADNPSPMNAT', 'fadca076-3690-4a6e-af9e-f1cd68e8c7e8');
INSERT INTO REF_TERM_TBL (REF_TERM_ID, CS_ID, MNEMONIC, CRT_USR_ID)  VALUES('79a23f40-ef70-48a1-9068-86577b465c29','02823b47-c315-4366-8883-442e646d34be','ADNPSPMNCT', 'fadca076-3690-4a6e-af9e-f1cd68e8c7e8');
INSERT INTO REF_TERM_TBL (REF_TERM_ID, CS_ID, MNEMONIC, CRT_USR_ID)  VALUES('e0f13a43-1708-4ade-9edd-791b05397a53','02823b47-c315-4366-8883-442e646d34be','ADPPPPELAT', 'fadca076-3690-4a6e-af9e-f1cd68e8c7e8');
INSERT INTO REF_TERM_TBL (REF_TERM_ID, CS_ID, MNEMONIC, CRT_USR_ID)  VALUES('eb8a75e4-3092-4cd9-9394-805f8aa9d51d','02823b47-c315-4366-8883-442e646d34be','ADPPPPELCT', 'fadca076-3690-4a6e-af9e-f1cd68e8c7e8');
INSERT INTO REF_TERM_TBL (REF_TERM_ID, CS_ID, MNEMONIC, CRT_USR_ID)  VALUES('b7ddc7e7-514c-4f4c-90c9-6edd65628612','02823b47-c315-4366-8883-442e646d34be','ADPPPPMNAT', 'fadca076-3690-4a6e-af9e-f1cd68e8c7e8');
INSERT INTO REF_TERM_TBL (REF_TERM_ID, CS_ID, MNEMONIC, CRT_USR_ID)  VALUES('1c3f5e09-cce9-4af8-acef-3f6aebe6cf34','02823b47-c315-4366-8883-442e646d34be','ADPPPPMNCT', 'fadca076-3690-4a6e-af9e-f1cd68e8c7e8');
INSERT INTO REF_TERM_TBL (REF_TERM_ID, CS_ID, MNEMONIC, CRT_USR_ID)  VALUES('a8e2b4de-57fd-486d-b808-d4e4808ba20d','02823b47-c315-4366-8883-442e646d34be','ADPPSPELAT', 'fadca076-3690-4a6e-af9e-f1cd68e8c7e8');
INSERT INTO REF_TERM_TBL (REF_TERM_ID, CS_ID, MNEMONIC, CRT_USR_ID)  VALUES('10d57feb-dac4-4daf-beac-08b86f8ee700','02823b47-c315-4366-8883-442e646d34be','ADPPSPELCT', 'fadca076-3690-4a6e-af9e-f1cd68e8c7e8');
INSERT INTO REF_TERM_TBL (REF_TERM_ID, CS_ID, MNEMONIC, CRT_USR_ID)  VALUES('71d4756a-8c63-40ea-8581-61dba54aa484','02823b47-c315-4366-8883-442e646d34be','ADPPSPMNAT', 'fadca076-3690-4a6e-af9e-f1cd68e8c7e8');
INSERT INTO REF_TERM_TBL (REF_TERM_ID, CS_ID, MNEMONIC, CRT_USR_ID)  VALUES('8a1ea4f9-f710-4b24-8210-1bcea5815330','02823b47-c315-4366-8883-442e646d34be','ADPPSPMNCT', 'fadca076-3690-4a6e-af9e-f1cd68e8c7e8');
INSERT INTO REF_TERM_TBL (REF_TERM_ID, CS_ID, MNEMONIC, CRT_USR_ID)  VALUES('26f284dc-2035-4ebb-aed8-8d531054cae9','02823b47-c315-4366-8883-442e646d34be','ADRFPPELAT', 'fadca076-3690-4a6e-af9e-f1cd68e8c7e8');
INSERT INTO REF_TERM_TBL (REF_TERM_ID, CS_ID, MNEMONIC, CRT_USR_ID)  VALUES('85b16ac4-cd58-4a3a-89e6-2017b18783df','02823b47-c315-4366-8883-442e646d34be','ADRFPPELCT', 'fadca076-3690-4a6e-af9e-f1cd68e8c7e8');
INSERT INTO REF_TERM_TBL (REF_TERM_ID, CS_ID, MNEMONIC, CRT_USR_ID)  VALUES('8ee3e76f-ec2c-4b46-b8ce-5c2d1be58fbf','02823b47-c315-4366-8883-442e646d34be','ADRFPPMNAT', 'fadca076-3690-4a6e-af9e-f1cd68e8c7e8');
INSERT INTO REF_TERM_TBL (REF_TERM_ID, CS_ID, MNEMONIC, CRT_USR_ID)  VALUES('0f24fe4c-1e7a-4a91-95ce-9be09638c2a5','02823b47-c315-4366-8883-442e646d34be','ADRFPPMNCT', 'fadca076-3690-4a6e-af9e-f1cd68e8c7e8');
INSERT INTO REF_TERM_TBL (REF_TERM_ID, CS_ID, MNEMONIC, CRT_USR_ID)  VALUES('16ab7fd0-677d-4266-ab10-b33c24f43e19','02823b47-c315-4366-8883-442e646d34be','ADRFSPELAT', 'fadca076-3690-4a6e-af9e-f1cd68e8c7e8');
INSERT INTO REF_TERM_TBL (REF_TERM_ID, CS_ID, MNEMONIC, CRT_USR_ID)  VALUES('0dfd6724-6311-4abe-b876-53daa2275ac1','02823b47-c315-4366-8883-442e646d34be','ADRFSPELCT', 'fadca076-3690-4a6e-af9e-f1cd68e8c7e8');
INSERT INTO REF_TERM_TBL (REF_TERM_ID, CS_ID, MNEMONIC, CRT_USR_ID)  VALUES('eb958c4a-3342-41fc-83db-1916ae8d870e','02823b47-c315-4366-8883-442e646d34be','ADRFSPMNAT', 'fadca076-3690-4a6e-af9e-f1cd68e8c7e8');
INSERT INTO REF_TERM_TBL (REF_TERM_ID, CS_ID, MNEMONIC, CRT_USR_ID)  VALUES('8068508d-9ebc-45bf-a535-3d31952e0ee9','02823b47-c315-4366-8883-442e646d34be','ADRFSPMNCT', 'fadca076-3690-4a6e-af9e-f1cd68e8c7e8');
INSERT INTO REF_TERM_TBL (REF_TERM_ID, CS_ID, MNEMONIC, CRT_USR_ID)  VALUES('2269e3e9-b9c7-436d-9a6d-c0ee4fe0a4ff','02823b47-c315-4366-8883-442e646d34be','PDNFPPELAT', 'fadca076-3690-4a6e-af9e-f1cd68e8c7e8');
INSERT INTO REF_TERM_TBL (REF_TERM_ID, CS_ID, MNEMONIC, CRT_USR_ID)  VALUES('18a78998-bf3f-43ec-8437-12cfc3132972','02823b47-c315-4366-8883-442e646d34be','PDNFPPELCT', 'fadca076-3690-4a6e-af9e-f1cd68e8c7e8');
INSERT INTO REF_TERM_TBL (REF_TERM_ID, CS_ID, MNEMONIC, CRT_USR_ID)  VALUES('30eadccb-e3da-4239-87e8-cee633ccaf61','02823b47-c315-4366-8883-442e646d34be','PDNFPPMNAT', 'fadca076-3690-4a6e-af9e-f1cd68e8c7e8');
INSERT INTO REF_TERM_TBL (REF_TERM_ID, CS_ID, MNEMONIC, CRT_USR_ID)  VALUES('ee0ca467-5d42-485d-9952-25a20df854f4','02823b47-c315-4366-8883-442e646d34be','PDNFPPMNCT', 'fadca076-3690-4a6e-af9e-f1cd68e8c7e8');
INSERT INTO REF_TERM_TBL (REF_TERM_ID, CS_ID, MNEMONIC, CRT_USR_ID)  VALUES('b1d34568-5b4e-4f74-9b4c-f7463e229c47','02823b47-c315-4366-8883-442e646d34be','PDNFSPELAT', 'fadca076-3690-4a6e-af9e-f1cd68e8c7e8');
INSERT INTO REF_TERM_TBL (REF_TERM_ID, CS_ID, MNEMONIC, CRT_USR_ID)  VALUES('21b24bdc-ec46-4bb3-aae5-44be6e3a748c','02823b47-c315-4366-8883-442e646d34be','PDNFSPELCT', 'fadca076-3690-4a6e-af9e-f1cd68e8c7e8');
INSERT INTO REF_TERM_TBL (REF_TERM_ID, CS_ID, MNEMONIC, CRT_USR_ID)  VALUES('8015f29f-a0b6-43c5-9c78-dfa4cf416cbb','02823b47-c315-4366-8883-442e646d34be','PDNFSPMNAT', 'fadca076-3690-4a6e-af9e-f1cd68e8c7e8');
INSERT INTO REF_TERM_TBL (REF_TERM_ID, CS_ID, MNEMONIC, CRT_USR_ID)  VALUES('6306d725-8031-40fc-8e14-0b5a01030b6d','02823b47-c315-4366-8883-442e646d34be','PDNFSPMNCT', 'fadca076-3690-4a6e-af9e-f1cd68e8c7e8');
INSERT INTO REF_TERM_TBL (REF_TERM_ID, CS_ID, MNEMONIC, CRT_USR_ID)  VALUES('46128966-be6b-470b-8299-0e7cd67dca06','02823b47-c315-4366-8883-442e646d34be','PDNPPPELAT', 'fadca076-3690-4a6e-af9e-f1cd68e8c7e8');
INSERT INTO REF_TERM_TBL (REF_TERM_ID, CS_ID, MNEMONIC, CRT_USR_ID)  VALUES('1368f02a-c2f4-4175-aa48-a3806eca662c','02823b47-c315-4366-8883-442e646d34be','PDNPPPELCT', 'fadca076-3690-4a6e-af9e-f1cd68e8c7e8');
INSERT INTO REF_TERM_TBL (REF_TERM_ID, CS_ID, MNEMONIC, CRT_USR_ID)  VALUES('ae18e981-257a-44a1-81a4-6e15b240bd96','02823b47-c315-4366-8883-442e646d34be','PDNPPPMNAT', 'fadca076-3690-4a6e-af9e-f1cd68e8c7e8');
INSERT INTO REF_TERM_TBL (REF_TERM_ID, CS_ID, MNEMONIC, CRT_USR_ID)  VALUES('b7b73d4d-60e7-4668-b0e2-31b547a8e3ff','02823b47-c315-4366-8883-442e646d34be','PDNPPPMNCT', 'fadca076-3690-4a6e-af9e-f1cd68e8c7e8');
INSERT INTO REF_TERM_TBL (REF_TERM_ID, CS_ID, MNEMONIC, CRT_USR_ID)  VALUES('acb6cb87-e297-489a-9f0a-8e71dfa8e06b','02823b47-c315-4366-8883-442e646d34be','PDNPSPELAT', 'fadca076-3690-4a6e-af9e-f1cd68e8c7e8');
INSERT INTO REF_TERM_TBL (REF_TERM_ID, CS_ID, MNEMONIC, CRT_USR_ID)  VALUES('a5b80ee4-db62-45dc-b61d-fc56bbd66f85','02823b47-c315-4366-8883-442e646d34be','PDNPSPELCT', 'fadca076-3690-4a6e-af9e-f1cd68e8c7e8');
INSERT INTO REF_TERM_TBL (REF_TERM_ID, CS_ID, MNEMONIC, CRT_USR_ID)  VALUES('10b3d1ad-c77b-4222-bae7-12c846afc462','02823b47-c315-4366-8883-442e646d34be','PDNPSPMNAT', 'fadca076-3690-4a6e-af9e-f1cd68e8c7e8');
INSERT INTO REF_TERM_TBL (REF_TERM_ID, CS_ID, MNEMONIC, CRT_USR_ID)  VALUES('ed766984-b95f-4812-affa-66bfd47ce023','02823b47-c315-4366-8883-442e646d34be','PDNPSPMNCT', 'fadca076-3690-4a6e-af9e-f1cd68e8c7e8');
INSERT INTO REF_TERM_TBL (REF_TERM_ID, CS_ID, MNEMONIC, CRT_USR_ID)  VALUES('e23688f8-0eb2-4e5c-84a9-8db838301574','02823b47-c315-4366-8883-442e646d34be','PDPPPPELAT', 'fadca076-3690-4a6e-af9e-f1cd68e8c7e8');
INSERT INTO REF_TERM_TBL (REF_TERM_ID, CS_ID, MNEMONIC, CRT_USR_ID)  VALUES('4e53b94a-9212-4bc5-a341-914ad879c6ee','02823b47-c315-4366-8883-442e646d34be','PDPPPPELCT', 'fadca076-3690-4a6e-af9e-f1cd68e8c7e8');
INSERT INTO REF_TERM_TBL (REF_TERM_ID, CS_ID, MNEMONIC, CRT_USR_ID)  VALUES('f5f76984-b678-4316-81f9-57cf7e857453','02823b47-c315-4366-8883-442e646d34be','PDPPPPMNAT', 'fadca076-3690-4a6e-af9e-f1cd68e8c7e8');
INSERT INTO REF_TERM_TBL (REF_TERM_ID, CS_ID, MNEMONIC, CRT_USR_ID)  VALUES('93563fa3-d1f2-4248-8b9e-6362bf49f6dc','02823b47-c315-4366-8883-442e646d34be','PDPPPPMNCT', 'fadca076-3690-4a6e-af9e-f1cd68e8c7e8');
INSERT INTO REF_TERM_TBL (REF_TERM_ID, CS_ID, MNEMONIC, CRT_USR_ID)  VALUES('5b08dc3b-9ee6-452f-bf93-4c6bfd17b1ea','02823b47-c315-4366-8883-442e646d34be','PDPPSPELAT', 'fadca076-3690-4a6e-af9e-f1cd68e8c7e8');
INSERT INTO REF_TERM_TBL (REF_TERM_ID, CS_ID, MNEMONIC, CRT_USR_ID)  VALUES('18095cc9-9e62-49b8-b96a-af5a063935a6','02823b47-c315-4366-8883-442e646d34be','PDPPSPELCT', 'fadca076-3690-4a6e-af9e-f1cd68e8c7e8');
INSERT INTO REF_TERM_TBL (REF_TERM_ID, CS_ID, MNEMONIC, CRT_USR_ID)  VALUES('e1d8aee2-62d4-416e-983f-81e006198cd3','02823b47-c315-4366-8883-442e646d34be','PDPPSPMNAT', 'fadca076-3690-4a6e-af9e-f1cd68e8c7e8');
INSERT INTO REF_TERM_TBL (REF_TERM_ID, CS_ID, MNEMONIC, CRT_USR_ID)  VALUES('937e5c54-4b18-4e0b-aaa9-06e97260b96c','02823b47-c315-4366-8883-442e646d34be','PDPPSPMNCT', 'fadca076-3690-4a6e-af9e-f1cd68e8c7e8');
INSERT INTO REF_TERM_TBL (REF_TERM_ID, CS_ID, MNEMONIC, CRT_USR_ID)  VALUES('a3aacd8f-39b6-4455-8f1c-5232de05ab56','02823b47-c315-4366-8883-442e646d34be','SBBLELAT', 'fadca076-3690-4a6e-af9e-f1cd68e8c7e8');
INSERT INTO REF_TERM_TBL (REF_TERM_ID, CS_ID, MNEMONIC, CRT_USR_ID)  VALUES('f766e171-ac0d-4a29-ba7d-d6b308e214de','02823b47-c315-4366-8883-442e646d34be','SBBLELCT', 'fadca076-3690-4a6e-af9e-f1cd68e8c7e8');
INSERT INTO REF_TERM_TBL (REF_TERM_ID, CS_ID, MNEMONIC, CRT_USR_ID)  VALUES('beb0f18a-5637-4975-bf9c-aecd89e7813d','02823b47-c315-4366-8883-442e646d34be','SBNFELAT', 'fadca076-3690-4a6e-af9e-f1cd68e8c7e8');
INSERT INTO REF_TERM_TBL (REF_TERM_ID, CS_ID, MNEMONIC, CRT_USR_ID)  VALUES('371b4b38-079f-4a0e-bc6e-8239c84cadfc','02823b47-c315-4366-8883-442e646d34be','SBNFELCT', 'fadca076-3690-4a6e-af9e-f1cd68e8c7e8');
INSERT INTO REF_TERM_TBL (REF_TERM_ID, CS_ID, MNEMONIC, CRT_USR_ID)  VALUES('d5e82b3c-841e-4058-a613-5a04b111b3a1','02823b47-c315-4366-8883-442e646d34be','SBPDELAT', 'fadca076-3690-4a6e-af9e-f1cd68e8c7e8');
INSERT INTO REF_TERM_TBL (REF_TERM_ID, CS_ID, MNEMONIC, CRT_USR_ID)  VALUES('bd9a5ad5-5eeb-4535-b98b-57529c53e9f3','02823b47-c315-4366-8883-442e646d34be','SBPDELCT', 'fadca076-3690-4a6e-af9e-f1cd68e8c7e8');
INSERT INTO REF_TERM_TBL (REF_TERM_ID, CS_ID, MNEMONIC, CRT_USR_ID)  VALUES('0fd87977-c371-409a-8029-3392adf03ad0','02823b47-c315-4366-8883-442e646d34be','CPINV', 'fadca076-3690-4a6e-af9e-f1cd68e8c7e8');
INSERT INTO REF_TERM_TBL (REF_TERM_ID, CS_ID, MNEMONIC, CRT_USR_ID)  VALUES('ab06b931-b47e-4b2b-bd6b-7d02c7d7c836','02823b47-c315-4366-8883-442e646d34be','CPNDDRGING', 'fadca076-3690-4a6e-af9e-f1cd68e8c7e8');
INSERT INTO REF_TERM_TBL (REF_TERM_ID, CS_ID, MNEMONIC, CRT_USR_ID)  VALUES('61881223-b24f-4c65-bc76-6ec3d7efdb78','02823b47-c315-4366-8883-442e646d34be','CPNDINDING', 'fadca076-3690-4a6e-af9e-f1cd68e8c7e8');
INSERT INTO REF_TERM_TBL (REF_TERM_ID, CS_ID, MNEMONIC, CRT_USR_ID)  VALUES('d2b9e86b-14f1-4a3b-aab7-005f1e3a3392','02823b47-c315-4366-8883-442e646d34be','CPNDSUPING', 'fadca076-3690-4a6e-af9e-f1cd68e8c7e8');
INSERT INTO REF_TERM_TBL (REF_TERM_ID, CS_ID, MNEMONIC, CRT_USR_ID)  VALUES('d582f480-a75e-4a0d-9e07-753c9f6571a8','02823b47-c315-4366-8883-442e646d34be','CSINV', 'fadca076-3690-4a6e-af9e-f1cd68e8c7e8');
INSERT INTO REF_TERM_TBL (REF_TERM_ID, CS_ID, MNEMONIC, CRT_USR_ID)  VALUES('d4e96699-1788-41af-aca3-45ee0c005ab4','02823b47-c315-4366-8883-442e646d34be','CSPINV', 'fadca076-3690-4a6e-af9e-f1cd68e8c7e8');
INSERT INTO REF_TERM_TBL (REF_TERM_ID, CS_ID, MNEMONIC, CRT_USR_ID)  VALUES('3e84bbf5-dd64-41ee-951d-56a4cf89e967','02823b47-c315-4366-8883-442e646d34be','DRUGING', 'fadca076-3690-4a6e-af9e-f1cd68e8c7e8');
INSERT INTO REF_TERM_TBL (REF_TERM_ID, CS_ID, MNEMONIC, CRT_USR_ID)  VALUES('ad35e3a8-337e-44a3-b4e5-dadbdb292bca','02823b47-c315-4366-8883-442e646d34be','FININV', 'fadca076-3690-4a6e-af9e-f1cd68e8c7e8');
INSERT INTO REF_TERM_TBL (REF_TERM_ID, CS_ID, MNEMONIC, CRT_USR_ID)  VALUES('cb80dcf4-4da0-4763-bcb8-f57aa2c5538c','02823b47-c315-4366-8883-442e646d34be','FRAMEING', 'fadca076-3690-4a6e-af9e-f1cd68e8c7e8');
INSERT INTO REF_TERM_TBL (REF_TERM_ID, CS_ID, MNEMONIC, CRT_USR_ID)  VALUES('bbe0d322-a131-4afa-8150-d9ef9ed41d1f','02823b47-c315-4366-8883-442e646d34be','LENSING', 'fadca076-3690-4a6e-af9e-f1cd68e8c7e8');
INSERT INTO REF_TERM_TBL (REF_TERM_ID, CS_ID, MNEMONIC, CRT_USR_ID)  VALUES('3b0bff93-fcec-4127-a632-0fc760c9834d','02823b47-c315-4366-8883-442e646d34be','OHSINV', 'fadca076-3690-4a6e-af9e-f1cd68e8c7e8');
INSERT INTO REF_TERM_TBL (REF_TERM_ID, CS_ID, MNEMONIC, CRT_USR_ID)  VALUES('dcdc83bb-b2e3-4903-b84e-d47ca04f4ea2','02823b47-c315-4366-8883-442e646d34be','PAINV', 'fadca076-3690-4a6e-af9e-f1cd68e8c7e8');
INSERT INTO REF_TERM_TBL (REF_TERM_ID, CS_ID, MNEMONIC, CRT_USR_ID)  VALUES('a94c2eb7-88b7-415c-b4a8-ac5702fecc33','02823b47-c315-4366-8883-442e646d34be','PRDING', 'fadca076-3690-4a6e-af9e-f1cd68e8c7e8');
INSERT INTO REF_TERM_TBL (REF_TERM_ID, CS_ID, MNEMONIC, CRT_USR_ID)  VALUES('08517749-66d3-49ee-99fe-17b64fe60ac7','02823b47-c315-4366-8883-442e646d34be','RXCINV', 'fadca076-3690-4a6e-af9e-f1cd68e8c7e8');
INSERT INTO REF_TERM_TBL (REF_TERM_ID, CS_ID, MNEMONIC, CRT_USR_ID)  VALUES('3953c152-d8ca-4375-add6-f76f9f12e683','02823b47-c315-4366-8883-442e646d34be','RXDINV', 'fadca076-3690-4a6e-af9e-f1cd68e8c7e8');
INSERT INTO REF_TERM_TBL (REF_TERM_ID, CS_ID, MNEMONIC, CRT_USR_ID)  VALUES('d6daf579-d366-40ef-adad-21887f9ebad3','02823b47-c315-4366-8883-442e646d34be','SBFINV', 'fadca076-3690-4a6e-af9e-f1cd68e8c7e8');
INSERT INTO REF_TERM_TBL (REF_TERM_ID, CS_ID, MNEMONIC, CRT_USR_ID)  VALUES('d77fd655-f4dc-4964-bf52-aaa7db116cb4','02823b47-c315-4366-8883-442e646d34be','VRXINV', 'fadca076-3690-4a6e-af9e-f1cd68e8c7e8');
INSERT INTO REF_TERM_TBL (REF_TERM_ID, CS_ID, MNEMONIC, CRT_USR_ID)  VALUES('26de1119-d2d2-49f1-b7b6-2329ff23d49e','02823b47-c315-4366-8883-442e646d34be','BOOSTER', 'fadca076-3690-4a6e-af9e-f1cd68e8c7e8');
INSERT INTO REF_TERM_TBL (REF_TERM_ID, CS_ID, MNEMONIC, CRT_USR_ID)  VALUES('51e53697-64eb-4cc7-a548-cf603881046a','02823b47-c315-4366-8883-442e646d34be','DRUG', 'fadca076-3690-4a6e-af9e-f1cd68e8c7e8');
INSERT INTO REF_TERM_TBL (REF_TERM_ID, CS_ID, MNEMONIC, CRT_USR_ID)  VALUES('8accce19-d2e3-4f49-986e-eb2e2d7785a2','02823b47-c315-4366-8883-442e646d34be','IMMUNIZ', 'fadca076-3690-4a6e-af9e-f1cd68e8c7e8');
INSERT INTO REF_TERM_TBL (REF_TERM_ID, CS_ID, MNEMONIC, CRT_USR_ID)  VALUES('195f4fcc-ee4e-4132-ba6d-222fb86cf4e7','02823b47-c315-4366-8883-442e646d34be','INITIMMUNIZ', 'fadca076-3690-4a6e-af9e-f1cd68e8c7e8');
INSERT INTO REF_TERM_TBL (REF_TERM_ID, CS_ID, MNEMONIC, CRT_USR_ID)  VALUES('bc832e84-491f-41fa-a53a-46770cd2697d','7a3a7139-b93e-4a99-bd54-749e30fe712a','F', 'fadca076-3690-4a6e-af9e-f1cd68e8c7e8');
INSERT INTO REF_TERM_TBL (REF_TERM_ID, CS_ID, MNEMONIC, CRT_USR_ID)  VALUES('505aae7d-16f6-4600-9172-89e0ca36a3c1','7a3a7139-b93e-4a99-bd54-749e30fe712a','M', 'fadca076-3690-4a6e-af9e-f1cd68e8c7e8');
INSERT INTO REF_TERM_TBL (REF_TERM_ID, CS_ID, MNEMONIC, CRT_USR_ID)  VALUES('d6e851a7-2d7e-4c63-81dc-efef7d12e9a1','7a3a7139-b93e-4a99-bd54-749e30fe712a','UN', 'fadca076-3690-4a6e-af9e-f1cd68e8c7e8');
INSERT INTO REF_TERM_TBL (REF_TERM_ID, CS_ID, MNEMONIC, CRT_USR_ID)  VALUES('fe55da81-df44-43c7-aa18-9283ffc38362','9a4718fe-43f4-4b5b-9997-1d1fae894bb9','AUNT', 'fadca076-3690-4a6e-af9e-f1cd68e8c7e8');
INSERT INTO REF_TERM_TBL (REF_TERM_ID, CS_ID, MNEMONIC, CRT_USR_ID)  VALUES('d8382b1a-2c20-4048-98c0-36cca22db74b','9a4718fe-43f4-4b5b-9997-1d1fae894bb9','BRO', 'fadca076-3690-4a6e-af9e-f1cd68e8c7e8');
INSERT INTO REF_TERM_TBL (REF_TERM_ID, CS_ID, MNEMONIC, CRT_USR_ID)  VALUES('2a35f977-0a36-468c-8edc-f8a742450170','9a4718fe-43f4-4b5b-9997-1d1fae894bb9','BROINLAW', 'fadca076-3690-4a6e-af9e-f1cd68e8c7e8');
INSERT INTO REF_TERM_TBL (REF_TERM_ID, CS_ID, MNEMONIC, CRT_USR_ID)  VALUES('61afe90c-d752-42cf-a8d0-5a928c97b38c','9a4718fe-43f4-4b5b-9997-1d1fae894bb9','CHILD', 'fadca076-3690-4a6e-af9e-f1cd68e8c7e8');
INSERT INTO REF_TERM_TBL (REF_TERM_ID, CS_ID, MNEMONIC, CRT_USR_ID)  VALUES('b1e7070d-4b88-45fd-bccc-eff7316c15d9','9a4718fe-43f4-4b5b-9997-1d1fae894bb9','CHLDADOPT', 'fadca076-3690-4a6e-af9e-f1cd68e8c7e8');
INSERT INTO REF_TERM_TBL (REF_TERM_ID, CS_ID, MNEMONIC, CRT_USR_ID)  VALUES('5f63a762-4793-4f9d-826e-87612a6a2bbe','9a4718fe-43f4-4b5b-9997-1d1fae894bb9','CHLDFOST', 'fadca076-3690-4a6e-af9e-f1cd68e8c7e8');
INSERT INTO REF_TERM_TBL (REF_TERM_ID, CS_ID, MNEMONIC, CRT_USR_ID)  VALUES('a3748d6d-cc9c-4686-acba-a0946e758ab5','9a4718fe-43f4-4b5b-9997-1d1fae894bb9','CHLDINLAW', 'fadca076-3690-4a6e-af9e-f1cd68e8c7e8');
INSERT INTO REF_TERM_TBL (REF_TERM_ID, CS_ID, MNEMONIC, CRT_USR_ID)  VALUES('354a9766-c8e5-4b7a-bd6c-4440d9e9e389','9a4718fe-43f4-4b5b-9997-1d1fae894bb9','COUSN', 'fadca076-3690-4a6e-af9e-f1cd68e8c7e8');
INSERT INTO REF_TERM_TBL (REF_TERM_ID, CS_ID, MNEMONIC, CRT_USR_ID)  VALUES('40ca0162-c12b-458b-97d6-fbc386e6fcc1','9a4718fe-43f4-4b5b-9997-1d1fae894bb9','DAU', 'fadca076-3690-4a6e-af9e-f1cd68e8c7e8');
INSERT INTO REF_TERM_TBL (REF_TERM_ID, CS_ID, MNEMONIC, CRT_USR_ID)  VALUES('1193070f-3d8c-4b26-9d7d-8ef3d69ceb92','9a4718fe-43f4-4b5b-9997-1d1fae894bb9','DAUADOPT', 'fadca076-3690-4a6e-af9e-f1cd68e8c7e8');
INSERT INTO REF_TERM_TBL (REF_TERM_ID, CS_ID, MNEMONIC, CRT_USR_ID)  VALUES('e122710f-e39f-40ec-be48-6972b1356046','9a4718fe-43f4-4b5b-9997-1d1fae894bb9','DAUC', 'fadca076-3690-4a6e-af9e-f1cd68e8c7e8');
INSERT INTO REF_TERM_TBL (REF_TERM_ID, CS_ID, MNEMONIC, CRT_USR_ID)  VALUES('33dcaee0-1476-4c79-80a4-96a6e6f720e3','9a4718fe-43f4-4b5b-9997-1d1fae894bb9','DAUFOST', 'fadca076-3690-4a6e-af9e-f1cd68e8c7e8');
INSERT INTO REF_TERM_TBL (REF_TERM_ID, CS_ID, MNEMONIC, CRT_USR_ID)  VALUES('93ca6c84-3ed5-4c55-afcd-8bdb1b7689e7','9a4718fe-43f4-4b5b-9997-1d1fae894bb9','DAUINLAW', 'fadca076-3690-4a6e-af9e-f1cd68e8c7e8');
INSERT INTO REF_TERM_TBL (REF_TERM_ID, CS_ID, MNEMONIC, CRT_USR_ID)  VALUES('d8a535fc-e463-4564-a4fe-9ae7a94dddbe','9a4718fe-43f4-4b5b-9997-1d1fae894bb9','DOMPART', 'fadca076-3690-4a6e-af9e-f1cd68e8c7e8');
INSERT INTO REF_TERM_TBL (REF_TERM_ID, CS_ID, MNEMONIC, CRT_USR_ID)  VALUES('4335ccc0-0ce4-4576-934f-e9eb1377e726','9a4718fe-43f4-4b5b-9997-1d1fae894bb9','FAMMEMB', 'fadca076-3690-4a6e-af9e-f1cd68e8c7e8');
INSERT INTO REF_TERM_TBL (REF_TERM_ID, CS_ID, MNEMONIC, CRT_USR_ID)  VALUES('879c0084-a30a-4e55-b3eb-9cdb302caad3','9a4718fe-43f4-4b5b-9997-1d1fae894bb9','FTH', 'fadca076-3690-4a6e-af9e-f1cd68e8c7e8');
INSERT INTO REF_TERM_TBL (REF_TERM_ID, CS_ID, MNEMONIC, CRT_USR_ID)  VALUES('b8838483-dcc7-4e43-a6e5-63823b37d5da','9a4718fe-43f4-4b5b-9997-1d1fae894bb9','FTHINLAW', 'fadca076-3690-4a6e-af9e-f1cd68e8c7e8');
INSERT INTO REF_TERM_TBL (REF_TERM_ID, CS_ID, MNEMONIC, CRT_USR_ID)  VALUES('30c6a13b-9fb0-4986-84d6-8afff8fe4e02','9a4718fe-43f4-4b5b-9997-1d1fae894bb9','GGRFTH', 'fadca076-3690-4a6e-af9e-f1cd68e8c7e8');
INSERT INTO REF_TERM_TBL (REF_TERM_ID, CS_ID, MNEMONIC, CRT_USR_ID)  VALUES('e1b8007e-2e65-4502-a5b8-b0d8e6242147','9a4718fe-43f4-4b5b-9997-1d1fae894bb9','GGRMTH', 'fadca076-3690-4a6e-af9e-f1cd68e8c7e8');
INSERT INTO REF_TERM_TBL (REF_TERM_ID, CS_ID, MNEMONIC, CRT_USR_ID)  VALUES('f0fa827f-9de1-4199-9f4d-e90d69b3f24f','9a4718fe-43f4-4b5b-9997-1d1fae894bb9','GGRPRN', 'fadca076-3690-4a6e-af9e-f1cd68e8c7e8');
INSERT INTO REF_TERM_TBL (REF_TERM_ID, CS_ID, MNEMONIC, CRT_USR_ID)  VALUES('473e61b2-83f6-4114-89c6-d556846e45da','9a4718fe-43f4-4b5b-9997-1d1fae894bb9','GRFTH', 'fadca076-3690-4a6e-af9e-f1cd68e8c7e8');
INSERT INTO REF_TERM_TBL (REF_TERM_ID, CS_ID, MNEMONIC, CRT_USR_ID)  VALUES('c459c266-6e8f-4933-b39c-d55450f32341','9a4718fe-43f4-4b5b-9997-1d1fae894bb9','GRMTH', 'fadca076-3690-4a6e-af9e-f1cd68e8c7e8');
INSERT INTO REF_TERM_TBL (REF_TERM_ID, CS_ID, MNEMONIC, CRT_USR_ID)  VALUES('e043df5c-b5d9-44b6-bd4c-d4901accb63c','9a4718fe-43f4-4b5b-9997-1d1fae894bb9','GRNDCHILD', 'fadca076-3690-4a6e-af9e-f1cd68e8c7e8');
INSERT INTO REF_TERM_TBL (REF_TERM_ID, CS_ID, MNEMONIC, CRT_USR_ID)  VALUES('aee1d6f8-878e-4209-88df-4e06d8a453a4','9a4718fe-43f4-4b5b-9997-1d1fae894bb9','GRNDDAU', 'fadca076-3690-4a6e-af9e-f1cd68e8c7e8');
INSERT INTO REF_TERM_TBL (REF_TERM_ID, CS_ID, MNEMONIC, CRT_USR_ID)  VALUES('3554927b-357e-41cc-8034-1d25ccaf1f9c','9a4718fe-43f4-4b5b-9997-1d1fae894bb9','GRNDSON', 'fadca076-3690-4a6e-af9e-f1cd68e8c7e8');
INSERT INTO REF_TERM_TBL (REF_TERM_ID, CS_ID, MNEMONIC, CRT_USR_ID)  VALUES('e7f76349-5953-4945-8a62-91781c612367','9a4718fe-43f4-4b5b-9997-1d1fae894bb9','GRPRN', 'fadca076-3690-4a6e-af9e-f1cd68e8c7e8');
INSERT INTO REF_TERM_TBL (REF_TERM_ID, CS_ID, MNEMONIC, CRT_USR_ID)  VALUES('110c6e8f-a7c6-4695-8a3c-fb100b116920','9a4718fe-43f4-4b5b-9997-1d1fae894bb9','HBRO', 'fadca076-3690-4a6e-af9e-f1cd68e8c7e8');
INSERT INTO REF_TERM_TBL (REF_TERM_ID, CS_ID, MNEMONIC, CRT_USR_ID)  VALUES('825c4ed0-c877-4beb-b679-a5968b81e29f','9a4718fe-43f4-4b5b-9997-1d1fae894bb9','HSIB', 'fadca076-3690-4a6e-af9e-f1cd68e8c7e8');
INSERT INTO REF_TERM_TBL (REF_TERM_ID, CS_ID, MNEMONIC, CRT_USR_ID)  VALUES('3c5873bd-9014-4239-9062-4c2c1c3e852e','9a4718fe-43f4-4b5b-9997-1d1fae894bb9','HSIS', 'fadca076-3690-4a6e-af9e-f1cd68e8c7e8');
INSERT INTO REF_TERM_TBL (REF_TERM_ID, CS_ID, MNEMONIC, CRT_USR_ID)  VALUES('c851390a-50ae-4a37-8ecf-6938b31d1620','9a4718fe-43f4-4b5b-9997-1d1fae894bb9','HUSB', 'fadca076-3690-4a6e-af9e-f1cd68e8c7e8');
INSERT INTO REF_TERM_TBL (REF_TERM_ID, CS_ID, MNEMONIC, CRT_USR_ID)  VALUES('8f27937b-75c1-4349-b641-e7d08b064a0e','9a4718fe-43f4-4b5b-9997-1d1fae894bb9','MAUNT', 'fadca076-3690-4a6e-af9e-f1cd68e8c7e8');
INSERT INTO REF_TERM_TBL (REF_TERM_ID, CS_ID, MNEMONIC, CRT_USR_ID)  VALUES('436f5020-0473-4596-aa08-1ef19bedb905','9a4718fe-43f4-4b5b-9997-1d1fae894bb9','MCOUSN', 'fadca076-3690-4a6e-af9e-f1cd68e8c7e8');
INSERT INTO REF_TERM_TBL (REF_TERM_ID, CS_ID, MNEMONIC, CRT_USR_ID)  VALUES('55eefd51-0a82-418f-a3dd-80e1282313d2','9a4718fe-43f4-4b5b-9997-1d1fae894bb9','MGGRFTH', 'fadca076-3690-4a6e-af9e-f1cd68e8c7e8');
INSERT INTO REF_TERM_TBL (REF_TERM_ID, CS_ID, MNEMONIC, CRT_USR_ID)  VALUES('995d9763-a0b1-4bc5-90aa-4656f3787116','9a4718fe-43f4-4b5b-9997-1d1fae894bb9','MGGRMTH', 'fadca076-3690-4a6e-af9e-f1cd68e8c7e8');
INSERT INTO REF_TERM_TBL (REF_TERM_ID, CS_ID, MNEMONIC, CRT_USR_ID)  VALUES('3dcccb69-00f5-407a-b272-640342c4f625','9a4718fe-43f4-4b5b-9997-1d1fae894bb9','MGGRPRN', 'fadca076-3690-4a6e-af9e-f1cd68e8c7e8');
INSERT INTO REF_TERM_TBL (REF_TERM_ID, CS_ID, MNEMONIC, CRT_USR_ID)  VALUES('f99ad0cf-9a13-436d-88a8-c98255272ed0','9a4718fe-43f4-4b5b-9997-1d1fae894bb9','MGRFTH', 'fadca076-3690-4a6e-af9e-f1cd68e8c7e8');
INSERT INTO REF_TERM_TBL (REF_TERM_ID, CS_ID, MNEMONIC, CRT_USR_ID)  VALUES('ea152fb7-1218-4bf0-87e4-5d88ec76f8a1','9a4718fe-43f4-4b5b-9997-1d1fae894bb9','MGRMTH', 'fadca076-3690-4a6e-af9e-f1cd68e8c7e8');
INSERT INTO REF_TERM_TBL (REF_TERM_ID, CS_ID, MNEMONIC, CRT_USR_ID)  VALUES('cf1ea9c7-88c2-4a37-b3d1-ff54403aa9c9','9a4718fe-43f4-4b5b-9997-1d1fae894bb9','MGRPRN', 'fadca076-3690-4a6e-af9e-f1cd68e8c7e8');
INSERT INTO REF_TERM_TBL (REF_TERM_ID, CS_ID, MNEMONIC, CRT_USR_ID)  VALUES('ece41d56-6915-4324-922c-f85178db8f65','9a4718fe-43f4-4b5b-9997-1d1fae894bb9','MTH', 'fadca076-3690-4a6e-af9e-f1cd68e8c7e8');
INSERT INTO REF_TERM_TBL (REF_TERM_ID, CS_ID, MNEMONIC, CRT_USR_ID)  VALUES('ba97f1f6-8a49-4788-8f54-4aa84bfc6139','9a4718fe-43f4-4b5b-9997-1d1fae894bb9','MTHINLAW', 'fadca076-3690-4a6e-af9e-f1cd68e8c7e8');
INSERT INTO REF_TERM_TBL (REF_TERM_ID, CS_ID, MNEMONIC, CRT_USR_ID)  VALUES('5f675080-c748-4650-b4a1-4d798b324128','9a4718fe-43f4-4b5b-9997-1d1fae894bb9','MUNCLE', 'fadca076-3690-4a6e-af9e-f1cd68e8c7e8');
INSERT INTO REF_TERM_TBL (REF_TERM_ID, CS_ID, MNEMONIC, CRT_USR_ID)  VALUES('b3e5d4ff-cdab-4a54-89dd-3721539313c2','9a4718fe-43f4-4b5b-9997-1d1fae894bb9','NBRO', 'fadca076-3690-4a6e-af9e-f1cd68e8c7e8');
INSERT INTO REF_TERM_TBL (REF_TERM_ID, CS_ID, MNEMONIC, CRT_USR_ID)  VALUES('86a693bb-f2f8-4f4a-a522-c06eb63eec3c','9a4718fe-43f4-4b5b-9997-1d1fae894bb9','NCHILD', 'fadca076-3690-4a6e-af9e-f1cd68e8c7e8');
INSERT INTO REF_TERM_TBL (REF_TERM_ID, CS_ID, MNEMONIC, CRT_USR_ID)  VALUES('592802fb-5c5b-4519-975b-262454d669d5','9a4718fe-43f4-4b5b-9997-1d1fae894bb9','NEPHEW', 'fadca076-3690-4a6e-af9e-f1cd68e8c7e8');
INSERT INTO REF_TERM_TBL (REF_TERM_ID, CS_ID, MNEMONIC, CRT_USR_ID)  VALUES('bff1c242-9767-43a6-bef0-28596435046c','9a4718fe-43f4-4b5b-9997-1d1fae894bb9','NFTH', 'fadca076-3690-4a6e-af9e-f1cd68e8c7e8');
INSERT INTO REF_TERM_TBL (REF_TERM_ID, CS_ID, MNEMONIC, CRT_USR_ID)  VALUES('0367c3d8-3453-4b9c-9589-60dd4ba6ae09','9a4718fe-43f4-4b5b-9997-1d1fae894bb9','NFTHF', 'fadca076-3690-4a6e-af9e-f1cd68e8c7e8');
INSERT INTO REF_TERM_TBL (REF_TERM_ID, CS_ID, MNEMONIC, CRT_USR_ID)  VALUES('d5a3874c-8145-4b44-980b-0c35a7e47aa5','9a4718fe-43f4-4b5b-9997-1d1fae894bb9','NIECE', 'fadca076-3690-4a6e-af9e-f1cd68e8c7e8');
INSERT INTO REF_TERM_TBL (REF_TERM_ID, CS_ID, MNEMONIC, CRT_USR_ID)  VALUES('5b1a7098-3da5-4877-880f-935d2ef73e15','9a4718fe-43f4-4b5b-9997-1d1fae894bb9','NIENEPH', 'fadca076-3690-4a6e-af9e-f1cd68e8c7e8');
INSERT INTO REF_TERM_TBL (REF_TERM_ID, CS_ID, MNEMONIC, CRT_USR_ID)  VALUES('f11a352a-ca4b-42b1-b0dc-c2f3c04c8e29','9a4718fe-43f4-4b5b-9997-1d1fae894bb9','NMTH', 'fadca076-3690-4a6e-af9e-f1cd68e8c7e8');
INSERT INTO REF_TERM_TBL (REF_TERM_ID, CS_ID, MNEMONIC, CRT_USR_ID)  VALUES('1bec4c5f-ea04-4398-8a56-c18425de229e','9a4718fe-43f4-4b5b-9997-1d1fae894bb9','NPRN', 'fadca076-3690-4a6e-af9e-f1cd68e8c7e8');
INSERT INTO REF_TERM_TBL (REF_TERM_ID, CS_ID, MNEMONIC, CRT_USR_ID)  VALUES('9219dd59-27d4-405b-9536-07097d5e7b8f','9a4718fe-43f4-4b5b-9997-1d1fae894bb9','NSIB', 'fadca076-3690-4a6e-af9e-f1cd68e8c7e8');
INSERT INTO REF_TERM_TBL (REF_TERM_ID, CS_ID, MNEMONIC, CRT_USR_ID)  VALUES('ce3377ec-f6fe-4469-9c2d-44e7a8b4fadd','9a4718fe-43f4-4b5b-9997-1d1fae894bb9','NSIS', 'fadca076-3690-4a6e-af9e-f1cd68e8c7e8');
INSERT INTO REF_TERM_TBL (REF_TERM_ID, CS_ID, MNEMONIC, CRT_USR_ID)  VALUES('1fa96925-2fc9-4f8c-8777-d355550928dc','9a4718fe-43f4-4b5b-9997-1d1fae894bb9','PAUNT', 'fadca076-3690-4a6e-af9e-f1cd68e8c7e8');
INSERT INTO REF_TERM_TBL (REF_TERM_ID, CS_ID, MNEMONIC, CRT_USR_ID)  VALUES('978d9e11-ef5a-4c5a-835f-7bae6a1eb7ff','9a4718fe-43f4-4b5b-9997-1d1fae894bb9','PCOUSN', 'fadca076-3690-4a6e-af9e-f1cd68e8c7e8');
INSERT INTO REF_TERM_TBL (REF_TERM_ID, CS_ID, MNEMONIC, CRT_USR_ID)  VALUES('97342d87-19d9-4fed-84cc-98326864ccfe','9a4718fe-43f4-4b5b-9997-1d1fae894bb9','PGGRFTH', 'fadca076-3690-4a6e-af9e-f1cd68e8c7e8');
INSERT INTO REF_TERM_TBL (REF_TERM_ID, CS_ID, MNEMONIC, CRT_USR_ID)  VALUES('24f4399c-4f90-4701-85f0-28cf4a46b141','9a4718fe-43f4-4b5b-9997-1d1fae894bb9','PGGRMTH', 'fadca076-3690-4a6e-af9e-f1cd68e8c7e8');
INSERT INTO REF_TERM_TBL (REF_TERM_ID, CS_ID, MNEMONIC, CRT_USR_ID)  VALUES('e9e03c6d-a93c-450a-8bcb-a09815e8bb11','9a4718fe-43f4-4b5b-9997-1d1fae894bb9','PGGRPRN', 'fadca076-3690-4a6e-af9e-f1cd68e8c7e8');
INSERT INTO REF_TERM_TBL (REF_TERM_ID, CS_ID, MNEMONIC, CRT_USR_ID)  VALUES('edc84a2b-e402-468f-9d4e-864a36b2c143','9a4718fe-43f4-4b5b-9997-1d1fae894bb9','PGRFTH', 'fadca076-3690-4a6e-af9e-f1cd68e8c7e8');
INSERT INTO REF_TERM_TBL (REF_TERM_ID, CS_ID, MNEMONIC, CRT_USR_ID)  VALUES('4f62efe5-2219-44b2-a347-65748d36560d','9a4718fe-43f4-4b5b-9997-1d1fae894bb9','PGRMTH', 'fadca076-3690-4a6e-af9e-f1cd68e8c7e8');
INSERT INTO REF_TERM_TBL (REF_TERM_ID, CS_ID, MNEMONIC, CRT_USR_ID)  VALUES('50b71872-6ff0-4c1a-8902-177cf765b264','9a4718fe-43f4-4b5b-9997-1d1fae894bb9','PGRPRN', 'fadca076-3690-4a6e-af9e-f1cd68e8c7e8');
INSERT INTO REF_TERM_TBL (REF_TERM_ID, CS_ID, MNEMONIC, CRT_USR_ID)  VALUES('80012f60-29d0-435e-a2e8-999e87c6d603','9a4718fe-43f4-4b5b-9997-1d1fae894bb9','PRN', 'fadca076-3690-4a6e-af9e-f1cd68e8c7e8');
INSERT INTO REF_TERM_TBL (REF_TERM_ID, CS_ID, MNEMONIC, CRT_USR_ID)  VALUES('a3e33a20-0051-4a3b-a66c-bf394ce77369','9a4718fe-43f4-4b5b-9997-1d1fae894bb9','PRNINLAW', 'fadca076-3690-4a6e-af9e-f1cd68e8c7e8');
INSERT INTO REF_TERM_TBL (REF_TERM_ID, CS_ID, MNEMONIC, CRT_USR_ID)  VALUES('89e2ba5d-e125-4a03-8369-eacf75aa7741','9a4718fe-43f4-4b5b-9997-1d1fae894bb9','PUNCLE', 'fadca076-3690-4a6e-af9e-f1cd68e8c7e8');
INSERT INTO REF_TERM_TBL (REF_TERM_ID, CS_ID, MNEMONIC, CRT_USR_ID)  VALUES('f81fdd52-10cb-4e15-8228-8db4b4b612a2','9a4718fe-43f4-4b5b-9997-1d1fae894bb9','ROOM', 'fadca076-3690-4a6e-af9e-f1cd68e8c7e8');
INSERT INTO REF_TERM_TBL (REF_TERM_ID, CS_ID, MNEMONIC, CRT_USR_ID)  VALUES('038f56a3-5169-4ef9-be2e-a1a439427f01','9a4718fe-43f4-4b5b-9997-1d1fae894bb9','SIB', 'fadca076-3690-4a6e-af9e-f1cd68e8c7e8');
INSERT INTO REF_TERM_TBL (REF_TERM_ID, CS_ID, MNEMONIC, CRT_USR_ID)  VALUES('3430a356-8d2f-4de1-9aee-921cf64e45ff','9a4718fe-43f4-4b5b-9997-1d1fae894bb9','SIBINLAW', 'fadca076-3690-4a6e-af9e-f1cd68e8c7e8');
INSERT INTO REF_TERM_TBL (REF_TERM_ID, CS_ID, MNEMONIC, CRT_USR_ID)  VALUES('c94e83a7-a566-4fb4-bfc5-ef18434fc5d0','9a4718fe-43f4-4b5b-9997-1d1fae894bb9','SIGOTHR', 'fadca076-3690-4a6e-af9e-f1cd68e8c7e8');
INSERT INTO REF_TERM_TBL (REF_TERM_ID, CS_ID, MNEMONIC, CRT_USR_ID)  VALUES('62cc7dd9-af57-4eb7-a425-667b631975a1','9a4718fe-43f4-4b5b-9997-1d1fae894bb9','SIS', 'fadca076-3690-4a6e-af9e-f1cd68e8c7e8');
INSERT INTO REF_TERM_TBL (REF_TERM_ID, CS_ID, MNEMONIC, CRT_USR_ID)  VALUES('23da8443-94a4-4d25-b76e-5c02b380e081','9a4718fe-43f4-4b5b-9997-1d1fae894bb9','SISINLAW', 'fadca076-3690-4a6e-af9e-f1cd68e8c7e8');
INSERT INTO REF_TERM_TBL (REF_TERM_ID, CS_ID, MNEMONIC, CRT_USR_ID)  VALUES('ca6bf75e-905b-4802-849c-e4be95fe97fc','9a4718fe-43f4-4b5b-9997-1d1fae894bb9','SON', 'fadca076-3690-4a6e-af9e-f1cd68e8c7e8');
INSERT INTO REF_TERM_TBL (REF_TERM_ID, CS_ID, MNEMONIC, CRT_USR_ID)  VALUES('a70df556-dd53-4d03-9414-17a1aeedf2df','9a4718fe-43f4-4b5b-9997-1d1fae894bb9','SONADOPT', 'fadca076-3690-4a6e-af9e-f1cd68e8c7e8');
INSERT INTO REF_TERM_TBL (REF_TERM_ID, CS_ID, MNEMONIC, CRT_USR_ID)  VALUES('491f214d-a47f-4059-a340-ed7fc06d9920','9a4718fe-43f4-4b5b-9997-1d1fae894bb9','SONC', 'fadca076-3690-4a6e-af9e-f1cd68e8c7e8');
INSERT INTO REF_TERM_TBL (REF_TERM_ID, CS_ID, MNEMONIC, CRT_USR_ID)  VALUES('be4804b9-034a-4e0f-91ca-bfc74988b41b','9a4718fe-43f4-4b5b-9997-1d1fae894bb9','SONFOST', 'fadca076-3690-4a6e-af9e-f1cd68e8c7e8');
INSERT INTO REF_TERM_TBL (REF_TERM_ID, CS_ID, MNEMONIC, CRT_USR_ID)  VALUES('4a9bef50-079b-47e1-b694-a3614ea6f71f','9a4718fe-43f4-4b5b-9997-1d1fae894bb9','SONINLAW', 'fadca076-3690-4a6e-af9e-f1cd68e8c7e8');
INSERT INTO REF_TERM_TBL (REF_TERM_ID, CS_ID, MNEMONIC, CRT_USR_ID)  VALUES('f217f97f-bdc3-430e-b5de-086c2c52dbd0','9a4718fe-43f4-4b5b-9997-1d1fae894bb9','SPS', 'fadca076-3690-4a6e-af9e-f1cd68e8c7e8');
INSERT INTO REF_TERM_TBL (REF_TERM_ID, CS_ID, MNEMONIC, CRT_USR_ID)  VALUES('fabee839-47cd-4f16-9a1c-a6f66782fe0e','9a4718fe-43f4-4b5b-9997-1d1fae894bb9','STPBRO', 'fadca076-3690-4a6e-af9e-f1cd68e8c7e8');
INSERT INTO REF_TERM_TBL (REF_TERM_ID, CS_ID, MNEMONIC, CRT_USR_ID)  VALUES('4e91efae-95ec-470d-86b2-a3a5202b651a','9a4718fe-43f4-4b5b-9997-1d1fae894bb9','STPCHLD', 'fadca076-3690-4a6e-af9e-f1cd68e8c7e8');
INSERT INTO REF_TERM_TBL (REF_TERM_ID, CS_ID, MNEMONIC, CRT_USR_ID)  VALUES('897e3c92-efb1-469b-8014-aca72b90ed3d','9a4718fe-43f4-4b5b-9997-1d1fae894bb9','STPDAU', 'fadca076-3690-4a6e-af9e-f1cd68e8c7e8');
INSERT INTO REF_TERM_TBL (REF_TERM_ID, CS_ID, MNEMONIC, CRT_USR_ID)  VALUES('165ca910-6a2c-4fa2-b511-1d004de75a7b','9a4718fe-43f4-4b5b-9997-1d1fae894bb9','STPFTH', 'fadca076-3690-4a6e-af9e-f1cd68e8c7e8');
INSERT INTO REF_TERM_TBL (REF_TERM_ID, CS_ID, MNEMONIC, CRT_USR_ID)  VALUES('465ab53f-616b-4231-8915-48dda5ee3f3b','9a4718fe-43f4-4b5b-9997-1d1fae894bb9','STPMTH', 'fadca076-3690-4a6e-af9e-f1cd68e8c7e8');
INSERT INTO REF_TERM_TBL (REF_TERM_ID, CS_ID, MNEMONIC, CRT_USR_ID)  VALUES('3a68b733-a635-492f-bc39-558913c8b348','9a4718fe-43f4-4b5b-9997-1d1fae894bb9','STPPRN', 'fadca076-3690-4a6e-af9e-f1cd68e8c7e8');
INSERT INTO REF_TERM_TBL (REF_TERM_ID, CS_ID, MNEMONIC, CRT_USR_ID)  VALUES('3bd8dd0c-dca1-4e54-a402-75193e75461d','9a4718fe-43f4-4b5b-9997-1d1fae894bb9','STPSIB', 'fadca076-3690-4a6e-af9e-f1cd68e8c7e8');
INSERT INTO REF_TERM_TBL (REF_TERM_ID, CS_ID, MNEMONIC, CRT_USR_ID)  VALUES('8c4fb863-090c-4ea7-b315-faafb1718a3e','9a4718fe-43f4-4b5b-9997-1d1fae894bb9','STPSIS', 'fadca076-3690-4a6e-af9e-f1cd68e8c7e8');
INSERT INTO REF_TERM_TBL (REF_TERM_ID, CS_ID, MNEMONIC, CRT_USR_ID)  VALUES('d388f8e5-18ab-43d9-9184-7dd3502093b9','9a4718fe-43f4-4b5b-9997-1d1fae894bb9','STPSON', 'fadca076-3690-4a6e-af9e-f1cd68e8c7e8');
INSERT INTO REF_TERM_TBL (REF_TERM_ID, CS_ID, MNEMONIC, CRT_USR_ID)  VALUES('b9fc7529-e47d-4980-a441-81f0392eabcb','9a4718fe-43f4-4b5b-9997-1d1fae894bb9','UNCLE', 'fadca076-3690-4a6e-af9e-f1cd68e8c7e8');
INSERT INTO REF_TERM_TBL (REF_TERM_ID, CS_ID, MNEMONIC, CRT_USR_ID)  VALUES('bdb39719-830b-4d78-b0b6-d76cb645695d','9a4718fe-43f4-4b5b-9997-1d1fae894bb9','WIFE', 'fadca076-3690-4a6e-af9e-f1cd68e8c7e8');
INSERT INTO REF_TERM_TBL (REF_TERM_ID, CS_ID, MNEMONIC, CRT_USR_ID)  VALUES('4e0814cf-f66f-400b-98aa-b69de7d24b99','02823b47-c315-4366-8883-442e646d34be','REP_HALF_LIFE', 'fadca076-3690-4a6e-af9e-f1cd68e8c7e8');
INSERT INTO REF_TERM_TBL (REF_TERM_ID, CS_ID, MNEMONIC, CRT_USR_ID)  VALUES('8c35ec18-20f6-44ea-94db-2d209373a5d3','02823b47-c315-4366-8883-442e646d34be','SPLCOATING', 'fadca076-3690-4a6e-af9e-f1cd68e8c7e8');
INSERT INTO REF_TERM_TBL (REF_TERM_ID, CS_ID, MNEMONIC, CRT_USR_ID)  VALUES('fdc0a8e1-3241-4bbd-9390-32f2f30dfbb4','02823b47-c315-4366-8883-442e646d34be','SPLCOLOR', 'fadca076-3690-4a6e-af9e-f1cd68e8c7e8');
INSERT INTO REF_TERM_TBL (REF_TERM_ID, CS_ID, MNEMONIC, CRT_USR_ID)  VALUES('0f2f2fa4-6426-48c2-89a9-d406f8004a94','02823b47-c315-4366-8883-442e646d34be','SPLIMAGE', 'fadca076-3690-4a6e-af9e-f1cd68e8c7e8');
INSERT INTO REF_TERM_TBL (REF_TERM_ID, CS_ID, MNEMONIC, CRT_USR_ID)  VALUES('3acd1096-f64e-4275-a5b9-271e9a4eee28','02823b47-c315-4366-8883-442e646d34be','SPLIMPRINT', 'fadca076-3690-4a6e-af9e-f1cd68e8c7e8');
INSERT INTO REF_TERM_TBL (REF_TERM_ID, CS_ID, MNEMONIC, CRT_USR_ID)  VALUES('a48c8730-70e4-4f6c-bb4a-bf4a5aae0a20','02823b47-c315-4366-8883-442e646d34be','SPLSCORING', 'fadca076-3690-4a6e-af9e-f1cd68e8c7e8');
INSERT INTO REF_TERM_TBL (REF_TERM_ID, CS_ID, MNEMONIC, CRT_USR_ID)  VALUES('52609c95-960d-45ec-8351-53e378ade473','02823b47-c315-4366-8883-442e646d34be','SPLSHAPE', 'fadca076-3690-4a6e-af9e-f1cd68e8c7e8');
INSERT INTO REF_TERM_TBL (REF_TERM_ID, CS_ID, MNEMONIC, CRT_USR_ID)  VALUES('539ae587-0ed7-446d-8e48-1b3735e6c423','02823b47-c315-4366-8883-442e646d34be','SPLSIZE', 'fadca076-3690-4a6e-af9e-f1cd68e8c7e8');
INSERT INTO REF_TERM_TBL (REF_TERM_ID, CS_ID, MNEMONIC, CRT_USR_ID)  VALUES('fb314812-1d33-414b-84b1-dd7b1a16d770','02823b47-c315-4366-8883-442e646d34be','SPLSYMBOL', 'fadca076-3690-4a6e-af9e-f1cd68e8c7e8');

-- Concept Reference Terms
INSERT INTO CD_REF_TERM_ASSOC_TBL (REF_TERM_ID, CD_ID, EFFT_VRSN_SEQ_ID, REL_TYP_ID) SELECT '80242f45-c915-47f9-a90c-1b80f7d6af71', 'bbd960a1-3853-4b13-b62a-d768f93a08c5', VRSN_SEQ_ID, '2c4dafc2-566a-41ae-9ebc-3097d7d22f4a' FROM CD_VRSN_TBL WHERE CD_ID = 'bbd960a1-3853-4b13-b62a-d768f93a08c5' AND OBSLT_UTC IS NULL;
INSERT INTO CD_REF_TERM_ASSOC_TBL (REF_TERM_ID, CD_ID, EFFT_VRSN_SEQ_ID, REL_TYP_ID) SELECT '34ef1f74-40b1-432c-9c86-5b77d3cd23c0', '846c2ccf-5b02-4b3f-beb4-3d69ce7830dd', VRSN_SEQ_ID, '2c4dafc2-566a-41ae-9ebc-3097d7d22f4a' FROM CD_VRSN_TBL WHERE CD_ID = '846c2ccf-5b02-4b3f-beb4-3d69ce7830dd' AND OBSLT_UTC IS NULL;
INSERT INTO CD_REF_TERM_ASSOC_TBL (REF_TERM_ID, CD_ID, EFFT_VRSN_SEQ_ID, REL_TYP_ID) SELECT '00f157f5-0a56-4bc9-95e3-ba64827b8852', '0f4ba634-5107-4eab-9658-25be293cd831', VRSN_SEQ_ID, '2c4dafc2-566a-41ae-9ebc-3097d7d22f4a' FROM CD_VRSN_TBL WHERE CD_ID = '0f4ba634-5107-4eab-9658-25be293cd831' AND OBSLT_UTC IS NULL;
INSERT INTO CD_REF_TERM_ASSOC_TBL (REF_TERM_ID, CD_ID, EFFT_VRSN_SEQ_ID, REL_TYP_ID) SELECT 'e3782171-f043-4510-b986-c7adc3fca593', '2557f7b4-e465-4965-b016-766f192131ab', VRSN_SEQ_ID, '2c4dafc2-566a-41ae-9ebc-3097d7d22f4a' FROM CD_VRSN_TBL WHERE CD_ID = '2557f7b4-e465-4965-b016-766f192131ab' AND OBSLT_UTC IS NULL;
INSERT INTO CD_REF_TERM_ASSOC_TBL (REF_TERM_ID, CD_ID, EFFT_VRSN_SEQ_ID, REL_TYP_ID) SELECT '08f44c29-1348-48dc-b426-c9fb2826a895', '4b98c47f-eaa5-472c-a2c6-97dddc0cb68c', VRSN_SEQ_ID, '2c4dafc2-566a-41ae-9ebc-3097d7d22f4a' FROM CD_VRSN_TBL WHERE CD_ID = '4b98c47f-eaa5-472c-a2c6-97dddc0cb68c' AND OBSLT_UTC IS NULL;
INSERT INTO CD_REF_TERM_ASSOC_TBL (REF_TERM_ID, CD_ID, EFFT_VRSN_SEQ_ID, REL_TYP_ID) SELECT '8139ad2d-29f7-456c-9290-a7dbb67c92fd', '54b52119-1709-4098-8911-5df6d6c84140', VRSN_SEQ_ID, '2c4dafc2-566a-41ae-9ebc-3097d7d22f4a' FROM CD_VRSN_TBL WHERE CD_ID = '54b52119-1709-4098-8911-5df6d6c84140' AND OBSLT_UTC IS NULL;
INSERT INTO CD_REF_TERM_ASSOC_TBL (REF_TERM_ID, CD_ID, EFFT_VRSN_SEQ_ID, REL_TYP_ID) SELECT 'bde21943-a344-477c-adda-af40bee4e177', 'be84b6d3-446d-4e7e-b35d-2925f9f93434', VRSN_SEQ_ID, '2c4dafc2-566a-41ae-9ebc-3097d7d22f4a' FROM CD_VRSN_TBL WHERE CD_ID = 'be84b6d3-446d-4e7e-b35d-2925f9f93434' AND OBSLT_UTC IS NULL;
INSERT INTO CD_REF_TERM_ASSOC_TBL (REF_TERM_ID, CD_ID, EFFT_VRSN_SEQ_ID, REL_TYP_ID) SELECT 'c3b7eac5-48a9-4895-9440-6acc15445ccb', '1987c53c-7ab8-4461-9ebc-0d428744a8c0', VRSN_SEQ_ID, '2c4dafc2-566a-41ae-9ebc-3097d7d22f4a' FROM CD_VRSN_TBL WHERE CD_ID = '1987c53c-7ab8-4461-9ebc-0d428744a8c0' AND OBSLT_UTC IS NULL;
INSERT INTO CD_REF_TERM_ASSOC_TBL (REF_TERM_ID, CD_ID, EFFT_VRSN_SEQ_ID, REL_TYP_ID) SELECT 'c5b1b254-ba34-4e45-a604-24e02f34a36b', '43a9642c-a054-45df-9bee-99274b4635cd', VRSN_SEQ_ID, '2c4dafc2-566a-41ae-9ebc-3097d7d22f4a' FROM CD_VRSN_TBL WHERE CD_ID = '43a9642c-a054-45df-9bee-99274b4635cd' AND OBSLT_UTC IS NULL;
INSERT INTO CD_REF_TERM_ASSOC_TBL (REF_TERM_ID, CD_ID, EFFT_VRSN_SEQ_ID, REL_TYP_ID) SELECT '83aac30c-0df1-4fd0-abd7-d7fceb00e04c', '57619b4a-2c8a-4674-a7fc-8e4f9aeb4903', VRSN_SEQ_ID, '2c4dafc2-566a-41ae-9ebc-3097d7d22f4a' FROM CD_VRSN_TBL WHERE CD_ID = '57619b4a-2c8a-4674-a7fc-8e4f9aeb4903' AND OBSLT_UTC IS NULL;
INSERT INTO CD_REF_TERM_ASSOC_TBL (REF_TERM_ID, CD_ID, EFFT_VRSN_SEQ_ID, REL_TYP_ID) SELECT '9046a12d-4c54-460e-ba46-c92893f74f87', '28d022c6-8a8b-47c4-9e6a-2bc67308739e', VRSN_SEQ_ID, '2c4dafc2-566a-41ae-9ebc-3097d7d22f4a' FROM CD_VRSN_TBL WHERE CD_ID = '28d022c6-8a8b-47c4-9e6a-2bc67308739e' AND OBSLT_UTC IS NULL;
INSERT INTO CD_REF_TERM_ASSOC_TBL (REF_TERM_ID, CD_ID, EFFT_VRSN_SEQ_ID, REL_TYP_ID) SELECT '32836d3b-0a29-4ab5-ad1f-6cb3dbd5df9a', '118e2293-0f46-4b78-8252-ab078afb32d3', VRSN_SEQ_ID, '2c4dafc2-566a-41ae-9ebc-3097d7d22f4a' FROM CD_VRSN_TBL WHERE CD_ID = '118e2293-0f46-4b78-8252-ab078afb32d3' AND OBSLT_UTC IS NULL;
INSERT INTO CD_REF_TERM_ASSOC_TBL (REF_TERM_ID, CD_ID, EFFT_VRSN_SEQ_ID, REL_TYP_ID) SELECT '932d4fc2-35db-4938-9b0d-25bfce8e3121', '40829e76-33ec-420c-ae79-c9b9dc5a3481', VRSN_SEQ_ID, '2c4dafc2-566a-41ae-9ebc-3097d7d22f4a' FROM CD_VRSN_TBL WHERE CD_ID = '40829e76-33ec-420c-ae79-c9b9dc5a3481' AND OBSLT_UTC IS NULL;
INSERT INTO CD_REF_TERM_ASSOC_TBL (REF_TERM_ID, CD_ID, EFFT_VRSN_SEQ_ID, REL_TYP_ID) SELECT '8b48fe39-c489-42a8-8800-f2a97480c6af', '0804e3a1-abe6-4bfb-9ad3-5484f170d181', VRSN_SEQ_ID, '2c4dafc2-566a-41ae-9ebc-3097d7d22f4a' FROM CD_VRSN_TBL WHERE CD_ID = '0804e3a1-abe6-4bfb-9ad3-5484f170d181' AND OBSLT_UTC IS NULL;
INSERT INTO CD_REF_TERM_ASSOC_TBL (REF_TERM_ID, CD_ID, EFFT_VRSN_SEQ_ID, REL_TYP_ID) SELECT '36ae7fc5-f2ad-4f66-a00d-e4bce99cd4e1', '80c58da9-917c-450b-843f-de21e4ae41a9', VRSN_SEQ_ID, '2c4dafc2-566a-41ae-9ebc-3097d7d22f4a' FROM CD_VRSN_TBL WHERE CD_ID = '80c58da9-917c-450b-843f-de21e4ae41a9' AND OBSLT_UTC IS NULL;
INSERT INTO CD_REF_TERM_ASSOC_TBL (REF_TERM_ID, CD_ID, EFFT_VRSN_SEQ_ID, REL_TYP_ID) SELECT '2df19451-c5a3-415b-95e8-f1724bd840fb', '22304ab0-b133-494a-ad30-4d9170176f99', VRSN_SEQ_ID, '2c4dafc2-566a-41ae-9ebc-3097d7d22f4a' FROM CD_VRSN_TBL WHERE CD_ID = '22304ab0-b133-494a-ad30-4d9170176f99' AND OBSLT_UTC IS NULL;
INSERT INTO CD_REF_TERM_ASSOC_TBL (REF_TERM_ID, CD_ID, EFFT_VRSN_SEQ_ID, REL_TYP_ID) SELECT 'd19c93b5-5364-4426-8171-081f7efcf115', '487e2e90-c2ab-4693-b190-2c4e2f0e7cec', VRSN_SEQ_ID, '2c4dafc2-566a-41ae-9ebc-3097d7d22f4a' FROM CD_VRSN_TBL WHERE CD_ID = '487e2e90-c2ab-4693-b190-2c4e2f0e7cec' AND OBSLT_UTC IS NULL;
INSERT INTO CD_REF_TERM_ASSOC_TBL (REF_TERM_ID, CD_ID, EFFT_VRSN_SEQ_ID, REL_TYP_ID) SELECT '2630f5a3-649a-43d1-b039-20b06f55a222', '7ce22b9d-e062-447c-a921-71e690ebd5cf', VRSN_SEQ_ID, '2c4dafc2-566a-41ae-9ebc-3097d7d22f4a' FROM CD_VRSN_TBL WHERE CD_ID = '7ce22b9d-e062-447c-a921-71e690ebd5cf' AND OBSLT_UTC IS NULL;
INSERT INTO CD_REF_TERM_ASSOC_TBL (REF_TERM_ID, CD_ID, EFFT_VRSN_SEQ_ID, REL_TYP_ID) SELECT 'fce8bdf3-12cd-4f04-a250-7e69f553347a', 'ec38d31f-a187-4921-9fb6-ff9d227e9e9c', VRSN_SEQ_ID, '2c4dafc2-566a-41ae-9ebc-3097d7d22f4a' FROM CD_VRSN_TBL WHERE CD_ID = 'ec38d31f-a187-4921-9fb6-ff9d227e9e9c' AND OBSLT_UTC IS NULL;
INSERT INTO CD_REF_TERM_ASSOC_TBL (REF_TERM_ID, CD_ID, EFFT_VRSN_SEQ_ID, REL_TYP_ID) SELECT '2adccb38-6ecf-4c42-8221-4dcff3ce4c69', 'bc6b2fc6-6542-4bec-96eb-8573a606dbb4', VRSN_SEQ_ID, '2c4dafc2-566a-41ae-9ebc-3097d7d22f4a' FROM CD_VRSN_TBL WHERE CD_ID = 'bc6b2fc6-6542-4bec-96eb-8573a606dbb4' AND OBSLT_UTC IS NULL;
INSERT INTO CD_REF_TERM_ASSOC_TBL (REF_TERM_ID, CD_ID, EFFT_VRSN_SEQ_ID, REL_TYP_ID) SELECT '955cddc3-d4db-46be-9b04-1114fd41e424', 'ab94417b-0d1a-4c46-8d55-6c3fba04ed7e', VRSN_SEQ_ID, '2c4dafc2-566a-41ae-9ebc-3097d7d22f4a' FROM CD_VRSN_TBL WHERE CD_ID = 'ab94417b-0d1a-4c46-8d55-6c3fba04ed7e' AND OBSLT_UTC IS NULL;
INSERT INTO CD_REF_TERM_ASSOC_TBL (REF_TERM_ID, CD_ID, EFFT_VRSN_SEQ_ID, REL_TYP_ID) SELECT 'de69f5eb-3ed9-46dd-b516-cd034085d7c5', '82d09e9e-9b12-47dd-acba-0557cc025bd7', VRSN_SEQ_ID, '2c4dafc2-566a-41ae-9ebc-3097d7d22f4a' FROM CD_VRSN_TBL WHERE CD_ID = '82d09e9e-9b12-47dd-acba-0557cc025bd7' AND OBSLT_UTC IS NULL;
INSERT INTO CD_REF_TERM_ASSOC_TBL (REF_TERM_ID, CD_ID, EFFT_VRSN_SEQ_ID, REL_TYP_ID) SELECT 'b8c0f2b0-01ca-477c-8f5b-c9c3aabc7f98', '932a3c7e-ad77-450a-8a1f-030fc2855450', VRSN_SEQ_ID, '2c4dafc2-566a-41ae-9ebc-3097d7d22f4a' FROM CD_VRSN_TBL WHERE CD_ID = '932a3c7e-ad77-450a-8a1f-030fc2855450' AND OBSLT_UTC IS NULL;
INSERT INTO CD_REF_TERM_ASSOC_TBL (REF_TERM_ID, CD_ID, EFFT_VRSN_SEQ_ID, REL_TYP_ID) SELECT '7d9d883e-37c6-4065-a5cf-3b0f09a162f3', 'a064984f-9847-4480-8bea-dddf64b3c77c', VRSN_SEQ_ID, '2c4dafc2-566a-41ae-9ebc-3097d7d22f4a' FROM CD_VRSN_TBL WHERE CD_ID = 'a064984f-9847-4480-8bea-dddf64b3c77c' AND OBSLT_UTC IS NULL;
INSERT INTO CD_REF_TERM_ASSOC_TBL (REF_TERM_ID, CD_ID, EFFT_VRSN_SEQ_ID, REL_TYP_ID) SELECT 'cdb7f4cf-91fb-4af7-86b9-9d0d5363245b', '73a70eea-06cd-4865-a5f7-f010e33ba4f3', VRSN_SEQ_ID, '2c4dafc2-566a-41ae-9ebc-3097d7d22f4a' FROM CD_VRSN_TBL WHERE CD_ID = '73a70eea-06cd-4865-a5f7-f010e33ba4f3' AND OBSLT_UTC IS NULL;
INSERT INTO CD_REF_TERM_ASSOC_TBL (REF_TERM_ID, CD_ID, EFFT_VRSN_SEQ_ID, REL_TYP_ID) SELECT 'b7d419d0-f64a-4ab8-b0ec-94e961bcc7cb', 'b47f044d-a9c8-4a65-9f84-d99d913beb97', VRSN_SEQ_ID, '2c4dafc2-566a-41ae-9ebc-3097d7d22f4a' FROM CD_VRSN_TBL WHERE CD_ID = 'b47f044d-a9c8-4a65-9f84-d99d913beb97' AND OBSLT_UTC IS NULL;
INSERT INTO CD_REF_TERM_ASSOC_TBL (REF_TERM_ID, CD_ID, EFFT_VRSN_SEQ_ID, REL_TYP_ID) SELECT '2da49834-3c58-45c6-9528-e0598cc692a3', '21a61f18-1fc5-47c0-a235-721d2f965e33', VRSN_SEQ_ID, '2c4dafc2-566a-41ae-9ebc-3097d7d22f4a' FROM CD_VRSN_TBL WHERE CD_ID = '21a61f18-1fc5-47c0-a235-721d2f965e33' AND OBSLT_UTC IS NULL;
INSERT INTO CD_REF_TERM_ASSOC_TBL (REF_TERM_ID, CD_ID, EFFT_VRSN_SEQ_ID, REL_TYP_ID) SELECT '7cd92207-8263-43e0-b910-b660e1b0b111', 'f38f409f-3e92-4e6b-b8fd-b2abc7e6c177', VRSN_SEQ_ID, '2c4dafc2-566a-41ae-9ebc-3097d7d22f4a' FROM CD_VRSN_TBL WHERE CD_ID = 'f38f409f-3e92-4e6b-b8fd-b2abc7e6c177' AND OBSLT_UTC IS NULL;
INSERT INTO CD_REF_TERM_ASSOC_TBL (REF_TERM_ID, CD_ID, EFFT_VRSN_SEQ_ID, REL_TYP_ID) SELECT '64c4c372-d4d9-4bcc-9838-479e4bc14e96', 'fdae49aa-6fcb-40ae-9653-744e87fdd692', VRSN_SEQ_ID, '2c4dafc2-566a-41ae-9ebc-3097d7d22f4a' FROM CD_VRSN_TBL WHERE CD_ID = 'fdae49aa-6fcb-40ae-9653-744e87fdd692' AND OBSLT_UTC IS NULL;
INSERT INTO CD_REF_TERM_ASSOC_TBL (REF_TERM_ID, CD_ID, EFFT_VRSN_SEQ_ID, REL_TYP_ID) SELECT '1121942c-5ca4-466f-8bf4-d060d1b13a7e', '9613f16a-f962-4c27-8489-b78aebd7e2ec', VRSN_SEQ_ID, '2c4dafc2-566a-41ae-9ebc-3097d7d22f4a' FROM CD_VRSN_TBL WHERE CD_ID = '9613f16a-f962-4c27-8489-b78aebd7e2ec' AND OBSLT_UTC IS NULL;
INSERT INTO CD_REF_TERM_ASSOC_TBL (REF_TERM_ID, CD_ID, EFFT_VRSN_SEQ_ID, REL_TYP_ID) SELECT '0cc77549-2e56-44bc-9c7e-e41119e2fc6e', '90c2f40c-784e-4260-8b91-66bb032d3652', VRSN_SEQ_ID, '2c4dafc2-566a-41ae-9ebc-3097d7d22f4a' FROM CD_VRSN_TBL WHERE CD_ID = '90c2f40c-784e-4260-8b91-66bb032d3652' AND OBSLT_UTC IS NULL;
INSERT INTO CD_REF_TERM_ASSOC_TBL (REF_TERM_ID, CD_ID, EFFT_VRSN_SEQ_ID, REL_TYP_ID) SELECT 'baf12ffd-24d1-4d44-8bf8-888115e13e32', '1a76e650-0242-4b40-9267-bf3a5b386c96', VRSN_SEQ_ID, '2c4dafc2-566a-41ae-9ebc-3097d7d22f4a' FROM CD_VRSN_TBL WHERE CD_ID = '1a76e650-0242-4b40-9267-bf3a5b386c96' AND OBSLT_UTC IS NULL;
INSERT INTO CD_REF_TERM_ASSOC_TBL (REF_TERM_ID, CD_ID, EFFT_VRSN_SEQ_ID, REL_TYP_ID) SELECT '15772372-5a16-4a89-95d9-19c710493c3f', '5a5023c9-9a53-4f4f-a9b2-5938c71041e7', VRSN_SEQ_ID, '2c4dafc2-566a-41ae-9ebc-3097d7d22f4a' FROM CD_VRSN_TBL WHERE CD_ID = '5a5023c9-9a53-4f4f-a9b2-5938c71041e7' AND OBSLT_UTC IS NULL;
INSERT INTO CD_REF_TERM_ASSOC_TBL (REF_TERM_ID, CD_ID, EFFT_VRSN_SEQ_ID, REL_TYP_ID) SELECT 'f87e06d4-03e7-4afa-a382-980db142cf95', '7a4a0c9c-cf1c-423a-987e-d2a5717ac74e', VRSN_SEQ_ID, '2c4dafc2-566a-41ae-9ebc-3097d7d22f4a' FROM CD_VRSN_TBL WHERE CD_ID = '7a4a0c9c-cf1c-423a-987e-d2a5717ac74e' AND OBSLT_UTC IS NULL;
INSERT INTO CD_REF_TERM_ASSOC_TBL (REF_TERM_ID, CD_ID, EFFT_VRSN_SEQ_ID, REL_TYP_ID) SELECT 'eb93e8af-e880-4684-a553-7651364cee4f', 'ec74541f-87c4-4327-a4b9-97f325501747', VRSN_SEQ_ID, '2c4dafc2-566a-41ae-9ebc-3097d7d22f4a' FROM CD_VRSN_TBL WHERE CD_ID = 'ec74541f-87c4-4327-a4b9-97f325501747' AND OBSLT_UTC IS NULL;
INSERT INTO CD_REF_TERM_ASSOC_TBL (REF_TERM_ID, CD_ID, EFFT_VRSN_SEQ_ID, REL_TYP_ID) SELECT 'cd5b0ff1-da93-4bf8-8fdd-73a5268fe10e', '29894070-a76b-47ef-8c16-d84e0acd9ea6', VRSN_SEQ_ID, '2c4dafc2-566a-41ae-9ebc-3097d7d22f4a' FROM CD_VRSN_TBL WHERE CD_ID = '29894070-a76b-47ef-8c16-d84e0acd9ea6' AND OBSLT_UTC IS NULL;
INSERT INTO CD_REF_TERM_ASSOC_TBL (REF_TERM_ID, CD_ID, EFFT_VRSN_SEQ_ID, REL_TYP_ID) SELECT '80a748fa-b226-4ae2-a503-3fe4dfa654df', '0f4ba634-5107-4eab-9658-25be293cd831', VRSN_SEQ_ID, '2c4dafc2-566a-41ae-9ebc-3097d7d22f4a' FROM CD_VRSN_TBL WHERE CD_ID = '0f4ba634-5107-4eab-9658-25be293cd831' AND OBSLT_UTC IS NULL;
INSERT INTO CD_REF_TERM_ASSOC_TBL (REF_TERM_ID, CD_ID, EFFT_VRSN_SEQ_ID, REL_TYP_ID) SELECT '6d057d15-69fa-4d26-99f1-3ab90990cb95', '646542bc-72e4-488b-bbf4-865d452e62ec', VRSN_SEQ_ID, '2c4dafc2-566a-41ae-9ebc-3097d7d22f4a' FROM CD_VRSN_TBL WHERE CD_ID = '646542bc-72e4-488b-bbf4-865d452e62ec' AND OBSLT_UTC IS NULL;
INSERT INTO CD_REF_TERM_ASSOC_TBL (REF_TERM_ID, CD_ID, EFFT_VRSN_SEQ_ID, REL_TYP_ID) SELECT 'a6f1b2c4-0b3f-49fa-87b3-cd9d3e2865e1', '78b9540f-438b-4b6f-8d83-aaf4979dbc64', VRSN_SEQ_ID, '2c4dafc2-566a-41ae-9ebc-3097d7d22f4a' FROM CD_VRSN_TBL WHERE CD_ID = '78b9540f-438b-4b6f-8d83-aaf4979dbc64' AND OBSLT_UTC IS NULL;
INSERT INTO CD_REF_TERM_ASSOC_TBL (REF_TERM_ID, CD_ID, EFFT_VRSN_SEQ_ID, REL_TYP_ID) SELECT '16ac17df-955e-4c1e-a1e7-77d60da3e5fd', '26fe590c-3684-4574-9359-057fdd06ba61', VRSN_SEQ_ID, '2c4dafc2-566a-41ae-9ebc-3097d7d22f4a' FROM CD_VRSN_TBL WHERE CD_ID = '26fe590c-3684-4574-9359-057fdd06ba61' AND OBSLT_UTC IS NULL;
INSERT INTO CD_REF_TERM_ASSOC_TBL (REF_TERM_ID, CD_ID, EFFT_VRSN_SEQ_ID, REL_TYP_ID) SELECT 'efba2a18-2a51-411f-a69c-ef6fcd86a8f4', '85f68168-2a43-4532-bc79-191fa0b47c8b', VRSN_SEQ_ID, '2c4dafc2-566a-41ae-9ebc-3097d7d22f4a' FROM CD_VRSN_TBL WHERE CD_ID = '85f68168-2a43-4532-bc79-191fa0b47c8b' AND OBSLT_UTC IS NULL;
INSERT INTO CD_REF_TERM_ASSOC_TBL (REF_TERM_ID, CD_ID, EFFT_VRSN_SEQ_ID, REL_TYP_ID) SELECT '22c7f32c-30e7-4e39-b027-be18d56c0d69', '28c81cdc-ca56-4c92-b691-094e89630642', VRSN_SEQ_ID, '2c4dafc2-566a-41ae-9ebc-3097d7d22f4a' FROM CD_VRSN_TBL WHERE CD_ID = '28c81cdc-ca56-4c92-b691-094e89630642' AND OBSLT_UTC IS NULL;
INSERT INTO CD_REF_TERM_ASSOC_TBL (REF_TERM_ID, CD_ID, EFFT_VRSN_SEQ_ID, REL_TYP_ID) SELECT 'a41b04aa-21a2-4dc3-a1b0-63b6c1abb638', '5a280fc0-8c26-4191-b204-b1b1e4e19462', VRSN_SEQ_ID, '2c4dafc2-566a-41ae-9ebc-3097d7d22f4a' FROM CD_VRSN_TBL WHERE CD_ID = '5a280fc0-8c26-4191-b204-b1b1e4e19462' AND OBSLT_UTC IS NULL;
INSERT INTO CD_REF_TERM_ASSOC_TBL (REF_TERM_ID, CD_ID, EFFT_VRSN_SEQ_ID, REL_TYP_ID) SELECT 'd820400c-d81c-42bc-8880-2bd8c96bb84c', '99488a1d-6d97-4013-8c91-ded6ad3b8e89', VRSN_SEQ_ID, '2c4dafc2-566a-41ae-9ebc-3097d7d22f4a' FROM CD_VRSN_TBL WHERE CD_ID = '99488a1d-6d97-4013-8c91-ded6ad3b8e89' AND OBSLT_UTC IS NULL;
INSERT INTO CD_REF_TERM_ASSOC_TBL (REF_TERM_ID, CD_ID, EFFT_VRSN_SEQ_ID, REL_TYP_ID) SELECT '7e2a582a-6e75-440a-89a0-34762981052e', '07e4d325-63b9-487d-a22c-9b194c09a6ba', VRSN_SEQ_ID, '2c4dafc2-566a-41ae-9ebc-3097d7d22f4a' FROM CD_VRSN_TBL WHERE CD_ID = '07e4d325-63b9-487d-a22c-9b194c09a6ba' AND OBSLT_UTC IS NULL;
INSERT INTO CD_REF_TERM_ASSOC_TBL (REF_TERM_ID, CD_ID, EFFT_VRSN_SEQ_ID, REL_TYP_ID) SELECT 'c5883d98-e0e7-4dca-9a5d-0ec3b3f6cf62', 'c3b1a717-74d0-4ae3-830c-efddcc57bb92', VRSN_SEQ_ID, '2c4dafc2-566a-41ae-9ebc-3097d7d22f4a' FROM CD_VRSN_TBL WHERE CD_ID = 'c3b1a717-74d0-4ae3-830c-efddcc57bb92' AND OBSLT_UTC IS NULL;
INSERT INTO CD_REF_TERM_ASSOC_TBL (REF_TERM_ID, CD_ID, EFFT_VRSN_SEQ_ID, REL_TYP_ID) SELECT '57312fe4-0ffc-4935-b957-da64de9c1f41', '16d4c8a8-5776-4c34-b189-018d236f1cb6', VRSN_SEQ_ID, '2c4dafc2-566a-41ae-9ebc-3097d7d22f4a' FROM CD_VRSN_TBL WHERE CD_ID = '16d4c8a8-5776-4c34-b189-018d236f1cb6' AND OBSLT_UTC IS NULL;
INSERT INTO CD_REF_TERM_ASSOC_TBL (REF_TERM_ID, CD_ID, EFFT_VRSN_SEQ_ID, REL_TYP_ID) SELECT 'c888fc8b-a2b5-405a-b6f5-997b92737cb0', '802ae6bb-31b8-401a-9d40-9ce3c3da227c', VRSN_SEQ_ID, '2c4dafc2-566a-41ae-9ebc-3097d7d22f4a' FROM CD_VRSN_TBL WHERE CD_ID = '802ae6bb-31b8-401a-9d40-9ce3c3da227c' AND OBSLT_UTC IS NULL;
INSERT INTO CD_REF_TERM_ASSOC_TBL (REF_TERM_ID, CD_ID, EFFT_VRSN_SEQ_ID, REL_TYP_ID) SELECT '02c89413-02df-4b0d-99a9-32ad4e8c6a36', '2ca49a5f-af50-402d-9263-7725071c3ed9', VRSN_SEQ_ID, '2c4dafc2-566a-41ae-9ebc-3097d7d22f4a' FROM CD_VRSN_TBL WHERE CD_ID = '2ca49a5f-af50-402d-9263-7725071c3ed9' AND OBSLT_UTC IS NULL;
INSERT INTO CD_REF_TERM_ASSOC_TBL (REF_TERM_ID, CD_ID, EFFT_VRSN_SEQ_ID, REL_TYP_ID) SELECT 'a65ac557-6bf0-4ca9-970c-97ffd1399800', 'f81e1097-ed9e-461b-9e1f-52bd7ed47236', VRSN_SEQ_ID, '2c4dafc2-566a-41ae-9ebc-3097d7d22f4a' FROM CD_VRSN_TBL WHERE CD_ID = 'f81e1097-ed9e-461b-9e1f-52bd7ed47236' AND OBSLT_UTC IS NULL;
INSERT INTO CD_REF_TERM_ASSOC_TBL (REF_TERM_ID, CD_ID, EFFT_VRSN_SEQ_ID, REL_TYP_ID) SELECT '94e95780-1911-4f67-98c3-1536e561962f', '31a56b8d-b358-453a-a3c8-b1d60ee52578', VRSN_SEQ_ID, '2c4dafc2-566a-41ae-9ebc-3097d7d22f4a' FROM CD_VRSN_TBL WHERE CD_ID = '31a56b8d-b358-453a-a3c8-b1d60ee52578' AND OBSLT_UTC IS NULL;
INSERT INTO CD_REF_TERM_ASSOC_TBL (REF_TERM_ID, CD_ID, EFFT_VRSN_SEQ_ID, REL_TYP_ID) SELECT '08fd8ad2-d974-4179-8718-342341b0f498', '50829a86-6643-423c-bbae-eb3119575349', VRSN_SEQ_ID, '2c4dafc2-566a-41ae-9ebc-3097d7d22f4a' FROM CD_VRSN_TBL WHERE CD_ID = '50829a86-6643-423c-bbae-eb3119575349' AND OBSLT_UTC IS NULL;
INSERT INTO CD_REF_TERM_ASSOC_TBL (REF_TERM_ID, CD_ID, EFFT_VRSN_SEQ_ID, REL_TYP_ID) SELECT 'cfcccba3-aad1-4685-9e0b-39f53b8da4bb', '9b3412c0-adb9-41fa-9b23-2557bd0b3348', VRSN_SEQ_ID, '2c4dafc2-566a-41ae-9ebc-3097d7d22f4a' FROM CD_VRSN_TBL WHERE CD_ID = '9b3412c0-adb9-41fa-9b23-2557bd0b3348' AND OBSLT_UTC IS NULL;
INSERT INTO CD_REF_TERM_ASSOC_TBL (REF_TERM_ID, CD_ID, EFFT_VRSN_SEQ_ID, REL_TYP_ID) SELECT 'a74279d6-96f0-4cda-94a9-a3e233c58036', '4f509ada-d366-41ac-bd84-e0b3046a0ffc', VRSN_SEQ_ID, '2c4dafc2-566a-41ae-9ebc-3097d7d22f4a' FROM CD_VRSN_TBL WHERE CD_ID = '4f509ada-d366-41ac-bd84-e0b3046a0ffc' AND OBSLT_UTC IS NULL;
INSERT INTO CD_REF_TERM_ASSOC_TBL (REF_TERM_ID, CD_ID, EFFT_VRSN_SEQ_ID, REL_TYP_ID) SELECT '230a62a1-05f1-4f83-8450-48dda67dcd69', 'e769140d-195e-4fdf-b64f-0da4ecf74b36', VRSN_SEQ_ID, '2c4dafc2-566a-41ae-9ebc-3097d7d22f4a' FROM CD_VRSN_TBL WHERE CD_ID = 'e769140d-195e-4fdf-b64f-0da4ecf74b36' AND OBSLT_UTC IS NULL;
INSERT INTO CD_REF_TERM_ASSOC_TBL (REF_TERM_ID, CD_ID, EFFT_VRSN_SEQ_ID, REL_TYP_ID) SELECT '59b90a5a-a72a-4e1f-ae45-2073c357c5be', '221bc06c-27f4-4244-8efe-a7b968fbdbd6', VRSN_SEQ_ID, '2c4dafc2-566a-41ae-9ebc-3097d7d22f4a' FROM CD_VRSN_TBL WHERE CD_ID = '221bc06c-27f4-4244-8efe-a7b968fbdbd6' AND OBSLT_UTC IS NULL;
INSERT INTO CD_REF_TERM_ASSOC_TBL (REF_TERM_ID, CD_ID, EFFT_VRSN_SEQ_ID, REL_TYP_ID) SELECT '8ccd6a0d-4e2a-4b54-8045-2786eda31b46', 'd920a941-ec06-4d0d-9f60-631b790f8e0d', VRSN_SEQ_ID, '2c4dafc2-566a-41ae-9ebc-3097d7d22f4a' FROM CD_VRSN_TBL WHERE CD_ID = 'd920a941-ec06-4d0d-9f60-631b790f8e0d' AND OBSLT_UTC IS NULL;
INSERT INTO CD_REF_TERM_ASSOC_TBL (REF_TERM_ID, CD_ID, EFFT_VRSN_SEQ_ID, REL_TYP_ID) SELECT '9da2deff-231f-41d4-a64a-0f4ca0d4e407', 'f730f892-ebcc-43bc-8d39-bda98bc76563', VRSN_SEQ_ID, '2c4dafc2-566a-41ae-9ebc-3097d7d22f4a' FROM CD_VRSN_TBL WHERE CD_ID = 'f730f892-ebcc-43bc-8d39-bda98bc76563' AND OBSLT_UTC IS NULL;
INSERT INTO CD_REF_TERM_ASSOC_TBL (REF_TERM_ID, CD_ID, EFFT_VRSN_SEQ_ID, REL_TYP_ID) SELECT '15fc312c-cb80-40e7-92ab-83a4ee511de4', 'e0f40a69-0e09-44e1-bd37-080ac88661e3', VRSN_SEQ_ID, '2c4dafc2-566a-41ae-9ebc-3097d7d22f4a' FROM CD_VRSN_TBL WHERE CD_ID = 'e0f40a69-0e09-44e1-bd37-080ac88661e3' AND OBSLT_UTC IS NULL;
INSERT INTO CD_REF_TERM_ASSOC_TBL (REF_TERM_ID, CD_ID, EFFT_VRSN_SEQ_ID, REL_TYP_ID) SELECT '9333fcc0-fecd-413d-8007-5fcf555ede1a', 'da22b2fb-bf0b-4aa6-8dcc-cb4c4cad1ca8', VRSN_SEQ_ID, '2c4dafc2-566a-41ae-9ebc-3097d7d22f4a' FROM CD_VRSN_TBL WHERE CD_ID = 'da22b2fb-bf0b-4aa6-8dcc-cb4c4cad1ca8' AND OBSLT_UTC IS NULL;
INSERT INTO CD_REF_TERM_ASSOC_TBL (REF_TERM_ID, CD_ID, EFFT_VRSN_SEQ_ID, REL_TYP_ID) SELECT '2cde2dbe-3f75-4549-9bd1-316b133428d9', 'c898b180-dad0-4115-9200-f48329fd7771', VRSN_SEQ_ID, '2c4dafc2-566a-41ae-9ebc-3097d7d22f4a' FROM CD_VRSN_TBL WHERE CD_ID = 'c898b180-dad0-4115-9200-f48329fd7771' AND OBSLT_UTC IS NULL;
INSERT INTO CD_REF_TERM_ASSOC_TBL (REF_TERM_ID, CD_ID, EFFT_VRSN_SEQ_ID, REL_TYP_ID) SELECT '24a617a5-a5eb-4c6a-8b91-90ba50366082', 'cfbed12b-ffb1-48d7-b0ab-68f898a76749', VRSN_SEQ_ID, '2c4dafc2-566a-41ae-9ebc-3097d7d22f4a' FROM CD_VRSN_TBL WHERE CD_ID = 'cfbed12b-ffb1-48d7-b0ab-68f898a76749' AND OBSLT_UTC IS NULL;
INSERT INTO CD_REF_TERM_ASSOC_TBL (REF_TERM_ID, CD_ID, EFFT_VRSN_SEQ_ID, REL_TYP_ID) SELECT '999c31b1-e279-4281-a2f0-48bb69af48d6', 'a5a71f07-0235-42e8-beab-adefeb357bf5', VRSN_SEQ_ID, '2c4dafc2-566a-41ae-9ebc-3097d7d22f4a' FROM CD_VRSN_TBL WHERE CD_ID = 'a5a71f07-0235-42e8-beab-adefeb357bf5' AND OBSLT_UTC IS NULL;
INSERT INTO CD_REF_TERM_ASSOC_TBL (REF_TERM_ID, CD_ID, EFFT_VRSN_SEQ_ID, REL_TYP_ID) SELECT '22292ed4-8f63-46fb-94fb-eb028fc26282', '742b318f-8198-4dde-9b43-34d20d0c18e2', VRSN_SEQ_ID, '2c4dafc2-566a-41ae-9ebc-3097d7d22f4a' FROM CD_VRSN_TBL WHERE CD_ID = '742b318f-8198-4dde-9b43-34d20d0c18e2' AND OBSLT_UTC IS NULL;
INSERT INTO CD_REF_TERM_ASSOC_TBL (REF_TERM_ID, CD_ID, EFFT_VRSN_SEQ_ID, REL_TYP_ID) SELECT '113236d8-e96c-49c1-8aba-e1ae73042287', 'a0d72d7c-b32f-4619-a943-f40ced704df6', VRSN_SEQ_ID, '2c4dafc2-566a-41ae-9ebc-3097d7d22f4a' FROM CD_VRSN_TBL WHERE CD_ID = 'a0d72d7c-b32f-4619-a943-f40ced704df6' AND OBSLT_UTC IS NULL;
INSERT INTO CD_REF_TERM_ASSOC_TBL (REF_TERM_ID, CD_ID, EFFT_VRSN_SEQ_ID, REL_TYP_ID) SELECT 'c2e7306d-2aea-436a-a36e-c74ec266b39b', 'c44dd7b3-4e4e-493f-9ace-557ca3c672a7', VRSN_SEQ_ID, '2c4dafc2-566a-41ae-9ebc-3097d7d22f4a' FROM CD_VRSN_TBL WHERE CD_ID = 'c44dd7b3-4e4e-493f-9ace-557ca3c672a7' AND OBSLT_UTC IS NULL;
INSERT INTO CD_REF_TERM_ASSOC_TBL (REF_TERM_ID, CD_ID, EFFT_VRSN_SEQ_ID, REL_TYP_ID) SELECT 'e202e081-5d3c-42a1-8efd-9f3e068eb87e', '44d04d8c-a81b-47ce-8857-c88cc92e8dfc', VRSN_SEQ_ID, '2c4dafc2-566a-41ae-9ebc-3097d7d22f4a' FROM CD_VRSN_TBL WHERE CD_ID = '44d04d8c-a81b-47ce-8857-c88cc92e8dfc' AND OBSLT_UTC IS NULL;
INSERT INTO CD_REF_TERM_ASSOC_TBL (REF_TERM_ID, CD_ID, EFFT_VRSN_SEQ_ID, REL_TYP_ID) SELECT '4269be06-e554-4714-8381-287a0edbadbb', 'eb55fb0a-126d-4f97-a7e4-454d600c5c9a', VRSN_SEQ_ID, '2c4dafc2-566a-41ae-9ebc-3097d7d22f4a' FROM CD_VRSN_TBL WHERE CD_ID = 'eb55fb0a-126d-4f97-a7e4-454d600c5c9a' AND OBSLT_UTC IS NULL;
INSERT INTO CD_REF_TERM_ASSOC_TBL (REF_TERM_ID, CD_ID, EFFT_VRSN_SEQ_ID, REL_TYP_ID) SELECT '4609e1fb-df75-4209-ac1e-70e14eb18c1e', 'd18cc00b-c339-47a5-9ff9-23c77542a5c3', VRSN_SEQ_ID, '2c4dafc2-566a-41ae-9ebc-3097d7d22f4a' FROM CD_VRSN_TBL WHERE CD_ID = 'd18cc00b-c339-47a5-9ff9-23c77542a5c3' AND OBSLT_UTC IS NULL;
INSERT INTO CD_REF_TERM_ASSOC_TBL (REF_TERM_ID, CD_ID, EFFT_VRSN_SEQ_ID, REL_TYP_ID) SELECT '2018e5f4-fee1-40ec-a368-350da5fbf212', '65c0a364-b1bf-4b16-8c28-6d1e2fc90ad1', VRSN_SEQ_ID, '2c4dafc2-566a-41ae-9ebc-3097d7d22f4a' FROM CD_VRSN_TBL WHERE CD_ID = '65c0a364-b1bf-4b16-8c28-6d1e2fc90ad1' AND OBSLT_UTC IS NULL;
INSERT INTO CD_REF_TERM_ASSOC_TBL (REF_TERM_ID, CD_ID, EFFT_VRSN_SEQ_ID, REL_TYP_ID) SELECT '73f4abdf-9d2a-491b-982e-8e683ff0abdc', '69f1fd07-ba26-4e92-8ad0-deac7559e90f', VRSN_SEQ_ID, '2c4dafc2-566a-41ae-9ebc-3097d7d22f4a' FROM CD_VRSN_TBL WHERE CD_ID = '69f1fd07-ba26-4e92-8ad0-deac7559e90f' AND OBSLT_UTC IS NULL;
INSERT INTO CD_REF_TERM_ASSOC_TBL (REF_TERM_ID, CD_ID, EFFT_VRSN_SEQ_ID, REL_TYP_ID) SELECT '2077af57-8085-48c6-8a95-3a2bb50af477', '1373ff04-a6ef-420a-b1d0-4a07465fe8e8', VRSN_SEQ_ID, '2c4dafc2-566a-41ae-9ebc-3097d7d22f4a' FROM CD_VRSN_TBL WHERE CD_ID = '1373ff04-a6ef-420a-b1d0-4a07465fe8e8' AND OBSLT_UTC IS NULL;
INSERT INTO CD_REF_TERM_ASSOC_TBL (REF_TERM_ID, CD_ID, EFFT_VRSN_SEQ_ID, REL_TYP_ID) SELECT 'f996c8be-bd96-4320-a8e9-5410eacde7ef', 'b76ff324-b174-40b7-a6ac-d1fdf8e23967', VRSN_SEQ_ID, '2c4dafc2-566a-41ae-9ebc-3097d7d22f4a' FROM CD_VRSN_TBL WHERE CD_ID = 'b76ff324-b174-40b7-a6ac-d1fdf8e23967' AND OBSLT_UTC IS NULL;
INSERT INTO CD_REF_TERM_ASSOC_TBL (REF_TERM_ID, CD_ID, EFFT_VRSN_SEQ_ID, REL_TYP_ID) SELECT '2077af57-8085-48c6-8a95-3a2bb50af477', '1373ff04-a6ef-420a-b1d0-4a07465fe8e8', VRSN_SEQ_ID, '2c4dafc2-566a-41ae-9ebc-3097d7d22f4a' FROM CD_VRSN_TBL WHERE CD_ID = '1373ff04-a6ef-420a-b1d0-4a07465fe8e8' AND OBSLT_UTC IS NULL;
INSERT INTO CD_REF_TERM_ASSOC_TBL (REF_TERM_ID, CD_ID, EFFT_VRSN_SEQ_ID, REL_TYP_ID) SELECT 'e1ac4c12-8903-4a1f-b712-052371f7c26b', '0b019bcf-c51f-4b8c-bfae-b7232a7dfb59', VRSN_SEQ_ID, '2c4dafc2-566a-41ae-9ebc-3097d7d22f4a' FROM CD_VRSN_TBL WHERE CD_ID = '0b019bcf-c51f-4b8c-bfae-b7232a7dfb59' AND OBSLT_UTC IS NULL;
INSERT INTO CD_REF_TERM_ASSOC_TBL (REF_TERM_ID, CD_ID, EFFT_VRSN_SEQ_ID, REL_TYP_ID) SELECT 'caf7fd76-d92d-4e3f-a17c-9b35cb8a1cb6', '4a2de544-f8c9-4e29-b156-df478d5cbe25', VRSN_SEQ_ID, '2c4dafc2-566a-41ae-9ebc-3097d7d22f4a' FROM CD_VRSN_TBL WHERE CD_ID = '4a2de544-f8c9-4e29-b156-df478d5cbe25' AND OBSLT_UTC IS NULL;
INSERT INTO CD_REF_TERM_ASSOC_TBL (REF_TERM_ID, CD_ID, EFFT_VRSN_SEQ_ID, REL_TYP_ID) SELECT '5854e6a6-d581-42ad-91e8-16ef03c4070b', 'fbf1a25a-b874-4d1b-83a9-da193869ee78', VRSN_SEQ_ID, '2c4dafc2-566a-41ae-9ebc-3097d7d22f4a' FROM CD_VRSN_TBL WHERE CD_ID = 'fbf1a25a-b874-4d1b-83a9-da193869ee78' AND OBSLT_UTC IS NULL;
INSERT INTO CD_REF_TERM_ASSOC_TBL (REF_TERM_ID, CD_ID, EFFT_VRSN_SEQ_ID, REL_TYP_ID) SELECT 'f1a94de5-55e8-4f35-bde6-f043887b2ed7', '74cd3296-cb58-4984-9750-d077a130ce05', VRSN_SEQ_ID, '2c4dafc2-566a-41ae-9ebc-3097d7d22f4a' FROM CD_VRSN_TBL WHERE CD_ID = '74cd3296-cb58-4984-9750-d077a130ce05' AND OBSLT_UTC IS NULL;
INSERT INTO CD_REF_TERM_ASSOC_TBL (REF_TERM_ID, CD_ID, EFFT_VRSN_SEQ_ID, REL_TYP_ID) SELECT 'f996c8be-bd96-4320-a8e9-5410eacde7ef', 'b76ff324-b174-40b7-a6ac-d1fdf8e23967', VRSN_SEQ_ID, '2c4dafc2-566a-41ae-9ebc-3097d7d22f4a' FROM CD_VRSN_TBL WHERE CD_ID = 'b76ff324-b174-40b7-a6ac-d1fdf8e23967' AND OBSLT_UTC IS NULL;
INSERT INTO CD_REF_TERM_ASSOC_TBL (REF_TERM_ID, CD_ID, EFFT_VRSN_SEQ_ID, REL_TYP_ID) SELECT '2077af57-8085-48c6-8a95-3a2bb50af477', '1373ff04-a6ef-420a-b1d0-4a07465fe8e8', VRSN_SEQ_ID, '2c4dafc2-566a-41ae-9ebc-3097d7d22f4a' FROM CD_VRSN_TBL WHERE CD_ID = '1373ff04-a6ef-420a-b1d0-4a07465fe8e8' AND OBSLT_UTC IS NULL;
INSERT INTO CD_REF_TERM_ASSOC_TBL (REF_TERM_ID, CD_ID, EFFT_VRSN_SEQ_ID, REL_TYP_ID) SELECT '134b5597-e21a-4e98-8f44-97c5df2d4bd9', 'e29fcfad-ec1d-4c60-a055-039a494248ae', VRSN_SEQ_ID, '2c4dafc2-566a-41ae-9ebc-3097d7d22f4a' FROM CD_VRSN_TBL WHERE CD_ID = 'e29fcfad-ec1d-4c60-a055-039a494248ae' AND OBSLT_UTC IS NULL;
INSERT INTO CD_REF_TERM_ASSOC_TBL (REF_TERM_ID, CD_ID, EFFT_VRSN_SEQ_ID, REL_TYP_ID) SELECT '87f88600-45fe-4cd6-be2f-d52c69a33a42', 'fdf8335e-1f12-4de0-8356-f8778ed41c21', VRSN_SEQ_ID, '2c4dafc2-566a-41ae-9ebc-3097d7d22f4a' FROM CD_VRSN_TBL WHERE CD_ID = 'fdf8335e-1f12-4de0-8356-f8778ed41c21' AND OBSLT_UTC IS NULL;
INSERT INTO CD_REF_TERM_ASSOC_TBL (REF_TERM_ID, CD_ID, EFFT_VRSN_SEQ_ID, REL_TYP_ID) SELECT 'b2f28b5c-2f30-453f-971c-e0c55a15b3f5', '8ba5e5c9-693b-49d4-973c-d7010f3a23ee', VRSN_SEQ_ID, '2c4dafc2-566a-41ae-9ebc-3097d7d22f4a' FROM CD_VRSN_TBL WHERE CD_ID = '8ba5e5c9-693b-49d4-973c-d7010f3a23ee' AND OBSLT_UTC IS NULL;
INSERT INTO CD_REF_TERM_ASSOC_TBL (REF_TERM_ID, CD_ID, EFFT_VRSN_SEQ_ID, REL_TYP_ID) SELECT 'a12235e5-2361-45c5-8e4a-ab5947d7354d', '8a6cb575-cf22-4184-a2b7-d9e99d2cd850', VRSN_SEQ_ID, '2c4dafc2-566a-41ae-9ebc-3097d7d22f4a' FROM CD_VRSN_TBL WHERE CD_ID = '8a6cb575-cf22-4184-a2b7-d9e99d2cd850' AND OBSLT_UTC IS NULL;
INSERT INTO CD_REF_TERM_ASSOC_TBL (REF_TERM_ID, CD_ID, EFFT_VRSN_SEQ_ID, REL_TYP_ID) SELECT '47a3eb04-9f55-44ee-abb8-920649ec70cc', '61fcbf42-b5e0-4fb5-9392-108a5c6dbec7', VRSN_SEQ_ID, '2c4dafc2-566a-41ae-9ebc-3097d7d22f4a' FROM CD_VRSN_TBL WHERE CD_ID = '61fcbf42-b5e0-4fb5-9392-108a5c6dbec7' AND OBSLT_UTC IS NULL;
INSERT INTO CD_REF_TERM_ASSOC_TBL (REF_TERM_ID, CD_ID, EFFT_VRSN_SEQ_ID, REL_TYP_ID) SELECT '064be6eb-73c0-4df4-834b-5e40e4d8de55', '0162f67f-50a6-4743-88b6-edcde354caca', VRSN_SEQ_ID, '2c4dafc2-566a-41ae-9ebc-3097d7d22f4a' FROM CD_VRSN_TBL WHERE CD_ID = '0162f67f-50a6-4743-88b6-edcde354caca' AND OBSLT_UTC IS NULL;
INSERT INTO CD_REF_TERM_ASSOC_TBL (REF_TERM_ID, CD_ID, EFFT_VRSN_SEQ_ID, REL_TYP_ID) SELECT '13b395a2-7f2c-42a8-bf32-234429ffb424', 'b91f756a-5b37-409e-8cf9-c985d5dba2f1', VRSN_SEQ_ID, '2c4dafc2-566a-41ae-9ebc-3097d7d22f4a' FROM CD_VRSN_TBL WHERE CD_ID = 'b91f756a-5b37-409e-8cf9-c985d5dba2f1' AND OBSLT_UTC IS NULL;
INSERT INTO CD_REF_TERM_ASSOC_TBL (REF_TERM_ID, CD_ID, EFFT_VRSN_SEQ_ID, REL_TYP_ID) SELECT '5854e6a6-d581-42ad-91e8-16ef03c4070b', '9de2a846-ddf2-4ebc-902e-84508c5089ea', VRSN_SEQ_ID, '2c4dafc2-566a-41ae-9ebc-3097d7d22f4a' FROM CD_VRSN_TBL WHERE CD_ID = '9de2a846-ddf2-4ebc-902e-84508c5089ea' AND OBSLT_UTC IS NULL;
INSERT INTO CD_REF_TERM_ASSOC_TBL (REF_TERM_ID, CD_ID, EFFT_VRSN_SEQ_ID, REL_TYP_ID) SELECT '381eac72-38a6-4904-9e6d-a5dcd499ed72', 'd39073be-0f8f-440e-b8c8-7034cc138a95', VRSN_SEQ_ID, '2c4dafc2-566a-41ae-9ebc-3097d7d22f4a' FROM CD_VRSN_TBL WHERE CD_ID = 'd39073be-0f8f-440e-b8c8-7034cc138a95' AND OBSLT_UTC IS NULL;
INSERT INTO CD_REF_TERM_ASSOC_TBL (REF_TERM_ID, CD_ID, EFFT_VRSN_SEQ_ID, REL_TYP_ID) SELECT '187d4148-d9d8-4a0f-b642-ce17dbd9b8a4', '2e9fa332-9391-48c6-9fc8-920a750b25d3', VRSN_SEQ_ID, '2c4dafc2-566a-41ae-9ebc-3097d7d22f4a' FROM CD_VRSN_TBL WHERE CD_ID = '2e9fa332-9391-48c6-9fc8-920a750b25d3' AND OBSLT_UTC IS NULL;
INSERT INTO CD_REF_TERM_ASSOC_TBL (REF_TERM_ID, CD_ID, EFFT_VRSN_SEQ_ID, REL_TYP_ID) SELECT 'c0b026c0-e65f-47c8-8e05-2812a54516af', 'e5a09cc2-5ae5-40c2-8e32-687dba06715d', VRSN_SEQ_ID, '2c4dafc2-566a-41ae-9ebc-3097d7d22f4a' FROM CD_VRSN_TBL WHERE CD_ID = 'e5a09cc2-5ae5-40c2-8e32-687dba06715d' AND OBSLT_UTC IS NULL;
INSERT INTO CD_REF_TERM_ASSOC_TBL (REF_TERM_ID, CD_ID, EFFT_VRSN_SEQ_ID, REL_TYP_ID) SELECT 'e1ac4c12-8903-4a1f-b712-052371f7c26b', 'fafec286-89d5-420b-9085-054aca9d1eef', VRSN_SEQ_ID, '2c4dafc2-566a-41ae-9ebc-3097d7d22f4a' FROM CD_VRSN_TBL WHERE CD_ID = 'fafec286-89d5-420b-9085-054aca9d1eef' AND OBSLT_UTC IS NULL;
INSERT INTO CD_REF_TERM_ASSOC_TBL (REF_TERM_ID, CD_ID, EFFT_VRSN_SEQ_ID, REL_TYP_ID) SELECT 'a1d6f704-6f54-4ccf-a189-385b9014b4a9', '2452b691-f122-4121-b9df-76d990b43f35', VRSN_SEQ_ID, '2c4dafc2-566a-41ae-9ebc-3097d7d22f4a' FROM CD_VRSN_TBL WHERE CD_ID = '2452b691-f122-4121-b9df-76d990b43f35' AND OBSLT_UTC IS NULL;
INSERT INTO CD_REF_TERM_ASSOC_TBL (REF_TERM_ID, CD_ID, EFFT_VRSN_SEQ_ID, REL_TYP_ID) SELECT '763f65ac-9735-403d-8826-2d974ac0b371', '2a7043bc-6cca-447d-b230-8414f790cdb6', VRSN_SEQ_ID, '2c4dafc2-566a-41ae-9ebc-3097d7d22f4a' FROM CD_VRSN_TBL WHERE CD_ID = '2a7043bc-6cca-447d-b230-8414f790cdb6' AND OBSLT_UTC IS NULL;
INSERT INTO CD_REF_TERM_ASSOC_TBL (REF_TERM_ID, CD_ID, EFFT_VRSN_SEQ_ID, REL_TYP_ID) SELECT '69bf72cc-d383-45c3-8335-eb8d709e8e58', 'a1fa9cd6-1ce7-4f7e-a0c1-7a503f9f1255', VRSN_SEQ_ID, '2c4dafc2-566a-41ae-9ebc-3097d7d22f4a' FROM CD_VRSN_TBL WHERE CD_ID = 'a1fa9cd6-1ce7-4f7e-a0c1-7a503f9f1255' AND OBSLT_UTC IS NULL;
INSERT INTO CD_REF_TERM_ASSOC_TBL (REF_TERM_ID, CD_ID, EFFT_VRSN_SEQ_ID, REL_TYP_ID) SELECT 'caf7fd76-d92d-4e3f-a17c-9b35cb8a1cb6', '7c08bd55-4d42-49cd-92f8-6388d6c4183f', VRSN_SEQ_ID, '2c4dafc2-566a-41ae-9ebc-3097d7d22f4a' FROM CD_VRSN_TBL WHERE CD_ID = '7c08bd55-4d42-49cd-92f8-6388d6c4183f' AND OBSLT_UTC IS NULL;
INSERT INTO CD_REF_TERM_ASSOC_TBL (REF_TERM_ID, CD_ID, EFFT_VRSN_SEQ_ID, REL_TYP_ID) SELECT 'a05812c1-137b-449c-ad42-ec079cd353da', '0b3c64f4-220d-44e5-bdc6-4bfad6120963', VRSN_SEQ_ID, '2c4dafc2-566a-41ae-9ebc-3097d7d22f4a' FROM CD_VRSN_TBL WHERE CD_ID = '0b3c64f4-220d-44e5-bdc6-4bfad6120963' AND OBSLT_UTC IS NULL;
INSERT INTO CD_REF_TERM_ASSOC_TBL (REF_TERM_ID, CD_ID, EFFT_VRSN_SEQ_ID, REL_TYP_ID) SELECT '9c0a580e-0396-4e23-a2bf-12006e95e006', '8cf4b0b0-84e5-4122-85fe-6afa8240c218', VRSN_SEQ_ID, '2c4dafc2-566a-41ae-9ebc-3097d7d22f4a' FROM CD_VRSN_TBL WHERE CD_ID = '8cf4b0b0-84e5-4122-85fe-6afa8240c218' AND OBSLT_UTC IS NULL;
INSERT INTO CD_REF_TERM_ASSOC_TBL (REF_TERM_ID, CD_ID, EFFT_VRSN_SEQ_ID, REL_TYP_ID) SELECT '53d79a52-fd69-4e10-8a90-7244299ca595', 'c7ace528-277d-4efb-94ee-bfd1278f40f7', VRSN_SEQ_ID, '2c4dafc2-566a-41ae-9ebc-3097d7d22f4a' FROM CD_VRSN_TBL WHERE CD_ID = 'c7ace528-277d-4efb-94ee-bfd1278f40f7' AND OBSLT_UTC IS NULL;
INSERT INTO CD_REF_TERM_ASSOC_TBL (REF_TERM_ID, CD_ID, EFFT_VRSN_SEQ_ID, REL_TYP_ID) SELECT 'f1a94de5-55e8-4f35-bde6-f043887b2ed7', '21ab7873-8ef3-4d78-9c19-4582b3c40631', VRSN_SEQ_ID, '2c4dafc2-566a-41ae-9ebc-3097d7d22f4a' FROM CD_VRSN_TBL WHERE CD_ID = '21ab7873-8ef3-4d78-9c19-4582b3c40631' AND OBSLT_UTC IS NULL;
INSERT INTO CD_REF_TERM_ASSOC_TBL (REF_TERM_ID, CD_ID, EFFT_VRSN_SEQ_ID, REL_TYP_ID) SELECT 'b7c9f62d-54db-4b6e-8e55-dec103d4aa75', '79dd4f75-68e8-4722-a7f5-8bc2e08f5cd6', VRSN_SEQ_ID, '2c4dafc2-566a-41ae-9ebc-3097d7d22f4a' FROM CD_VRSN_TBL WHERE CD_ID = '79dd4f75-68e8-4722-a7f5-8bc2e08f5cd6' AND OBSLT_UTC IS NULL;
INSERT INTO CD_REF_TERM_ASSOC_TBL (REF_TERM_ID, CD_ID, EFFT_VRSN_SEQ_ID, REL_TYP_ID) SELECT '3fe3ebc2-d0e2-49ea-bd2e-28b4bc4982b1', '48b2ffb3-07db-47ba-ad73-fc8fb8502471', VRSN_SEQ_ID, '2c4dafc2-566a-41ae-9ebc-3097d7d22f4a' FROM CD_VRSN_TBL WHERE CD_ID = '48b2ffb3-07db-47ba-ad73-fc8fb8502471' AND OBSLT_UTC IS NULL;
INSERT INTO CD_REF_TERM_ASSOC_TBL (REF_TERM_ID, CD_ID, EFFT_VRSN_SEQ_ID, REL_TYP_ID) SELECT '78a9d9f6-b9c3-4ea7-8c74-2d689fca8f2a', '6eefee7d-dff5-46d3-a6a7-171ef93879c7', VRSN_SEQ_ID, '2c4dafc2-566a-41ae-9ebc-3097d7d22f4a' FROM CD_VRSN_TBL WHERE CD_ID = '6eefee7d-dff5-46d3-a6a7-171ef93879c7' AND OBSLT_UTC IS NULL;
INSERT INTO CD_REF_TERM_ASSOC_TBL (REF_TERM_ID, CD_ID, EFFT_VRSN_SEQ_ID, REL_TYP_ID) SELECT 'e9d0f10e-6a79-4104-b5fc-e9d21ef1f9fd', '4d1a5c28-deb7-411e-b75f-d524f90dfa63', VRSN_SEQ_ID, '2c4dafc2-566a-41ae-9ebc-3097d7d22f4a' FROM CD_VRSN_TBL WHERE CD_ID = '4d1a5c28-deb7-411e-b75f-d524f90dfa63' AND OBSLT_UTC IS NULL;
INSERT INTO CD_REF_TERM_ASSOC_TBL (REF_TERM_ID, CD_ID, EFFT_VRSN_SEQ_ID, REL_TYP_ID) SELECT 'b8c01e74-19b1-4489-bd96-9e8c2ad44913', '1935aaf6-d487-4c82-ac17-fb917b5b6d71', VRSN_SEQ_ID, '2c4dafc2-566a-41ae-9ebc-3097d7d22f4a' FROM CD_VRSN_TBL WHERE CD_ID = '1935aaf6-d487-4c82-ac17-fb917b5b6d71' AND OBSLT_UTC IS NULL;
INSERT INTO CD_REF_TERM_ASSOC_TBL (REF_TERM_ID, CD_ID, EFFT_VRSN_SEQ_ID, REL_TYP_ID) SELECT 'd5204acd-3bf5-46b3-9ca2-f4fe64034311', 'f29f08de-78a7-4a5e-aeaf-7b545ba19a09', VRSN_SEQ_ID, '2c4dafc2-566a-41ae-9ebc-3097d7d22f4a' FROM CD_VRSN_TBL WHERE CD_ID = 'f29f08de-78a7-4a5e-aeaf-7b545ba19a09' AND OBSLT_UTC IS NULL;
INSERT INTO CD_REF_TERM_ASSOC_TBL (REF_TERM_ID, CD_ID, EFFT_VRSN_SEQ_ID, REL_TYP_ID) SELECT '25bc74a7-7ab1-4744-aedd-a08962d40021', 'ad28a7ac-a66b-42c4-91b4-de40a2b11980', VRSN_SEQ_ID, '2c4dafc2-566a-41ae-9ebc-3097d7d22f4a' FROM CD_VRSN_TBL WHERE CD_ID = 'ad28a7ac-a66b-42c4-91b4-de40a2b11980' AND OBSLT_UTC IS NULL;
INSERT INTO CD_REF_TERM_ASSOC_TBL (REF_TERM_ID, CD_ID, EFFT_VRSN_SEQ_ID, REL_TYP_ID) SELECT '22e3932d-2df5-4313-a6f5-9a47c65075b1', '604cf1b7-8891-49fb-b95f-3e4e875691bc', VRSN_SEQ_ID, '2c4dafc2-566a-41ae-9ebc-3097d7d22f4a' FROM CD_VRSN_TBL WHERE CD_ID = '604cf1b7-8891-49fb-b95f-3e4e875691bc' AND OBSLT_UTC IS NULL;
INSERT INTO CD_REF_TERM_ASSOC_TBL (REF_TERM_ID, CD_ID, EFFT_VRSN_SEQ_ID, REL_TYP_ID) SELECT '25bc74a7-7ab1-4744-aedd-a08962d40021', 'ad28a7ac-a66b-42c4-91b4-de40a2b11980', VRSN_SEQ_ID, '2c4dafc2-566a-41ae-9ebc-3097d7d22f4a' FROM CD_VRSN_TBL WHERE CD_ID = 'ad28a7ac-a66b-42c4-91b4-de40a2b11980' AND OBSLT_UTC IS NULL;
INSERT INTO CD_REF_TERM_ASSOC_TBL (REF_TERM_ID, CD_ID, EFFT_VRSN_SEQ_ID, REL_TYP_ID) SELECT '22e3932d-2df5-4313-a6f5-9a47c65075b1', '604cf1b7-8891-49fb-b95f-3e4e875691bc', VRSN_SEQ_ID, '2c4dafc2-566a-41ae-9ebc-3097d7d22f4a' FROM CD_VRSN_TBL WHERE CD_ID = '604cf1b7-8891-49fb-b95f-3e4e875691bc' AND OBSLT_UTC IS NULL;
INSERT INTO CD_REF_TERM_ASSOC_TBL (REF_TERM_ID, CD_ID, EFFT_VRSN_SEQ_ID, REL_TYP_ID) SELECT 'd5204acd-3bf5-46b3-9ca2-f4fe64034311', 'f29f08de-78a7-4a5e-aeaf-7b545ba19a09', VRSN_SEQ_ID, '2c4dafc2-566a-41ae-9ebc-3097d7d22f4a' FROM CD_VRSN_TBL WHERE CD_ID = 'f29f08de-78a7-4a5e-aeaf-7b545ba19a09' AND OBSLT_UTC IS NULL;
INSERT INTO CD_REF_TERM_ASSOC_TBL (REF_TERM_ID, CD_ID, EFFT_VRSN_SEQ_ID, REL_TYP_ID) SELECT 'f42287f1-c8a6-4586-a463-548e0e3ac3cc', '71651ed8-8c91-4839-b76e-9bfdd2edba43', VRSN_SEQ_ID, '2c4dafc2-566a-41ae-9ebc-3097d7d22f4a' FROM CD_VRSN_TBL WHERE CD_ID = '71651ed8-8c91-4839-b76e-9bfdd2edba43' AND OBSLT_UTC IS NULL;
INSERT INTO CD_REF_TERM_ASSOC_TBL (REF_TERM_ID, CD_ID, EFFT_VRSN_SEQ_ID, REL_TYP_ID) SELECT 'c7358a21-d2cc-46d8-8fe9-87c794f72571', 'f0cb3faf-435d-4704-9217-b884f757bc14', VRSN_SEQ_ID, '2c4dafc2-566a-41ae-9ebc-3097d7d22f4a' FROM CD_VRSN_TBL WHERE CD_ID = 'f0cb3faf-435d-4704-9217-b884f757bc14' AND OBSLT_UTC IS NULL;
INSERT INTO CD_REF_TERM_ASSOC_TBL (REF_TERM_ID, CD_ID, EFFT_VRSN_SEQ_ID, REL_TYP_ID) SELECT 'a879a666-d7e3-423a-8592-dbe1ffe1ace3', 'f158af2a-d405-4616-a459-50e8494a9a56', VRSN_SEQ_ID, '2c4dafc2-566a-41ae-9ebc-3097d7d22f4a' FROM CD_VRSN_TBL WHERE CD_ID = 'f158af2a-d405-4616-a459-50e8494a9a56' AND OBSLT_UTC IS NULL;
INSERT INTO CD_REF_TERM_ASSOC_TBL (REF_TERM_ID, CD_ID, EFFT_VRSN_SEQ_ID, REL_TYP_ID) SELECT '5251021f-38e2-4b9f-bf13-68460a24fc8f', 'cc35ad2b-6699-4946-ae38-76ab08193f41', VRSN_SEQ_ID, '2c4dafc2-566a-41ae-9ebc-3097d7d22f4a' FROM CD_VRSN_TBL WHERE CD_ID = 'cc35ad2b-6699-4946-ae38-76ab08193f41' AND OBSLT_UTC IS NULL;
INSERT INTO CD_REF_TERM_ASSOC_TBL (REF_TERM_ID, CD_ID, EFFT_VRSN_SEQ_ID, REL_TYP_ID) SELECT '9a0222c7-02a7-4734-9991-f3ff7dd6a47e', 'c50d66d2-e5da-4a34-b2b7-4cd4fe4ef2c4', VRSN_SEQ_ID, '2c4dafc2-566a-41ae-9ebc-3097d7d22f4a' FROM CD_VRSN_TBL WHERE CD_ID = 'c50d66d2-e5da-4a34-b2b7-4cd4fe4ef2c4' AND OBSLT_UTC IS NULL;
INSERT INTO CD_REF_TERM_ASSOC_TBL (REF_TERM_ID, CD_ID, EFFT_VRSN_SEQ_ID, REL_TYP_ID) SELECT '11b99d82-95c7-4534-b22b-2201848e128b', '39604248-7812-4b60-bc54-8cc1fffb1de6', VRSN_SEQ_ID, '2c4dafc2-566a-41ae-9ebc-3097d7d22f4a' FROM CD_VRSN_TBL WHERE CD_ID = '39604248-7812-4b60-bc54-8cc1fffb1de6' AND OBSLT_UTC IS NULL;
INSERT INTO CD_REF_TERM_ASSOC_TBL (REF_TERM_ID, CD_ID, EFFT_VRSN_SEQ_ID, REL_TYP_ID) SELECT 'ca2e5a2d-4c67-4249-a95a-db8c8be67523', 'ec8a5482-2059-43fc-a4ce-04f71f64e3d8', VRSN_SEQ_ID, '2c4dafc2-566a-41ae-9ebc-3097d7d22f4a' FROM CD_VRSN_TBL WHERE CD_ID = 'ec8a5482-2059-43fc-a4ce-04f71f64e3d8' AND OBSLT_UTC IS NULL;
INSERT INTO CD_REF_TERM_ASSOC_TBL (REF_TERM_ID, CD_ID, EFFT_VRSN_SEQ_ID, REL_TYP_ID) SELECT '1807ae4a-7d7e-4fb5-91d4-49e7841483f7', 'd64ed94f-e4a4-49a2-a0d8-1e6f393aab36', VRSN_SEQ_ID, '2c4dafc2-566a-41ae-9ebc-3097d7d22f4a' FROM CD_VRSN_TBL WHERE CD_ID = 'd64ed94f-e4a4-49a2-a0d8-1e6f393aab36' AND OBSLT_UTC IS NULL;
INSERT INTO CD_REF_TERM_ASSOC_TBL (REF_TERM_ID, CD_ID, EFFT_VRSN_SEQ_ID, REL_TYP_ID) SELECT 'a7462566-c30f-4b9b-8306-2244c2ce737f', '196405f1-e07e-494e-a56e-b4b563cd85fc', VRSN_SEQ_ID, '2c4dafc2-566a-41ae-9ebc-3097d7d22f4a' FROM CD_VRSN_TBL WHERE CD_ID = '196405f1-e07e-494e-a56e-b4b563cd85fc' AND OBSLT_UTC IS NULL;
INSERT INTO CD_REF_TERM_ASSOC_TBL (REF_TERM_ID, CD_ID, EFFT_VRSN_SEQ_ID, REL_TYP_ID) SELECT 'e8b20fdd-6ac7-4caa-9de5-9c93bf2ab33f', '97ad6a1d-6871-448c-a504-cb82cabc0452', VRSN_SEQ_ID, '2c4dafc2-566a-41ae-9ebc-3097d7d22f4a' FROM CD_VRSN_TBL WHERE CD_ID = '97ad6a1d-6871-448c-a504-cb82cabc0452' AND OBSLT_UTC IS NULL;
INSERT INTO CD_REF_TERM_ASSOC_TBL (REF_TERM_ID, CD_ID, EFFT_VRSN_SEQ_ID, REL_TYP_ID) SELECT 'd33bc7f5-4a41-429c-befa-cdb79452095b', '4c503921-1d6e-4149-a3c4-33f6be4646ce', VRSN_SEQ_ID, '2c4dafc2-566a-41ae-9ebc-3097d7d22f4a' FROM CD_VRSN_TBL WHERE CD_ID = '4c503921-1d6e-4149-a3c4-33f6be4646ce' AND OBSLT_UTC IS NULL;
INSERT INTO CD_REF_TERM_ASSOC_TBL (REF_TERM_ID, CD_ID, EFFT_VRSN_SEQ_ID, REL_TYP_ID) SELECT '1cb6874e-51c9-4361-9747-c688f14475ff', '4b8b0a87-7d2e-406d-aeb0-1041c3841b57', VRSN_SEQ_ID, '2c4dafc2-566a-41ae-9ebc-3097d7d22f4a' FROM CD_VRSN_TBL WHERE CD_ID = '4b8b0a87-7d2e-406d-aeb0-1041c3841b57' AND OBSLT_UTC IS NULL;
INSERT INTO CD_REF_TERM_ASSOC_TBL (REF_TERM_ID, CD_ID, EFFT_VRSN_SEQ_ID, REL_TYP_ID) SELECT 'e4aae703-94a2-49e1-b923-c637e698c983', '61848557-d78d-40e5-954f-0b9c97307a04', VRSN_SEQ_ID, '2c4dafc2-566a-41ae-9ebc-3097d7d22f4a' FROM CD_VRSN_TBL WHERE CD_ID = '61848557-d78d-40e5-954f-0b9c97307a04' AND OBSLT_UTC IS NULL;
INSERT INTO CD_REF_TERM_ASSOC_TBL (REF_TERM_ID, CD_ID, EFFT_VRSN_SEQ_ID, REL_TYP_ID) SELECT '42f9b574-a7a6-4bc8-ae71-c208a70365a6', '455dadf8-c175-45a1-a859-34283a8210f8', VRSN_SEQ_ID, '2c4dafc2-566a-41ae-9ebc-3097d7d22f4a' FROM CD_VRSN_TBL WHERE CD_ID = '455dadf8-c175-45a1-a859-34283a8210f8' AND OBSLT_UTC IS NULL;
INSERT INTO CD_REF_TERM_ASSOC_TBL (REF_TERM_ID, CD_ID, EFFT_VRSN_SEQ_ID, REL_TYP_ID) SELECT '2f18c510-1493-4764-b102-7881671586ed', 'a0174216-6439-4351-9483-a241a48029b7', VRSN_SEQ_ID, '2c4dafc2-566a-41ae-9ebc-3097d7d22f4a' FROM CD_VRSN_TBL WHERE CD_ID = 'a0174216-6439-4351-9483-a241a48029b7' AND OBSLT_UTC IS NULL;
INSERT INTO CD_REF_TERM_ASSOC_TBL (REF_TERM_ID, CD_ID, EFFT_VRSN_SEQ_ID, REL_TYP_ID) SELECT '332f68b4-ab20-443d-a37d-f7d0ec5e44f5', '6cbf29ad-ac51-48c9-885a-cfe3026ecf6e', VRSN_SEQ_ID, '2c4dafc2-566a-41ae-9ebc-3097d7d22f4a' FROM CD_VRSN_TBL WHERE CD_ID = '6cbf29ad-ac51-48c9-885a-cfe3026ecf6e' AND OBSLT_UTC IS NULL;
INSERT INTO CD_REF_TERM_ASSOC_TBL (REF_TERM_ID, CD_ID, EFFT_VRSN_SEQ_ID, REL_TYP_ID) SELECT 'c7358a21-d2cc-46d8-8fe9-87c794f72571', 'f0cb3faf-435d-4704-9217-b884f757bc14', VRSN_SEQ_ID, '2c4dafc2-566a-41ae-9ebc-3097d7d22f4a' FROM CD_VRSN_TBL WHERE CD_ID = 'f0cb3faf-435d-4704-9217-b884f757bc14' AND OBSLT_UTC IS NULL;
INSERT INTO CD_REF_TERM_ASSOC_TBL (REF_TERM_ID, CD_ID, EFFT_VRSN_SEQ_ID, REL_TYP_ID) SELECT '1827607d-80b0-4ea1-9cf5-a4e4d57ee02a', '9c4c40ae-2c15-4581-a496-be1abfe4eb66', VRSN_SEQ_ID, '2c4dafc2-566a-41ae-9ebc-3097d7d22f4a' FROM CD_VRSN_TBL WHERE CD_ID = '9c4c40ae-2c15-4581-a496-be1abfe4eb66' AND OBSLT_UTC IS NULL;
INSERT INTO CD_REF_TERM_ASSOC_TBL (REF_TERM_ID, CD_ID, EFFT_VRSN_SEQ_ID, REL_TYP_ID) SELECT '33d57233-b119-4925-8235-170e30060ed7', '0a364ad7-f961-4d8a-93f0-1fd4176548b3', VRSN_SEQ_ID, '2c4dafc2-566a-41ae-9ebc-3097d7d22f4a' FROM CD_VRSN_TBL WHERE CD_ID = '0a364ad7-f961-4d8a-93f0-1fd4176548b3' AND OBSLT_UTC IS NULL;
INSERT INTO CD_REF_TERM_ASSOC_TBL (REF_TERM_ID, CD_ID, EFFT_VRSN_SEQ_ID, REL_TYP_ID) SELECT '5f1b5be2-bcf7-40a8-bd4e-20ca20091c42', '1373ff04-a6ef-420a-b1d0-4a07465fe8e8', VRSN_SEQ_ID, '2c4dafc2-566a-41ae-9ebc-3097d7d22f4a' FROM CD_VRSN_TBL WHERE CD_ID = '1373ff04-a6ef-420a-b1d0-4a07465fe8e8' AND OBSLT_UTC IS NULL;
INSERT INTO CD_REF_TERM_ASSOC_TBL (REF_TERM_ID, CD_ID, EFFT_VRSN_SEQ_ID, REL_TYP_ID) SELECT '7e5277ce-7d4c-4558-aa90-e0d7e00857e4', 'd9f63423-ba9b-48d9-ba38-c404b784b670', VRSN_SEQ_ID, '2c4dafc2-566a-41ae-9ebc-3097d7d22f4a' FROM CD_VRSN_TBL WHERE CD_ID = 'd9f63423-ba9b-48d9-ba38-c404b784b670' AND OBSLT_UTC IS NULL;
INSERT INTO CD_REF_TERM_ASSOC_TBL (REF_TERM_ID, CD_ID, EFFT_VRSN_SEQ_ID, REL_TYP_ID) SELECT '85721308-da99-4d46-aaa3-054f4576f15e', 'a2594e6e-e8fe-4c68-82a5-d3a46dbec87d', VRSN_SEQ_ID, '2c4dafc2-566a-41ae-9ebc-3097d7d22f4a' FROM CD_VRSN_TBL WHERE CD_ID = 'a2594e6e-e8fe-4c68-82a5-d3a46dbec87d' AND OBSLT_UTC IS NULL;
INSERT INTO CD_REF_TERM_ASSOC_TBL (REF_TERM_ID, CD_ID, EFFT_VRSN_SEQ_ID, REL_TYP_ID) SELECT '9a0222c7-02a7-4734-9991-f3ff7dd6a47e', 'c50d66d2-e5da-4a34-b2b7-4cd4fe4ef2c4', VRSN_SEQ_ID, '2c4dafc2-566a-41ae-9ebc-3097d7d22f4a' FROM CD_VRSN_TBL WHERE CD_ID = 'c50d66d2-e5da-4a34-b2b7-4cd4fe4ef2c4' AND OBSLT_UTC IS NULL;
INSERT INTO CD_REF_TERM_ASSOC_TBL (REF_TERM_ID, CD_ID, EFFT_VRSN_SEQ_ID, REL_TYP_ID) SELECT 'eaba31f4-f772-447d-8e67-082e64cdc64f', '727a61ed-2f35-4e09-8bb6-6d09e2ba8fec', VRSN_SEQ_ID, '2c4dafc2-566a-41ae-9ebc-3097d7d22f4a' FROM CD_VRSN_TBL WHERE CD_ID = '727a61ed-2f35-4e09-8bb6-6d09e2ba8fec' AND OBSLT_UTC IS NULL;
INSERT INTO CD_REF_TERM_ASSOC_TBL (REF_TERM_ID, CD_ID, EFFT_VRSN_SEQ_ID, REL_TYP_ID) SELECT '854471f9-dc36-4a54-b880-497348e8825a', '5a6a6766-8e1d-4d36-ae50-9b7d82d8a182', VRSN_SEQ_ID, '2c4dafc2-566a-41ae-9ebc-3097d7d22f4a' FROM CD_VRSN_TBL WHERE CD_ID = '5a6a6766-8e1d-4d36-ae50-9b7d82d8a182' AND OBSLT_UTC IS NULL;
INSERT INTO CD_REF_TERM_ASSOC_TBL (REF_TERM_ID, CD_ID, EFFT_VRSN_SEQ_ID, REL_TYP_ID) SELECT 'decb3f70-b32f-4294-88e0-e51c597083e4', '3a9f0c2f-e322-4639-a8e7-0df67cac761b', VRSN_SEQ_ID, '2c4dafc2-566a-41ae-9ebc-3097d7d22f4a' FROM CD_VRSN_TBL WHERE CD_ID = '3a9f0c2f-e322-4639-a8e7-0df67cac761b' AND OBSLT_UTC IS NULL;
INSERT INTO CD_REF_TERM_ASSOC_TBL (REF_TERM_ID, CD_ID, EFFT_VRSN_SEQ_ID, REL_TYP_ID) SELECT '11b99d82-95c7-4534-b22b-2201848e128b', '39604248-7812-4b60-bc54-8cc1fffb1de6', VRSN_SEQ_ID, '2c4dafc2-566a-41ae-9ebc-3097d7d22f4a' FROM CD_VRSN_TBL WHERE CD_ID = '39604248-7812-4b60-bc54-8cc1fffb1de6' AND OBSLT_UTC IS NULL;
INSERT INTO CD_REF_TERM_ASSOC_TBL (REF_TERM_ID, CD_ID, EFFT_VRSN_SEQ_ID, REL_TYP_ID) SELECT '7910c92f-e9f8-46e5-bc2f-3e3737f840ed', '9790b291-b8a3-4c85-a240-c2c38885ad5d', VRSN_SEQ_ID, '2c4dafc2-566a-41ae-9ebc-3097d7d22f4a' FROM CD_VRSN_TBL WHERE CD_ID = '9790b291-b8a3-4c85-a240-c2c38885ad5d' AND OBSLT_UTC IS NULL;
INSERT INTO CD_REF_TERM_ASSOC_TBL (REF_TERM_ID, CD_ID, EFFT_VRSN_SEQ_ID, REL_TYP_ID) SELECT 'e4aae703-94a2-49e1-b923-c637e698c983', '61848557-d78d-40e5-954f-0b9c97307a04', VRSN_SEQ_ID, '2c4dafc2-566a-41ae-9ebc-3097d7d22f4a' FROM CD_VRSN_TBL WHERE CD_ID = '61848557-d78d-40e5-954f-0b9c97307a04' AND OBSLT_UTC IS NULL;
INSERT INTO CD_REF_TERM_ASSOC_TBL (REF_TERM_ID, CD_ID, EFFT_VRSN_SEQ_ID, REL_TYP_ID) SELECT 'ee1645a8-1d36-4a6a-a0b0-f262a4b1dff3', 'c704a23d-86ef-4e11-9050-f8aa10919ff2', VRSN_SEQ_ID, '2c4dafc2-566a-41ae-9ebc-3097d7d22f4a' FROM CD_VRSN_TBL WHERE CD_ID = 'c704a23d-86ef-4e11-9050-f8aa10919ff2' AND OBSLT_UTC IS NULL;
INSERT INTO CD_REF_TERM_ASSOC_TBL (REF_TERM_ID, CD_ID, EFFT_VRSN_SEQ_ID, REL_TYP_ID) SELECT 'd5977dd7-6ce5-4319-843d-870b83497029', '5e8e0f8b-bc23-4847-82ab-49b8dd79981e', VRSN_SEQ_ID, '2c4dafc2-566a-41ae-9ebc-3097d7d22f4a' FROM CD_VRSN_TBL WHERE CD_ID = '5e8e0f8b-bc23-4847-82ab-49b8dd79981e' AND OBSLT_UTC IS NULL;
INSERT INTO CD_REF_TERM_ASSOC_TBL (REF_TERM_ID, CD_ID, EFFT_VRSN_SEQ_ID, REL_TYP_ID) SELECT '6d6392ac-cc7b-4bcf-af2f-49534dbd4d63', 'de3f7527-e3c9-45ef-8574-00ca4495f767', VRSN_SEQ_ID, '2c4dafc2-566a-41ae-9ebc-3097d7d22f4a' FROM CD_VRSN_TBL WHERE CD_ID = 'de3f7527-e3c9-45ef-8574-00ca4495f767' AND OBSLT_UTC IS NULL;
INSERT INTO CD_REF_TERM_ASSOC_TBL (REF_TERM_ID, CD_ID, EFFT_VRSN_SEQ_ID, REL_TYP_ID) SELECT '4242797c-19a5-4ead-8987-54891b80ed26', '0b82357f-5ae0-4543-ab8e-a33e9b315bab', VRSN_SEQ_ID, '2c4dafc2-566a-41ae-9ebc-3097d7d22f4a' FROM CD_VRSN_TBL WHERE CD_ID = '0b82357f-5ae0-4543-ab8e-a33e9b315bab' AND OBSLT_UTC IS NULL;
INSERT INTO CD_REF_TERM_ASSOC_TBL (REF_TERM_ID, CD_ID, EFFT_VRSN_SEQ_ID, REL_TYP_ID) SELECT '5251021f-38e2-4b9f-bf13-68460a24fc8f', '649d6d69-139c-4006-ae45-aff4649d6079', VRSN_SEQ_ID, '2c4dafc2-566a-41ae-9ebc-3097d7d22f4a' FROM CD_VRSN_TBL WHERE CD_ID = '649d6d69-139c-4006-ae45-aff4649d6079' AND OBSLT_UTC IS NULL;
INSERT INTO CD_REF_TERM_ASSOC_TBL (REF_TERM_ID, CD_ID, EFFT_VRSN_SEQ_ID, REL_TYP_ID) SELECT 'f7ce8e5b-aa68-4458-a8ec-25d2b7cb26fb', '479896b0-35d5-4842-8109-5fdbee14e8a4', VRSN_SEQ_ID, '2c4dafc2-566a-41ae-9ebc-3097d7d22f4a' FROM CD_VRSN_TBL WHERE CD_ID = '479896b0-35d5-4842-8109-5fdbee14e8a4' AND OBSLT_UTC IS NULL;
INSERT INTO CD_REF_TERM_ASSOC_TBL (REF_TERM_ID, CD_ID, EFFT_VRSN_SEQ_ID, REL_TYP_ID) SELECT 'a879a666-d7e3-423a-8592-dbe1ffe1ace3', 'a5cac7f7-e3b7-4dd8-872c-db0e7fcc2d84', VRSN_SEQ_ID, '2c4dafc2-566a-41ae-9ebc-3097d7d22f4a' FROM CD_VRSN_TBL WHERE CD_ID = 'a5cac7f7-e3b7-4dd8-872c-db0e7fcc2d84' AND OBSLT_UTC IS NULL;
INSERT INTO CD_REF_TERM_ASSOC_TBL (REF_TERM_ID, CD_ID, EFFT_VRSN_SEQ_ID, REL_TYP_ID) SELECT 'e271da88-767b-4779-8534-4416029faed6', '6792db6c-fd5c-4ab8-96f5-ace5665bdcb9', VRSN_SEQ_ID, '2c4dafc2-566a-41ae-9ebc-3097d7d22f4a' FROM CD_VRSN_TBL WHERE CD_ID = '6792db6c-fd5c-4ab8-96f5-ace5665bdcb9' AND OBSLT_UTC IS NULL;
INSERT INTO CD_REF_TERM_ASSOC_TBL (REF_TERM_ID, CD_ID, EFFT_VRSN_SEQ_ID, REL_TYP_ID) SELECT '95ecfb32-090b-40f8-b7d8-231525b4214f', '76990d3d-3f27-4b39-836b-ba87eeba3328', VRSN_SEQ_ID, '2c4dafc2-566a-41ae-9ebc-3097d7d22f4a' FROM CD_VRSN_TBL WHERE CD_ID = '76990d3d-3f27-4b39-836b-ba87eeba3328' AND OBSLT_UTC IS NULL;
INSERT INTO CD_REF_TERM_ASSOC_TBL (REF_TERM_ID, CD_ID, EFFT_VRSN_SEQ_ID, REL_TYP_ID) SELECT '41e9042a-f8e0-4bc9-89cc-64fa7cb0db7d', 'be1235ee-710a-4732-88fd-6e895de7c56d', VRSN_SEQ_ID, '2c4dafc2-566a-41ae-9ebc-3097d7d22f4a' FROM CD_VRSN_TBL WHERE CD_ID = 'be1235ee-710a-4732-88fd-6e895de7c56d' AND OBSLT_UTC IS NULL;
INSERT INTO CD_REF_TERM_ASSOC_TBL (REF_TERM_ID, CD_ID, EFFT_VRSN_SEQ_ID, REL_TYP_ID) SELECT '278988c2-bec3-4ad1-98a9-f66a3a38f6c9', 'ea60a5a9-e971-4f0d-bb5d-dc7a0c74a2c9', VRSN_SEQ_ID, '2c4dafc2-566a-41ae-9ebc-3097d7d22f4a' FROM CD_VRSN_TBL WHERE CD_ID = 'ea60a5a9-e971-4f0d-bb5d-dc7a0c74a2c9' AND OBSLT_UTC IS NULL;
INSERT INTO CD_REF_TERM_ASSOC_TBL (REF_TERM_ID, CD_ID, EFFT_VRSN_SEQ_ID, REL_TYP_ID) SELECT 'cdd00b51-3223-49f8-b8e2-31f213addc87', 'ec401b5c-4c33-4229-9c72-428fc5db37ff', VRSN_SEQ_ID, '2c4dafc2-566a-41ae-9ebc-3097d7d22f4a' FROM CD_VRSN_TBL WHERE CD_ID = 'ec401b5c-4c33-4229-9c72-428fc5db37ff' AND OBSLT_UTC IS NULL;
INSERT INTO CD_REF_TERM_ASSOC_TBL (REF_TERM_ID, CD_ID, EFFT_VRSN_SEQ_ID, REL_TYP_ID) SELECT '6779b1f1-4e45-4aab-a5dc-cc746e953d73', 'cbb6297b-743c-453c-8476-ba4c10a1c965', VRSN_SEQ_ID, '2c4dafc2-566a-41ae-9ebc-3097d7d22f4a' FROM CD_VRSN_TBL WHERE CD_ID = 'cbb6297b-743c-453c-8476-ba4c10a1c965' AND OBSLT_UTC IS NULL;
INSERT INTO CD_REF_TERM_ASSOC_TBL (REF_TERM_ID, CD_ID, EFFT_VRSN_SEQ_ID, REL_TYP_ID) SELECT 'a7462566-c30f-4b9b-8306-2244c2ce737f', '99e77288-cb09-4050-a8cf-385513f32f0a', VRSN_SEQ_ID, '2c4dafc2-566a-41ae-9ebc-3097d7d22f4a' FROM CD_VRSN_TBL WHERE CD_ID = '99e77288-cb09-4050-a8cf-385513f32f0a' AND OBSLT_UTC IS NULL;
INSERT INTO CD_REF_TERM_ASSOC_TBL (REF_TERM_ID, CD_ID, EFFT_VRSN_SEQ_ID, REL_TYP_ID) SELECT '42f9b574-a7a6-4bc8-ae71-c208a70365a6', '03067700-ce37-405f-8ed3-e4965ba2f601', VRSN_SEQ_ID, '2c4dafc2-566a-41ae-9ebc-3097d7d22f4a' FROM CD_VRSN_TBL WHERE CD_ID = '03067700-ce37-405f-8ed3-e4965ba2f601' AND OBSLT_UTC IS NULL;
INSERT INTO CD_REF_TERM_ASSOC_TBL (REF_TERM_ID, CD_ID, EFFT_VRSN_SEQ_ID, REL_TYP_ID) SELECT '1cb6874e-51c9-4361-9747-c688f14475ff', 'bce17b21-05b2-4f02-bf7a-c6d3561aa948', VRSN_SEQ_ID, '2c4dafc2-566a-41ae-9ebc-3097d7d22f4a' FROM CD_VRSN_TBL WHERE CD_ID = 'bce17b21-05b2-4f02-bf7a-c6d3561aa948' AND OBSLT_UTC IS NULL;
INSERT INTO CD_REF_TERM_ASSOC_TBL (REF_TERM_ID, CD_ID, EFFT_VRSN_SEQ_ID, REL_TYP_ID) SELECT '0cf19f58-5bd8-4e54-a6ed-c261a3e0d322', '28c744df-d889-4a44-bc1a-2e9e9d64af13', VRSN_SEQ_ID, '2c4dafc2-566a-41ae-9ebc-3097d7d22f4a' FROM CD_VRSN_TBL WHERE CD_ID = '28c744df-d889-4a44-bc1a-2e9e9d64af13' AND OBSLT_UTC IS NULL;
INSERT INTO CD_REF_TERM_ASSOC_TBL (REF_TERM_ID, CD_ID, EFFT_VRSN_SEQ_ID, REL_TYP_ID) SELECT '5eaafdf9-0d21-4074-9323-6ec92718dd84', '7f81b83e-0d78-4685-8ba4-224eb315ce54', VRSN_SEQ_ID, '2c4dafc2-566a-41ae-9ebc-3097d7d22f4a' FROM CD_VRSN_TBL WHERE CD_ID = '7f81b83e-0d78-4685-8ba4-224eb315ce54' AND OBSLT_UTC IS NULL;
INSERT INTO CD_REF_TERM_ASSOC_TBL (REF_TERM_ID, CD_ID, EFFT_VRSN_SEQ_ID, REL_TYP_ID) SELECT '18490620-c230-4ae4-a0b3-b680c1984ff3', '4b5471d4-e3fe-45f7-85a2-ae2b4f224757', VRSN_SEQ_ID, '2c4dafc2-566a-41ae-9ebc-3097d7d22f4a' FROM CD_VRSN_TBL WHERE CD_ID = '4b5471d4-e3fe-45f7-85a2-ae2b4f224757' AND OBSLT_UTC IS NULL;
INSERT INTO CD_REF_TERM_ASSOC_TBL (REF_TERM_ID, CD_ID, EFFT_VRSN_SEQ_ID, REL_TYP_ID) SELECT '4c82cc9e-b292-48a4-91c7-dac3df5e547c', '28fb791e-179e-461a-b16c-cac13a04bd0a', VRSN_SEQ_ID, '2c4dafc2-566a-41ae-9ebc-3097d7d22f4a' FROM CD_VRSN_TBL WHERE CD_ID = '28fb791e-179e-461a-b16c-cac13a04bd0a' AND OBSLT_UTC IS NULL;
INSERT INTO CD_REF_TERM_ASSOC_TBL (REF_TERM_ID, CD_ID, EFFT_VRSN_SEQ_ID, REL_TYP_ID) SELECT 'ca0124e4-dbd5-4756-a0bf-f7d84002570e', '2452b691-f122-4121-b9df-76d990b43f35', VRSN_SEQ_ID, '2c4dafc2-566a-41ae-9ebc-3097d7d22f4a' FROM CD_VRSN_TBL WHERE CD_ID = '2452b691-f122-4121-b9df-76d990b43f35' AND OBSLT_UTC IS NULL;
INSERT INTO CD_REF_TERM_ASSOC_TBL (REF_TERM_ID, CD_ID, EFFT_VRSN_SEQ_ID, REL_TYP_ID) SELECT 'e8b20fdd-6ac7-4caa-9de5-9c93bf2ab33f', '3f92dbee-a65e-434f-98ce-841feeb02e3f', VRSN_SEQ_ID, '2c4dafc2-566a-41ae-9ebc-3097d7d22f4a' FROM CD_VRSN_TBL WHERE CD_ID = '3f92dbee-a65e-434f-98ce-841feeb02e3f' AND OBSLT_UTC IS NULL;
INSERT INTO CD_REF_TERM_ASSOC_TBL (REF_TERM_ID, CD_ID, EFFT_VRSN_SEQ_ID, REL_TYP_ID) SELECT 'bdf6fee7-efd1-445b-bfbc-ba192be966d3', '53c694b8-27d8-43dd-95a4-bb318431d17c', VRSN_SEQ_ID, '2c4dafc2-566a-41ae-9ebc-3097d7d22f4a' FROM CD_VRSN_TBL WHERE CD_ID = '53c694b8-27d8-43dd-95a4-bb318431d17c' AND OBSLT_UTC IS NULL;
INSERT INTO CD_REF_TERM_ASSOC_TBL (REF_TERM_ID, CD_ID, EFFT_VRSN_SEQ_ID, REL_TYP_ID) SELECT '1edfe367-b9d1-4e9c-bb95-83df6e2c20bc', '01b87999-85a7-4f5c-9b7e-892f1195cfe3', VRSN_SEQ_ID, '2c4dafc2-566a-41ae-9ebc-3097d7d22f4a' FROM CD_VRSN_TBL WHERE CD_ID = '01b87999-85a7-4f5c-9b7e-892f1195cfe3' AND OBSLT_UTC IS NULL;
INSERT INTO CD_REF_TERM_ASSOC_TBL (REF_TERM_ID, CD_ID, EFFT_VRSN_SEQ_ID, REL_TYP_ID) SELECT '8856afda-0386-47d3-82a8-5c3f2cef89c7', '02bb7934-76b5-4cc5-bd42-58570f15eb4d', VRSN_SEQ_ID, '2c4dafc2-566a-41ae-9ebc-3097d7d22f4a' FROM CD_VRSN_TBL WHERE CD_ID = '02bb7934-76b5-4cc5-bd42-58570f15eb4d' AND OBSLT_UTC IS NULL;
INSERT INTO CD_REF_TERM_ASSOC_TBL (REF_TERM_ID, CD_ID, EFFT_VRSN_SEQ_ID, REL_TYP_ID) SELECT '4734e169-33e1-484d-81a4-125acbb701d3', '6da3a6ca-2ab0-4d32-9588-e094f277f06d', VRSN_SEQ_ID, '2c4dafc2-566a-41ae-9ebc-3097d7d22f4a' FROM CD_VRSN_TBL WHERE CD_ID = '6da3a6ca-2ab0-4d32-9588-e094f277f06d' AND OBSLT_UTC IS NULL;
INSERT INTO CD_REF_TERM_ASSOC_TBL (REF_TERM_ID, CD_ID, EFFT_VRSN_SEQ_ID, REL_TYP_ID) SELECT 'd922fc47-1c04-49df-95bd-eb13305c315b', '353f9255-765e-4336-8007-1d61ab09aad6', VRSN_SEQ_ID, '2c4dafc2-566a-41ae-9ebc-3097d7d22f4a' FROM CD_VRSN_TBL WHERE CD_ID = '353f9255-765e-4336-8007-1d61ab09aad6' AND OBSLT_UTC IS NULL;
INSERT INTO CD_REF_TERM_ASSOC_TBL (REF_TERM_ID, CD_ID, EFFT_VRSN_SEQ_ID, REL_TYP_ID) SELECT 'd8fbaad0-effe-4fe6-a47b-30daa4b40ae4', 'c3be013a-20c5-4c20-840c-d9dbb15d040e', VRSN_SEQ_ID, '2c4dafc2-566a-41ae-9ebc-3097d7d22f4a' FROM CD_VRSN_TBL WHERE CD_ID = 'c3be013a-20c5-4c20-840c-d9dbb15d040e' AND OBSLT_UTC IS NULL;
INSERT INTO CD_REF_TERM_ASSOC_TBL (REF_TERM_ID, CD_ID, EFFT_VRSN_SEQ_ID, REL_TYP_ID) SELECT '3e852956-ae73-4712-8e2e-c69735297ac1', '727b3624-ea62-46bb-a68b-b9e49e302eca', VRSN_SEQ_ID, '2c4dafc2-566a-41ae-9ebc-3097d7d22f4a' FROM CD_VRSN_TBL WHERE CD_ID = '727b3624-ea62-46bb-a68b-b9e49e302eca' AND OBSLT_UTC IS NULL;
INSERT INTO CD_REF_TERM_ASSOC_TBL (REF_TERM_ID, CD_ID, EFFT_VRSN_SEQ_ID, REL_TYP_ID) SELECT '7230b7e1-153d-4739-b8e6-30c9dafb3514', 'ac05185b-5a80-47a8-b924-060deb6d0eb2', VRSN_SEQ_ID, '2c4dafc2-566a-41ae-9ebc-3097d7d22f4a' FROM CD_VRSN_TBL WHERE CD_ID = 'ac05185b-5a80-47a8-b924-060deb6d0eb2' AND OBSLT_UTC IS NULL;
INSERT INTO CD_REF_TERM_ASSOC_TBL (REF_TERM_ID, CD_ID, EFFT_VRSN_SEQ_ID, REL_TYP_ID) SELECT 'fba3674d-1a75-42bf-ac4f-a1d8e4591482', '5d175f21-1963-4589-a400-b5ef5f64842c', VRSN_SEQ_ID, '2c4dafc2-566a-41ae-9ebc-3097d7d22f4a' FROM CD_VRSN_TBL WHERE CD_ID = '5d175f21-1963-4589-a400-b5ef5f64842c' AND OBSLT_UTC IS NULL;
INSERT INTO CD_REF_TERM_ASSOC_TBL (REF_TERM_ID, CD_ID, EFFT_VRSN_SEQ_ID, REL_TYP_ID) SELECT '4b40a86a-356f-483c-88d5-0eb6f5029930', '3c1225de-194e-49ce-a41a-0f9376b04c11', VRSN_SEQ_ID, '2c4dafc2-566a-41ae-9ebc-3097d7d22f4a' FROM CD_VRSN_TBL WHERE CD_ID = '3c1225de-194e-49ce-a41a-0f9376b04c11' AND OBSLT_UTC IS NULL;
INSERT INTO CD_REF_TERM_ASSOC_TBL (REF_TERM_ID, CD_ID, EFFT_VRSN_SEQ_ID, REL_TYP_ID) SELECT 'fb4ec5be-1e2d-44aa-baa6-171dbec94fc3', '5b0fac74-5ac6-44e6-99a4-6813c0e2f4a9', VRSN_SEQ_ID, '2c4dafc2-566a-41ae-9ebc-3097d7d22f4a' FROM CD_VRSN_TBL WHERE CD_ID = '5b0fac74-5ac6-44e6-99a4-6813c0e2f4a9' AND OBSLT_UTC IS NULL;
INSERT INTO CD_REF_TERM_ASSOC_TBL (REF_TERM_ID, CD_ID, EFFT_VRSN_SEQ_ID, REL_TYP_ID) SELECT '1807ae4a-7d7e-4fb5-91d4-49e7841483f7', 'fa5e70a4-a46e-4665-8a20-94d4d7b86fc8', VRSN_SEQ_ID, '2c4dafc2-566a-41ae-9ebc-3097d7d22f4a' FROM CD_VRSN_TBL WHERE CD_ID = 'fa5e70a4-a46e-4665-8a20-94d4d7b86fc8' AND OBSLT_UTC IS NULL;
INSERT INTO CD_REF_TERM_ASSOC_TBL (REF_TERM_ID, CD_ID, EFFT_VRSN_SEQ_ID, REL_TYP_ID) SELECT '864e68b3-c143-4b87-b408-56a258289dec', '693f08fa-625a-40d2-b928-6856099c0349', VRSN_SEQ_ID, '2c4dafc2-566a-41ae-9ebc-3097d7d22f4a' FROM CD_VRSN_TBL WHERE CD_ID = '693f08fa-625a-40d2-b928-6856099c0349' AND OBSLT_UTC IS NULL;
INSERT INTO CD_REF_TERM_ASSOC_TBL (REF_TERM_ID, CD_ID, EFFT_VRSN_SEQ_ID, REL_TYP_ID) SELECT 'ad0cc2e5-a1b0-4f00-8a06-933b1960d333', '79f6136c-1465-45e8-917e-e7832bc8e3b2', VRSN_SEQ_ID, '2c4dafc2-566a-41ae-9ebc-3097d7d22f4a' FROM CD_VRSN_TBL WHERE CD_ID = '79f6136c-1465-45e8-917e-e7832bc8e3b2' AND OBSLT_UTC IS NULL;
INSERT INTO CD_REF_TERM_ASSOC_TBL (REF_TERM_ID, CD_ID, EFFT_VRSN_SEQ_ID, REL_TYP_ID) SELECT '2a5db073-202e-4421-9207-60608da4c859', '4ff91e06-2e39-44e3-9fbe-0d828fe318fe', VRSN_SEQ_ID, '2c4dafc2-566a-41ae-9ebc-3097d7d22f4a' FROM CD_VRSN_TBL WHERE CD_ID = '4ff91e06-2e39-44e3-9fbe-0d828fe318fe' AND OBSLT_UTC IS NULL;
INSERT INTO CD_REF_TERM_ASSOC_TBL (REF_TERM_ID, CD_ID, EFFT_VRSN_SEQ_ID, REL_TYP_ID) SELECT 'd33bc7f5-4a41-429c-befa-cdb79452095b', '64474c12-b978-4bb6-a584-46dadec2d952', VRSN_SEQ_ID, '2c4dafc2-566a-41ae-9ebc-3097d7d22f4a' FROM CD_VRSN_TBL WHERE CD_ID = '64474c12-b978-4bb6-a584-46dadec2d952' AND OBSLT_UTC IS NULL;
INSERT INTO CD_REF_TERM_ASSOC_TBL (REF_TERM_ID, CD_ID, EFFT_VRSN_SEQ_ID, REL_TYP_ID) SELECT '67c0ef65-3ff8-4af2-b8f1-6ea961b67906', 'f9dc5787-dd4d-42c6-a082-ac7d11956fda', VRSN_SEQ_ID, '2c4dafc2-566a-41ae-9ebc-3097d7d22f4a' FROM CD_VRSN_TBL WHERE CD_ID = 'f9dc5787-dd4d-42c6-a082-ac7d11956fda' AND OBSLT_UTC IS NULL;
INSERT INTO CD_REF_TERM_ASSOC_TBL (REF_TERM_ID, CD_ID, EFFT_VRSN_SEQ_ID, REL_TYP_ID) SELECT 'f42287f1-c8a6-4586-a463-548e0e3ac3cc', '1b2dbf82-a503-4cf4-9ecb-a8e111b4674e', VRSN_SEQ_ID, '2c4dafc2-566a-41ae-9ebc-3097d7d22f4a' FROM CD_VRSN_TBL WHERE CD_ID = '1b2dbf82-a503-4cf4-9ecb-a8e111b4674e' AND OBSLT_UTC IS NULL;
INSERT INTO CD_REF_TERM_ASSOC_TBL (REF_TERM_ID, CD_ID, EFFT_VRSN_SEQ_ID, REL_TYP_ID) SELECT 'ca2e5a2d-4c67-4249-a95a-db8c8be67523', '0716a333-cd46-439d-bfd6-bf788f3885fa', VRSN_SEQ_ID, '2c4dafc2-566a-41ae-9ebc-3097d7d22f4a' FROM CD_VRSN_TBL WHERE CD_ID = '0716a333-cd46-439d-bfd6-bf788f3885fa' AND OBSLT_UTC IS NULL;
INSERT INTO CD_REF_TERM_ASSOC_TBL (REF_TERM_ID, CD_ID, EFFT_VRSN_SEQ_ID, REL_TYP_ID) SELECT 'e643f60a-8967-47d8-894e-44b231dbee8e', '8e087135-8c6f-4214-bdd2-448387d3f24c', VRSN_SEQ_ID, '2c4dafc2-566a-41ae-9ebc-3097d7d22f4a' FROM CD_VRSN_TBL WHERE CD_ID = '8e087135-8c6f-4214-bdd2-448387d3f24c' AND OBSLT_UTC IS NULL;
INSERT INTO CD_REF_TERM_ASSOC_TBL (REF_TERM_ID, CD_ID, EFFT_VRSN_SEQ_ID, REL_TYP_ID) SELECT '3d772089-587a-4c93-b7ee-aa43c4fc0985', 'ced7cc70-12bc-45bb-ac46-ddf41141e64b', VRSN_SEQ_ID, '2c4dafc2-566a-41ae-9ebc-3097d7d22f4a' FROM CD_VRSN_TBL WHERE CD_ID = 'ced7cc70-12bc-45bb-ac46-ddf41141e64b' AND OBSLT_UTC IS NULL;
INSERT INTO CD_REF_TERM_ASSOC_TBL (REF_TERM_ID, CD_ID, EFFT_VRSN_SEQ_ID, REL_TYP_ID) SELECT '86379a68-fd81-4567-b2cd-8b57d4035c03', '6af35d6e-557c-4034-9518-e87bc6cff808', VRSN_SEQ_ID, '2c4dafc2-566a-41ae-9ebc-3097d7d22f4a' FROM CD_VRSN_TBL WHERE CD_ID = '6af35d6e-557c-4034-9518-e87bc6cff808' AND OBSLT_UTC IS NULL;
INSERT INTO CD_REF_TERM_ASSOC_TBL (REF_TERM_ID, CD_ID, EFFT_VRSN_SEQ_ID, REL_TYP_ID) SELECT '1318f9be-9571-464c-8eb7-96177b4e7fb9', 'fdda3bd9-a3ee-479c-9b2d-89ba49f09b85', VRSN_SEQ_ID, '2c4dafc2-566a-41ae-9ebc-3097d7d22f4a' FROM CD_VRSN_TBL WHERE CD_ID = 'fdda3bd9-a3ee-479c-9b2d-89ba49f09b85' AND OBSLT_UTC IS NULL;
INSERT INTO CD_REF_TERM_ASSOC_TBL (REF_TERM_ID, CD_ID, EFFT_VRSN_SEQ_ID, REL_TYP_ID) SELECT '8b3b575a-eba2-454b-a087-805f5083b048', 'A87A6D21-2CA6-4AEA-88F3-6135CCEB58D1', VRSN_SEQ_ID, '2c4dafc2-566a-41ae-9ebc-3097d7d22f4a' FROM CD_VRSN_TBL WHERE CD_ID = 'A87A6D21-2CA6-4AEA-88F3-6135CCEB58D1' AND OBSLT_UTC IS NULL;
INSERT INTO CD_REF_TERM_ASSOC_TBL (REF_TERM_ID, CD_ID, EFFT_VRSN_SEQ_ID, REL_TYP_ID) SELECT '8936fd76-58bd-42e8-9bf2-21fe275531b8', '3682b98d-4b14-4e2b-92f5-aa7abf522e28', VRSN_SEQ_ID, '2c4dafc2-566a-41ae-9ebc-3097d7d22f4a' FROM CD_VRSN_TBL WHERE CD_ID = '3682b98d-4b14-4e2b-92f5-aa7abf522e28' AND OBSLT_UTC IS NULL;
INSERT INTO CD_REF_TERM_ASSOC_TBL (REF_TERM_ID, CD_ID, EFFT_VRSN_SEQ_ID, REL_TYP_ID) SELECT 'e2c9f647-eb48-4270-a7b8-77c1ae858bb0', '8de7b5e7-c941-42bd-b735-52d750efc5e6', VRSN_SEQ_ID, '2c4dafc2-566a-41ae-9ebc-3097d7d22f4a' FROM CD_VRSN_TBL WHERE CD_ID = '8de7b5e7-c941-42bd-b735-52d750efc5e6' AND OBSLT_UTC IS NULL;
INSERT INTO CD_REF_TERM_ASSOC_TBL (REF_TERM_ID, CD_ID, EFFT_VRSN_SEQ_ID, REL_TYP_ID) SELECT '1ecadba0-3665-414c-8566-54e5ea9de11c', '867fd445-d490-4619-804e-75c04b8a0e57', VRSN_SEQ_ID, '2c4dafc2-566a-41ae-9ebc-3097d7d22f4a' FROM CD_VRSN_TBL WHERE CD_ID = '867fd445-d490-4619-804e-75c04b8a0e57' AND OBSLT_UTC IS NULL;
INSERT INTO CD_REF_TERM_ASSOC_TBL (REF_TERM_ID, CD_ID, EFFT_VRSN_SEQ_ID, REL_TYP_ID) SELECT '8b3b575a-eba2-454b-a087-805f5083b048', '77b7a04b-c065-4faf-8ec0-2cdad4ae372b', VRSN_SEQ_ID, '2c4dafc2-566a-41ae-9ebc-3097d7d22f4a' FROM CD_VRSN_TBL WHERE CD_ID = '77b7a04b-c065-4faf-8ec0-2cdad4ae372b' AND OBSLT_UTC IS NULL;
INSERT INTO CD_REF_TERM_ASSOC_TBL (REF_TERM_ID, CD_ID, EFFT_VRSN_SEQ_ID, REL_TYP_ID) SELECT '9a6b3c58-e387-4d87-bc10-545eae914484', '33bd1401-dfdb-40e7-a914-0a695ad5186e', VRSN_SEQ_ID, '2c4dafc2-566a-41ae-9ebc-3097d7d22f4a' FROM CD_VRSN_TBL WHERE CD_ID = '33bd1401-dfdb-40e7-a914-0a695ad5186e' AND OBSLT_UTC IS NULL;
INSERT INTO CD_REF_TERM_ASSOC_TBL (REF_TERM_ID, CD_ID, EFFT_VRSN_SEQ_ID, REL_TYP_ID) SELECT 'c57da98d-d22a-449b-b0fa-315e52676275', '757f98df-14e0-446a-bd50-bb0affb34f09', VRSN_SEQ_ID, '2c4dafc2-566a-41ae-9ebc-3097d7d22f4a' FROM CD_VRSN_TBL WHERE CD_ID = '757f98df-14e0-446a-bd50-bb0affb34f09' AND OBSLT_UTC IS NULL;
INSERT INTO CD_REF_TERM_ASSOC_TBL (REF_TERM_ID, CD_ID, EFFT_VRSN_SEQ_ID, REL_TYP_ID) SELECT '8936fd76-58bd-42e8-9bf2-21fe275531b8', 'b1d2148d-bb35-4337-8fe6-021f5a3ac8a3', VRSN_SEQ_ID, '2c4dafc2-566a-41ae-9ebc-3097d7d22f4a' FROM CD_VRSN_TBL WHERE CD_ID = 'b1d2148d-bb35-4337-8fe6-021f5a3ac8a3' AND OBSLT_UTC IS NULL;
INSERT INTO CD_REF_TERM_ASSOC_TBL (REF_TERM_ID, CD_ID, EFFT_VRSN_SEQ_ID, REL_TYP_ID) SELECT '3f8b819a-5920-4315-a8dd-d6ae323999ac', '25985F42-476A-4455-A977-4E97A554D710', VRSN_SEQ_ID, '2c4dafc2-566a-41ae-9ebc-3097d7d22f4a' FROM CD_VRSN_TBL WHERE CD_ID = '25985F42-476A-4455-A977-4E97A554D710' AND OBSLT_UTC IS NULL;
INSERT INTO CD_REF_TERM_ASSOC_TBL (REF_TERM_ID, CD_ID, EFFT_VRSN_SEQ_ID, REL_TYP_ID) SELECT 'f0d2e84a-e637-490c-9ed7-d65d411d7c86', '1ee4e74f-542d-4544-96f6-266a6247f274', VRSN_SEQ_ID, '2c4dafc2-566a-41ae-9ebc-3097d7d22f4a' FROM CD_VRSN_TBL WHERE CD_ID = '1ee4e74f-542d-4544-96f6-266a6247f274' AND OBSLT_UTC IS NULL;
INSERT INTO CD_REF_TERM_ASSOC_TBL (REF_TERM_ID, CD_ID, EFFT_VRSN_SEQ_ID, REL_TYP_ID) SELECT 'fa067e46-55b3-4b1e-909e-a8464dc77c64', '3b8e2334-4ccc-4f24-8aae-37341ea03d3e', VRSN_SEQ_ID, '2c4dafc2-566a-41ae-9ebc-3097d7d22f4a' FROM CD_VRSN_TBL WHERE CD_ID = '3b8e2334-4ccc-4f24-8aae-37341ea03d3e' AND OBSLT_UTC IS NULL;
INSERT INTO CD_REF_TERM_ASSOC_TBL (REF_TERM_ID, CD_ID, EFFT_VRSN_SEQ_ID, REL_TYP_ID) SELECT '110695e0-f60a-4327-9ecd-e2462abaae67', '35b13152-e43c-4bcb-8649-a9e83bee33a2', VRSN_SEQ_ID, '2c4dafc2-566a-41ae-9ebc-3097d7d22f4a' FROM CD_VRSN_TBL WHERE CD_ID = '35b13152-e43c-4bcb-8649-a9e83bee33a2' AND OBSLT_UTC IS NULL;
INSERT INTO CD_REF_TERM_ASSOC_TBL (REF_TERM_ID, CD_ID, EFFT_VRSN_SEQ_ID, REL_TYP_ID) SELECT '6ca03348-fb5f-42ba-a6cf-d453b36fcc94', 'd4844672-c0d7-434c-8377-6dd0655b0532', VRSN_SEQ_ID, '2c4dafc2-566a-41ae-9ebc-3097d7d22f4a' FROM CD_VRSN_TBL WHERE CD_ID = 'd4844672-c0d7-434c-8377-6dd0655b0532' AND OBSLT_UTC IS NULL;
INSERT INTO CD_REF_TERM_ASSOC_TBL (REF_TERM_ID, CD_ID, EFFT_VRSN_SEQ_ID, REL_TYP_ID) SELECT 'e0ff836c-ebee-4c08-9baf-fda73e900f4e', '9d256279-f1ac-46b3-a974-dd13e2ad4f72', VRSN_SEQ_ID, '2c4dafc2-566a-41ae-9ebc-3097d7d22f4a' FROM CD_VRSN_TBL WHERE CD_ID = '9d256279-f1ac-46b3-a974-dd13e2ad4f72' AND OBSLT_UTC IS NULL;
INSERT INTO CD_REF_TERM_ASSOC_TBL (REF_TERM_ID, CD_ID, EFFT_VRSN_SEQ_ID, REL_TYP_ID) SELECT 'fca0dda5-f132-4b2a-8b05-1feca58272c9', '3d907f37-085c-4c26-b59b-62e40621dafd', VRSN_SEQ_ID, '2c4dafc2-566a-41ae-9ebc-3097d7d22f4a' FROM CD_VRSN_TBL WHERE CD_ID = '3d907f37-085c-4c26-b59b-62e40621dafd' AND OBSLT_UTC IS NULL;
INSERT INTO CD_REF_TERM_ASSOC_TBL (REF_TERM_ID, CD_ID, EFFT_VRSN_SEQ_ID, REL_TYP_ID) SELECT '0a4e2112-0d7e-40a0-8b77-b3b5dfac6c87', 'f28ed78f-85ab-47a1-ba08-b5051e62d6c3', VRSN_SEQ_ID, '2c4dafc2-566a-41ae-9ebc-3097d7d22f4a' FROM CD_VRSN_TBL WHERE CD_ID = 'f28ed78f-85ab-47a1-ba08-b5051e62d6c3' AND OBSLT_UTC IS NULL;
INSERT INTO CD_REF_TERM_ASSOC_TBL (REF_TERM_ID, CD_ID, EFFT_VRSN_SEQ_ID, REL_TYP_ID) SELECT '342d57bc-87df-475d-85e3-04690e9901a0', '47049b0f-f189-4e19-9aa8-7c38adb2491a', VRSN_SEQ_ID, '2c4dafc2-566a-41ae-9ebc-3097d7d22f4a' FROM CD_VRSN_TBL WHERE CD_ID = '47049b0f-f189-4e19-9aa8-7c38adb2491a' AND OBSLT_UTC IS NULL;
INSERT INTO CD_REF_TERM_ASSOC_TBL (REF_TERM_ID, CD_ID, EFFT_VRSN_SEQ_ID, REL_TYP_ID) SELECT '662aa4be-a671-43ab-86fb-9ec88d87b07f', 'f31a2a5b-ce13-47e1-a0fb-d704f31547db', VRSN_SEQ_ID, '2c4dafc2-566a-41ae-9ebc-3097d7d22f4a' FROM CD_VRSN_TBL WHERE CD_ID = 'f31a2a5b-ce13-47e1-a0fb-d704f31547db' AND OBSLT_UTC IS NULL;
INSERT INTO CD_REF_TERM_ASSOC_TBL (REF_TERM_ID, CD_ID, EFFT_VRSN_SEQ_ID, REL_TYP_ID) SELECT '8bed4875-70f5-4301-b65e-55bb54ea6b93', 'cbe2a00c-e1d5-44e9-aae3-d7d03e3c2efa', VRSN_SEQ_ID, '2c4dafc2-566a-41ae-9ebc-3097d7d22f4a' FROM CD_VRSN_TBL WHERE CD_ID = 'cbe2a00c-e1d5-44e9-aae3-d7d03e3c2efa' AND OBSLT_UTC IS NULL;
INSERT INTO CD_REF_TERM_ASSOC_TBL (REF_TERM_ID, CD_ID, EFFT_VRSN_SEQ_ID, REL_TYP_ID) SELECT '90ef33da-42bf-402a-803c-5d8d366fe3a7', '43ad7bc0-2ed8-4b27-97e5-b3db00a07d17', VRSN_SEQ_ID, '2c4dafc2-566a-41ae-9ebc-3097d7d22f4a' FROM CD_VRSN_TBL WHERE CD_ID = '43ad7bc0-2ed8-4b27-97e5-b3db00a07d17' AND OBSLT_UTC IS NULL;
INSERT INTO CD_REF_TERM_ASSOC_TBL (REF_TERM_ID, CD_ID, EFFT_VRSN_SEQ_ID, REL_TYP_ID) SELECT 'c1f895d2-ef88-42cc-91c5-4ab2c80e0700', '66c96ae6-c5c4-4d66-9bd0-a00c56e831da', VRSN_SEQ_ID, '2c4dafc2-566a-41ae-9ebc-3097d7d22f4a' FROM CD_VRSN_TBL WHERE CD_ID = '66c96ae6-c5c4-4d66-9bd0-a00c56e831da' AND OBSLT_UTC IS NULL;
INSERT INTO CD_REF_TERM_ASSOC_TBL (REF_TERM_ID, CD_ID, EFFT_VRSN_SEQ_ID, REL_TYP_ID) SELECT 'ee215548-b8c6-4b63-b47b-da29c4e23b5e', 'b43c9513-1c1c-4ed0-92db-55a904c122e6', VRSN_SEQ_ID, '2c4dafc2-566a-41ae-9ebc-3097d7d22f4a' FROM CD_VRSN_TBL WHERE CD_ID = 'b43c9513-1c1c-4ed0-92db-55a904c122e6' AND OBSLT_UTC IS NULL;
INSERT INTO CD_REF_TERM_ASSOC_TBL (REF_TERM_ID, CD_ID, EFFT_VRSN_SEQ_ID, REL_TYP_ID) SELECT 'eb49a695-72b7-4a36-a64a-9a2560068f14', '1bcfb08d-c6fa-41dd-98bf-06336a33a3b7', VRSN_SEQ_ID, '2c4dafc2-566a-41ae-9ebc-3097d7d22f4a' FROM CD_VRSN_TBL WHERE CD_ID = '1bcfb08d-c6fa-41dd-98bf-06336a33a3b7' AND OBSLT_UTC IS NULL;
INSERT INTO CD_REF_TERM_ASSOC_TBL (REF_TERM_ID, CD_ID, EFFT_VRSN_SEQ_ID, REL_TYP_ID) SELECT 'ccc12c7d-9f2b-450e-a29b-441c6262b1a2', 'f5b10c57-3ae1-41ea-8649-1cf8d9848ae1', VRSN_SEQ_ID, '2c4dafc2-566a-41ae-9ebc-3097d7d22f4a' FROM CD_VRSN_TBL WHERE CD_ID = 'f5b10c57-3ae1-41ea-8649-1cf8d9848ae1' AND OBSLT_UTC IS NULL;
INSERT INTO CD_REF_TERM_ASSOC_TBL (REF_TERM_ID, CD_ID, EFFT_VRSN_SEQ_ID, REL_TYP_ID) SELECT 'd39e3305-f1b5-4340-a611-3a50423d3fe0', '0c522bd1-dfa2-43cb-a98e-f6ff137968ae', VRSN_SEQ_ID, '2c4dafc2-566a-41ae-9ebc-3097d7d22f4a' FROM CD_VRSN_TBL WHERE CD_ID = '0c522bd1-dfa2-43cb-a98e-f6ff137968ae' AND OBSLT_UTC IS NULL;
INSERT INTO CD_REF_TERM_ASSOC_TBL (REF_TERM_ID, CD_ID, EFFT_VRSN_SEQ_ID, REL_TYP_ID) SELECT 'ccfbf201-de03-40ee-8739-4f0f32b2b7c1', 'd7ad48c0-889d-41e2-99e9-be5e6c5327b2', VRSN_SEQ_ID, '2c4dafc2-566a-41ae-9ebc-3097d7d22f4a' FROM CD_VRSN_TBL WHERE CD_ID = 'd7ad48c0-889d-41e2-99e9-be5e6c5327b2' AND OBSLT_UTC IS NULL;
INSERT INTO CD_REF_TERM_ASSOC_TBL (REF_TERM_ID, CD_ID, EFFT_VRSN_SEQ_ID, REL_TYP_ID) SELECT '2ec3092d-0090-421e-b01f-37fea0805f7e', 'ef597ffe-d965-4398-b55a-650530ebb997', VRSN_SEQ_ID, '2c4dafc2-566a-41ae-9ebc-3097d7d22f4a' FROM CD_VRSN_TBL WHERE CD_ID = 'ef597ffe-d965-4398-b55a-650530ebb997' AND OBSLT_UTC IS NULL;
INSERT INTO CD_REF_TERM_ASSOC_TBL (REF_TERM_ID, CD_ID, EFFT_VRSN_SEQ_ID, REL_TYP_ID) SELECT '14b79963-aff8-46a8-98f3-065bd572b4d2', 'b9fe057e-7f57-42eb-89d7-67c69646c0c4', VRSN_SEQ_ID, '2c4dafc2-566a-41ae-9ebc-3097d7d22f4a' FROM CD_VRSN_TBL WHERE CD_ID = 'b9fe057e-7f57-42eb-89d7-67c69646c0c4' AND OBSLT_UTC IS NULL;
INSERT INTO CD_REF_TERM_ASSOC_TBL (REF_TERM_ID, CD_ID, EFFT_VRSN_SEQ_ID, REL_TYP_ID) SELECT '38f6b214-ed35-4233-a262-71dd30e4a826', 'f1ef6c46-05eb-4482-baeb-eaf0a8e5ffef', VRSN_SEQ_ID, '2c4dafc2-566a-41ae-9ebc-3097d7d22f4a' FROM CD_VRSN_TBL WHERE CD_ID = 'f1ef6c46-05eb-4482-baeb-eaf0a8e5ffef' AND OBSLT_UTC IS NULL;
INSERT INTO CD_REF_TERM_ASSOC_TBL (REF_TERM_ID, CD_ID, EFFT_VRSN_SEQ_ID, REL_TYP_ID) SELECT '6d4886c2-86a8-40b6-ac0a-46aeead4d060', '6b04fed8-c164-469c-910b-f824c2bda4f0', VRSN_SEQ_ID, '2c4dafc2-566a-41ae-9ebc-3097d7d22f4a' FROM CD_VRSN_TBL WHERE CD_ID = '6b04fed8-c164-469c-910b-f824c2bda4f0' AND OBSLT_UTC IS NULL;
INSERT INTO CD_REF_TERM_ASSOC_TBL (REF_TERM_ID, CD_ID, EFFT_VRSN_SEQ_ID, REL_TYP_ID) SELECT '266cdd72-5657-44f8-8109-432a43e368f4', 'bacd9c6f-3fa9-481e-9636-37457962804d', VRSN_SEQ_ID, '2c4dafc2-566a-41ae-9ebc-3097d7d22f4a' FROM CD_VRSN_TBL WHERE CD_ID = 'bacd9c6f-3fa9-481e-9636-37457962804d' AND OBSLT_UTC IS NULL;
INSERT INTO CD_REF_TERM_ASSOC_TBL (REF_TERM_ID, CD_ID, EFFT_VRSN_SEQ_ID, REL_TYP_ID) SELECT '85788bcc-c03c-4a29-8847-954f0c5988f2', '734551e1-2960-4a68-93a2-b277db072a43', VRSN_SEQ_ID, '2c4dafc2-566a-41ae-9ebc-3097d7d22f4a' FROM CD_VRSN_TBL WHERE CD_ID = '734551e1-2960-4a68-93a2-b277db072a43' AND OBSLT_UTC IS NULL;
INSERT INTO CD_REF_TERM_ASSOC_TBL (REF_TERM_ID, CD_ID, EFFT_VRSN_SEQ_ID, REL_TYP_ID) SELECT '0a37a1c5-0265-4579-a252-b040601905c0', '07c922d2-12c9-415a-95d4-9b3fed4959d6', VRSN_SEQ_ID, '2c4dafc2-566a-41ae-9ebc-3097d7d22f4a' FROM CD_VRSN_TBL WHERE CD_ID = '07c922d2-12c9-415a-95d4-9b3fed4959d6' AND OBSLT_UTC IS NULL;
INSERT INTO CD_REF_TERM_ASSOC_TBL (REF_TERM_ID, CD_ID, EFFT_VRSN_SEQ_ID, REL_TYP_ID) SELECT '9299a99f-f92d-4af8-aac9-f1f14868a31a', 'cec017ef-4e49-41af-8596-abad1a91c9d0', VRSN_SEQ_ID, '2c4dafc2-566a-41ae-9ebc-3097d7d22f4a' FROM CD_VRSN_TBL WHERE CD_ID = 'cec017ef-4e49-41af-8596-abad1a91c9d0' AND OBSLT_UTC IS NULL;
INSERT INTO CD_REF_TERM_ASSOC_TBL (REF_TERM_ID, CD_ID, EFFT_VRSN_SEQ_ID, REL_TYP_ID) SELECT '4fd0f42e-45ae-49b9-bf0e-b8f1817aaac4', '6521dd09-334b-4fbf-9c89-1ad5a804326c', VRSN_SEQ_ID, '2c4dafc2-566a-41ae-9ebc-3097d7d22f4a' FROM CD_VRSN_TBL WHERE CD_ID = '6521dd09-334b-4fbf-9c89-1ad5a804326c' AND OBSLT_UTC IS NULL;
INSERT INTO CD_REF_TERM_ASSOC_TBL (REF_TERM_ID, CD_ID, EFFT_VRSN_SEQ_ID, REL_TYP_ID) SELECT '0daf6c3e-5801-45d3-8792-eb8b1d172889', '8ff9d9a5-a206-4566-82cd-67b770d7ce8a', VRSN_SEQ_ID, '2c4dafc2-566a-41ae-9ebc-3097d7d22f4a' FROM CD_VRSN_TBL WHERE CD_ID = '8ff9d9a5-a206-4566-82cd-67b770d7ce8a' AND OBSLT_UTC IS NULL;
INSERT INTO CD_REF_TERM_ASSOC_TBL (REF_TERM_ID, CD_ID, EFFT_VRSN_SEQ_ID, REL_TYP_ID) SELECT 'fb832e06-e0fc-482c-a063-bc238f20802d', '0c157566-d1e9-4976-8542-473caa9ba2a4', VRSN_SEQ_ID, '2c4dafc2-566a-41ae-9ebc-3097d7d22f4a' FROM CD_VRSN_TBL WHERE CD_ID = '0c157566-d1e9-4976-8542-473caa9ba2a4' AND OBSLT_UTC IS NULL;
INSERT INTO CD_REF_TERM_ASSOC_TBL (REF_TERM_ID, CD_ID, EFFT_VRSN_SEQ_ID, REL_TYP_ID) SELECT '284d75fc-7779-439f-8d7a-27a2537d688f', 'a8fcd83f-808b-494b-8a1c-ec2c6dbc3dfa', VRSN_SEQ_ID, '2c4dafc2-566a-41ae-9ebc-3097d7d22f4a' FROM CD_VRSN_TBL WHERE CD_ID = 'a8fcd83f-808b-494b-8a1c-ec2c6dbc3dfa' AND OBSLT_UTC IS NULL;
INSERT INTO CD_REF_TERM_ASSOC_TBL (REF_TERM_ID, CD_ID, EFFT_VRSN_SEQ_ID, REL_TYP_ID) SELECT 'b30eb677-1dd2-4dd4-8d93-03104c814c44', 'ddc1b705-c768-4c7a-8f69-76ad4b167b40', VRSN_SEQ_ID, '2c4dafc2-566a-41ae-9ebc-3097d7d22f4a' FROM CD_VRSN_TBL WHERE CD_ID = 'ddc1b705-c768-4c7a-8f69-76ad4b167b40' AND OBSLT_UTC IS NULL;
INSERT INTO CD_REF_TERM_ASSOC_TBL (REF_TERM_ID, CD_ID, EFFT_VRSN_SEQ_ID, REL_TYP_ID) SELECT 'ba25f207-2539-4758-826f-94e18cd982ad', 'b52c7e95-88b8-4c4c-836a-934277afdb92', VRSN_SEQ_ID, '2c4dafc2-566a-41ae-9ebc-3097d7d22f4a' FROM CD_VRSN_TBL WHERE CD_ID = 'b52c7e95-88b8-4c4c-836a-934277afdb92' AND OBSLT_UTC IS NULL;
INSERT INTO CD_REF_TERM_ASSOC_TBL (REF_TERM_ID, CD_ID, EFFT_VRSN_SEQ_ID, REL_TYP_ID) SELECT '5ad438fb-96ea-49b6-8c2b-e4f8b19ae895', 'f3ef7e48-d8b7-4030-b431-aff7e0e1cb76', VRSN_SEQ_ID, '2c4dafc2-566a-41ae-9ebc-3097d7d22f4a' FROM CD_VRSN_TBL WHERE CD_ID = 'f3ef7e48-d8b7-4030-b431-aff7e0e1cb76' AND OBSLT_UTC IS NULL;
INSERT INTO CD_REF_TERM_ASSOC_TBL (REF_TERM_ID, CD_ID, EFFT_VRSN_SEQ_ID, REL_TYP_ID) SELECT '9ef1cd8c-1c7c-41f3-8f91-36bde9313507', '31b0dfcb-d7ba-452a-98b9-45ebccd30732', VRSN_SEQ_ID, '2c4dafc2-566a-41ae-9ebc-3097d7d22f4a' FROM CD_VRSN_TBL WHERE CD_ID = '31b0dfcb-d7ba-452a-98b9-45ebccd30732' AND OBSLT_UTC IS NULL;
INSERT INTO CD_REF_TERM_ASSOC_TBL (REF_TERM_ID, CD_ID, EFFT_VRSN_SEQ_ID, REL_TYP_ID) SELECT '7a02741e-a1cd-4a78-8e2c-d77be33ba8f0', '9bbe0cfe-faab-4dc9-a28f-c001e3e95e6e', VRSN_SEQ_ID, '2c4dafc2-566a-41ae-9ebc-3097d7d22f4a' FROM CD_VRSN_TBL WHERE CD_ID = '9bbe0cfe-faab-4dc9-a28f-c001e3e95e6e' AND OBSLT_UTC IS NULL;
INSERT INTO CD_REF_TERM_ASSOC_TBL (REF_TERM_ID, CD_ID, EFFT_VRSN_SEQ_ID, REL_TYP_ID) SELECT '4be4ad81-0ac1-478b-b6d4-bcfb9ab822c0', 'f5547ada-1eb9-40bb-b163-081567d869e7', VRSN_SEQ_ID, '2c4dafc2-566a-41ae-9ebc-3097d7d22f4a' FROM CD_VRSN_TBL WHERE CD_ID = 'f5547ada-1eb9-40bb-b163-081567d869e7' AND OBSLT_UTC IS NULL;
INSERT INTO CD_REF_TERM_ASSOC_TBL (REF_TERM_ID, CD_ID, EFFT_VRSN_SEQ_ID, REL_TYP_ID) SELECT 'c1787d5e-f168-48bf-9589-894b7813aa07', '703df8f4-b124-44c5-9506-1ab74ddfd91d', VRSN_SEQ_ID, '2c4dafc2-566a-41ae-9ebc-3097d7d22f4a' FROM CD_VRSN_TBL WHERE CD_ID = '703df8f4-b124-44c5-9506-1ab74ddfd91d' AND OBSLT_UTC IS NULL;
INSERT INTO CD_REF_TERM_ASSOC_TBL (REF_TERM_ID, CD_ID, EFFT_VRSN_SEQ_ID, REL_TYP_ID) SELECT 'bbaacea3-9283-4d90-9f2c-6a6f32976858', 'ab39087c-17d3-421a-a1e3-2de4e0ab9faf', VRSN_SEQ_ID, '2c4dafc2-566a-41ae-9ebc-3097d7d22f4a' FROM CD_VRSN_TBL WHERE CD_ID = 'ab39087c-17d3-421a-a1e3-2de4e0ab9faf' AND OBSLT_UTC IS NULL;
INSERT INTO CD_REF_TERM_ASSOC_TBL (REF_TERM_ID, CD_ID, EFFT_VRSN_SEQ_ID, REL_TYP_ID) SELECT 'c070096f-6011-495e-9887-377221165dc7', '9c02a621-8565-46b4-94ff-a2bd210989b1', VRSN_SEQ_ID, '2c4dafc2-566a-41ae-9ebc-3097d7d22f4a' FROM CD_VRSN_TBL WHERE CD_ID = '9c02a621-8565-46b4-94ff-a2bd210989b1' AND OBSLT_UTC IS NULL;
INSERT INTO CD_REF_TERM_ASSOC_TBL (REF_TERM_ID, CD_ID, EFFT_VRSN_SEQ_ID, REL_TYP_ID) SELECT '6385e2a7-8a69-4420-bb4b-5b8ad3243e8b', '5b0f8c93-57c9-4dff-b59a-9564739ef445', VRSN_SEQ_ID, '2c4dafc2-566a-41ae-9ebc-3097d7d22f4a' FROM CD_VRSN_TBL WHERE CD_ID = '5b0f8c93-57c9-4dff-b59a-9564739ef445' AND OBSLT_UTC IS NULL;
INSERT INTO CD_REF_TERM_ASSOC_TBL (REF_TERM_ID, CD_ID, EFFT_VRSN_SEQ_ID, REL_TYP_ID) SELECT '778a328d-ce87-4897-b46b-d563c968b944', 'c5c8b935-294f-4c90-9d81-cbf914bf5808', VRSN_SEQ_ID, '2c4dafc2-566a-41ae-9ebc-3097d7d22f4a' FROM CD_VRSN_TBL WHERE CD_ID = 'c5c8b935-294f-4c90-9d81-cbf914bf5808' AND OBSLT_UTC IS NULL;
INSERT INTO CD_REF_TERM_ASSOC_TBL (REF_TERM_ID, CD_ID, EFFT_VRSN_SEQ_ID, REL_TYP_ID) SELECT '548a1fad-f5d5-4162-94a4-641d1885bb0e', '6780df3b-afbd-44a3-8627-cbb3dc2f02f6', VRSN_SEQ_ID, '2c4dafc2-566a-41ae-9ebc-3097d7d22f4a' FROM CD_VRSN_TBL WHERE CD_ID = '6780df3b-afbd-44a3-8627-cbb3dc2f02f6' AND OBSLT_UTC IS NULL;
INSERT INTO CD_REF_TERM_ASSOC_TBL (REF_TERM_ID, CD_ID, EFFT_VRSN_SEQ_ID, REL_TYP_ID) SELECT '5cb86675-ade9-4c22-8ff7-071a8550a957', 'd6657fdb-4ef3-4131-af79-14e01a21faca', VRSN_SEQ_ID, '2c4dafc2-566a-41ae-9ebc-3097d7d22f4a' FROM CD_VRSN_TBL WHERE CD_ID = 'd6657fdb-4ef3-4131-af79-14e01a21faca' AND OBSLT_UTC IS NULL;
INSERT INTO CD_REF_TERM_ASSOC_TBL (REF_TERM_ID, CD_ID, EFFT_VRSN_SEQ_ID, REL_TYP_ID) SELECT 'c9796abf-f537-4b07-ab02-476c1948f2b8', '77b6d8cd-05a0-4b1f-9e14-b895203bf40c', VRSN_SEQ_ID, '2c4dafc2-566a-41ae-9ebc-3097d7d22f4a' FROM CD_VRSN_TBL WHERE CD_ID = '77b6d8cd-05a0-4b1f-9e14-b895203bf40c' AND OBSLT_UTC IS NULL;
INSERT INTO CD_REF_TERM_ASSOC_TBL (REF_TERM_ID, CD_ID, EFFT_VRSN_SEQ_ID, REL_TYP_ID) SELECT '5286d9b4-4b77-4154-a3eb-cf40cd51f26c', '117da15c-0864-4f00-a987-9b9854cba44e', VRSN_SEQ_ID, '2c4dafc2-566a-41ae-9ebc-3097d7d22f4a' FROM CD_VRSN_TBL WHERE CD_ID = '117da15c-0864-4f00-a987-9b9854cba44e' AND OBSLT_UTC IS NULL;
INSERT INTO CD_REF_TERM_ASSOC_TBL (REF_TERM_ID, CD_ID, EFFT_VRSN_SEQ_ID, REL_TYP_ID) SELECT 'ae48ba4f-a9ac-4f9b-bfa6-78d7921012fe', 'abfd3fe8-9526-48fb-b366-35baca9bd170', VRSN_SEQ_ID, '2c4dafc2-566a-41ae-9ebc-3097d7d22f4a' FROM CD_VRSN_TBL WHERE CD_ID = 'abfd3fe8-9526-48fb-b366-35baca9bd170' AND OBSLT_UTC IS NULL;
INSERT INTO CD_REF_TERM_ASSOC_TBL (REF_TERM_ID, CD_ID, EFFT_VRSN_SEQ_ID, REL_TYP_ID) SELECT '9d7e751c-7169-4dc5-9d90-7c1d9b2643fa', '20e98d17-e24d-4c64-b09e-521a177ccd05', VRSN_SEQ_ID, '2c4dafc2-566a-41ae-9ebc-3097d7d22f4a' FROM CD_VRSN_TBL WHERE CD_ID = '20e98d17-e24d-4c64-b09e-521a177ccd05' AND OBSLT_UTC IS NULL;
INSERT INTO CD_REF_TERM_ASSOC_TBL (REF_TERM_ID, CD_ID, EFFT_VRSN_SEQ_ID, REL_TYP_ID) SELECT '4e7add04-ad21-4ae7-bccc-0a6424bd4701', 'ff34dfa7-c6d3-4f8b-bc9f-14bcdc13ba6c', VRSN_SEQ_ID, '2c4dafc2-566a-41ae-9ebc-3097d7d22f4a' FROM CD_VRSN_TBL WHERE CD_ID = 'ff34dfa7-c6d3-4f8b-bc9f-14bcdc13ba6c' AND OBSLT_UTC IS NULL;
INSERT INTO CD_REF_TERM_ASSOC_TBL (REF_TERM_ID, CD_ID, EFFT_VRSN_SEQ_ID, REL_TYP_ID) SELECT '93863719-f048-4000-92d0-4d9fcb3a32f7', '455f1772-f580-47e8-86bd-b5ce25d351f9', VRSN_SEQ_ID, '2c4dafc2-566a-41ae-9ebc-3097d7d22f4a' FROM CD_VRSN_TBL WHERE CD_ID = '455f1772-f580-47e8-86bd-b5ce25d351f9' AND OBSLT_UTC IS NULL;
INSERT INTO CD_REF_TERM_ASSOC_TBL (REF_TERM_ID, CD_ID, EFFT_VRSN_SEQ_ID, REL_TYP_ID) SELECT '872c2705-a17d-4ec4-b2ae-039b76a292a2', '41baf7aa-5ffd-4421-831f-42d4ab3de38a', VRSN_SEQ_ID, '2c4dafc2-566a-41ae-9ebc-3097d7d22f4a' FROM CD_VRSN_TBL WHERE CD_ID = '41baf7aa-5ffd-4421-831f-42d4ab3de38a' AND OBSLT_UTC IS NULL;
INSERT INTO CD_REF_TERM_ASSOC_TBL (REF_TERM_ID, CD_ID, EFFT_VRSN_SEQ_ID, REL_TYP_ID) SELECT 'ed52ddd0-98e3-4b35-9136-8bbad2e4dab1', 'c6b92576-1d62-4896-8799-6f931f8ab607', VRSN_SEQ_ID, '2c4dafc2-566a-41ae-9ebc-3097d7d22f4a' FROM CD_VRSN_TBL WHERE CD_ID = 'c6b92576-1d62-4896-8799-6f931f8ab607' AND OBSLT_UTC IS NULL;
INSERT INTO CD_REF_TERM_ASSOC_TBL (REF_TERM_ID, CD_ID, EFFT_VRSN_SEQ_ID, REL_TYP_ID) SELECT '0349d8ab-d5ea-43b8-9d04-92c24cfa04d4', '08fff7d9-bac7-417b-b026-c9bee52f4a37', VRSN_SEQ_ID, '2c4dafc2-566a-41ae-9ebc-3097d7d22f4a' FROM CD_VRSN_TBL WHERE CD_ID = '08fff7d9-bac7-417b-b026-c9bee52f4a37' AND OBSLT_UTC IS NULL;
INSERT INTO CD_REF_TERM_ASSOC_TBL (REF_TERM_ID, CD_ID, EFFT_VRSN_SEQ_ID, REL_TYP_ID) SELECT '8160f62b-732f-434f-be24-dd5ff96c4ed3', '639b4b8f-afd3-4963-9e79-ef0d3928796a', VRSN_SEQ_ID, '2c4dafc2-566a-41ae-9ebc-3097d7d22f4a' FROM CD_VRSN_TBL WHERE CD_ID = '639b4b8f-afd3-4963-9e79-ef0d3928796a' AND OBSLT_UTC IS NULL;
INSERT INTO CD_REF_TERM_ASSOC_TBL (REF_TERM_ID, CD_ID, EFFT_VRSN_SEQ_ID, REL_TYP_ID) SELECT '5ad438fb-96ea-49b6-8c2b-e4f8b19ae895', 'f3ef7e48-d8b7-4030-b431-aff7e0e1cb76', VRSN_SEQ_ID, '2c4dafc2-566a-41ae-9ebc-3097d7d22f4a' FROM CD_VRSN_TBL WHERE CD_ID = 'f3ef7e48-d8b7-4030-b431-aff7e0e1cb76' AND OBSLT_UTC IS NULL;
INSERT INTO CD_REF_TERM_ASSOC_TBL (REF_TERM_ID, CD_ID, EFFT_VRSN_SEQ_ID, REL_TYP_ID) SELECT 'fa067e46-55b3-4b1e-909e-a8464dc77c64', '845120de-e6f7-4cec-94aa-e6e943c91367', VRSN_SEQ_ID, '2c4dafc2-566a-41ae-9ebc-3097d7d22f4a' FROM CD_VRSN_TBL WHERE CD_ID = '845120de-e6f7-4cec-94aa-e6e943c91367' AND OBSLT_UTC IS NULL;
INSERT INTO CD_REF_TERM_ASSOC_TBL (REF_TERM_ID, CD_ID, EFFT_VRSN_SEQ_ID, REL_TYP_ID) SELECT 'c9796abf-f537-4b07-ab02-476c1948f2b8', '77b6d8cd-05a0-4b1f-9e14-b895203bf40c', VRSN_SEQ_ID, '2c4dafc2-566a-41ae-9ebc-3097d7d22f4a' FROM CD_VRSN_TBL WHERE CD_ID = '77b6d8cd-05a0-4b1f-9e14-b895203bf40c' AND OBSLT_UTC IS NULL;
INSERT INTO CD_REF_TERM_ASSOC_TBL (REF_TERM_ID, CD_ID, EFFT_VRSN_SEQ_ID, REL_TYP_ID) SELECT '548a1fad-f5d5-4162-94a4-641d1885bb0e', '6780df3b-afbd-44a3-8627-cbb3dc2f02f6', VRSN_SEQ_ID, '2c4dafc2-566a-41ae-9ebc-3097d7d22f4a' FROM CD_VRSN_TBL WHERE CD_ID = '6780df3b-afbd-44a3-8627-cbb3dc2f02f6' AND OBSLT_UTC IS NULL;
INSERT INTO CD_REF_TERM_ASSOC_TBL (REF_TERM_ID, CD_ID, EFFT_VRSN_SEQ_ID, REL_TYP_ID) SELECT '5cb86675-ade9-4c22-8ff7-071a8550a957', 'd6657fdb-4ef3-4131-af79-14e01a21faca', VRSN_SEQ_ID, '2c4dafc2-566a-41ae-9ebc-3097d7d22f4a' FROM CD_VRSN_TBL WHERE CD_ID = 'd6657fdb-4ef3-4131-af79-14e01a21faca' AND OBSLT_UTC IS NULL;
INSERT INTO CD_REF_TERM_ASSOC_TBL (REF_TERM_ID, CD_ID, EFFT_VRSN_SEQ_ID, REL_TYP_ID) SELECT 'e2c9f647-eb48-4270-a7b8-77c1ae858bb0', '8de7b5e7-c941-42bd-b735-52d750efc5e6', VRSN_SEQ_ID, '2c4dafc2-566a-41ae-9ebc-3097d7d22f4a' FROM CD_VRSN_TBL WHERE CD_ID = '8de7b5e7-c941-42bd-b735-52d750efc5e6' AND OBSLT_UTC IS NULL;
INSERT INTO CD_REF_TERM_ASSOC_TBL (REF_TERM_ID, CD_ID, EFFT_VRSN_SEQ_ID, REL_TYP_ID) SELECT '1ecadba0-3665-414c-8566-54e5ea9de11c', '867fd445-d490-4619-804e-75c04b8a0e57', VRSN_SEQ_ID, '2c4dafc2-566a-41ae-9ebc-3097d7d22f4a' FROM CD_VRSN_TBL WHERE CD_ID = '867fd445-d490-4619-804e-75c04b8a0e57' AND OBSLT_UTC IS NULL;
INSERT INTO CD_REF_TERM_ASSOC_TBL (REF_TERM_ID, CD_ID, EFFT_VRSN_SEQ_ID, REL_TYP_ID) SELECT '8b3b575a-eba2-454b-a087-805f5083b048', '77b7a04b-c065-4faf-8ec0-2cdad4ae372b', VRSN_SEQ_ID, '2c4dafc2-566a-41ae-9ebc-3097d7d22f4a' FROM CD_VRSN_TBL WHERE CD_ID = '77b7a04b-c065-4faf-8ec0-2cdad4ae372b' AND OBSLT_UTC IS NULL;
INSERT INTO CD_REF_TERM_ASSOC_TBL (REF_TERM_ID, CD_ID, EFFT_VRSN_SEQ_ID, REL_TYP_ID) SELECT '9a6b3c58-e387-4d87-bc10-545eae914484', '33bd1401-dfdb-40e7-a914-0a695ad5186e', VRSN_SEQ_ID, '2c4dafc2-566a-41ae-9ebc-3097d7d22f4a' FROM CD_VRSN_TBL WHERE CD_ID = '33bd1401-dfdb-40e7-a914-0a695ad5186e' AND OBSLT_UTC IS NULL;
INSERT INTO CD_REF_TERM_ASSOC_TBL (REF_TERM_ID, CD_ID, EFFT_VRSN_SEQ_ID, REL_TYP_ID) SELECT 'c57da98d-d22a-449b-b0fa-315e52676275', '757f98df-14e0-446a-bd50-bb0affb34f09', VRSN_SEQ_ID, '2c4dafc2-566a-41ae-9ebc-3097d7d22f4a' FROM CD_VRSN_TBL WHERE CD_ID = '757f98df-14e0-446a-bd50-bb0affb34f09' AND OBSLT_UTC IS NULL;
INSERT INTO CD_REF_TERM_ASSOC_TBL (REF_TERM_ID, CD_ID, EFFT_VRSN_SEQ_ID, REL_TYP_ID) SELECT '8936fd76-58bd-42e8-9bf2-21fe275531b8', 'b1d2148d-bb35-4337-8fe6-021f5a3ac8a3', VRSN_SEQ_ID, '2c4dafc2-566a-41ae-9ebc-3097d7d22f4a' FROM CD_VRSN_TBL WHERE CD_ID = 'b1d2148d-bb35-4337-8fe6-021f5a3ac8a3' AND OBSLT_UTC IS NULL;
INSERT INTO CD_REF_TERM_ASSOC_TBL (REF_TERM_ID, CD_ID, EFFT_VRSN_SEQ_ID, REL_TYP_ID) SELECT '3f8b819a-5920-4315-a8dd-d6ae323999ac', '25985F42-476A-4455-A977-4E97A554D710', VRSN_SEQ_ID, '2c4dafc2-566a-41ae-9ebc-3097d7d22f4a' FROM CD_VRSN_TBL WHERE CD_ID = '25985F42-476A-4455-A977-4E97A554D710' AND OBSLT_UTC IS NULL;
INSERT INTO CD_REF_TERM_ASSOC_TBL (REF_TERM_ID, CD_ID, EFFT_VRSN_SEQ_ID, REL_TYP_ID) SELECT 'f0d2e84a-e637-490c-9ed7-d65d411d7c86', '1ee4e74f-542d-4544-96f6-266a6247f274', VRSN_SEQ_ID, '2c4dafc2-566a-41ae-9ebc-3097d7d22f4a' FROM CD_VRSN_TBL WHERE CD_ID = '1ee4e74f-542d-4544-96f6-266a6247f274' AND OBSLT_UTC IS NULL;
INSERT INTO CD_REF_TERM_ASSOC_TBL (REF_TERM_ID, CD_ID, EFFT_VRSN_SEQ_ID, REL_TYP_ID) SELECT 'fa067e46-55b3-4b1e-909e-a8464dc77c64', '3b8e2334-4ccc-4f24-8aae-37341ea03d3e', VRSN_SEQ_ID, '2c4dafc2-566a-41ae-9ebc-3097d7d22f4a' FROM CD_VRSN_TBL WHERE CD_ID = '3b8e2334-4ccc-4f24-8aae-37341ea03d3e' AND OBSLT_UTC IS NULL;
INSERT INTO CD_REF_TERM_ASSOC_TBL (REF_TERM_ID, CD_ID, EFFT_VRSN_SEQ_ID, REL_TYP_ID) SELECT '110695e0-f60a-4327-9ecd-e2462abaae67', '35b13152-e43c-4bcb-8649-a9e83bee33a2', VRSN_SEQ_ID, '2c4dafc2-566a-41ae-9ebc-3097d7d22f4a' FROM CD_VRSN_TBL WHERE CD_ID = '35b13152-e43c-4bcb-8649-a9e83bee33a2' AND OBSLT_UTC IS NULL;
INSERT INTO CD_REF_TERM_ASSOC_TBL (REF_TERM_ID, CD_ID, EFFT_VRSN_SEQ_ID, REL_TYP_ID) SELECT '6ca03348-fb5f-42ba-a6cf-d453b36fcc94', 'd4844672-c0d7-434c-8377-6dd0655b0532', VRSN_SEQ_ID, '2c4dafc2-566a-41ae-9ebc-3097d7d22f4a' FROM CD_VRSN_TBL WHERE CD_ID = 'd4844672-c0d7-434c-8377-6dd0655b0532' AND OBSLT_UTC IS NULL;
INSERT INTO CD_REF_TERM_ASSOC_TBL (REF_TERM_ID, CD_ID, EFFT_VRSN_SEQ_ID, REL_TYP_ID) SELECT 'e0ff836c-ebee-4c08-9baf-fda73e900f4e', '9d256279-f1ac-46b3-a974-dd13e2ad4f72', VRSN_SEQ_ID, '2c4dafc2-566a-41ae-9ebc-3097d7d22f4a' FROM CD_VRSN_TBL WHERE CD_ID = '9d256279-f1ac-46b3-a974-dd13e2ad4f72' AND OBSLT_UTC IS NULL;
INSERT INTO CD_REF_TERM_ASSOC_TBL (REF_TERM_ID, CD_ID, EFFT_VRSN_SEQ_ID, REL_TYP_ID) SELECT 'fca0dda5-f132-4b2a-8b05-1feca58272c9', '3d907f37-085c-4c26-b59b-62e40621dafd', VRSN_SEQ_ID, '2c4dafc2-566a-41ae-9ebc-3097d7d22f4a' FROM CD_VRSN_TBL WHERE CD_ID = '3d907f37-085c-4c26-b59b-62e40621dafd' AND OBSLT_UTC IS NULL;
INSERT INTO CD_REF_TERM_ASSOC_TBL (REF_TERM_ID, CD_ID, EFFT_VRSN_SEQ_ID, REL_TYP_ID) SELECT '0a4e2112-0d7e-40a0-8b77-b3b5dfac6c87', 'f28ed78f-85ab-47a1-ba08-b5051e62d6c3', VRSN_SEQ_ID, '2c4dafc2-566a-41ae-9ebc-3097d7d22f4a' FROM CD_VRSN_TBL WHERE CD_ID = 'f28ed78f-85ab-47a1-ba08-b5051e62d6c3' AND OBSLT_UTC IS NULL;
INSERT INTO CD_REF_TERM_ASSOC_TBL (REF_TERM_ID, CD_ID, EFFT_VRSN_SEQ_ID, REL_TYP_ID) SELECT '342d57bc-87df-475d-85e3-04690e9901a0', '47049b0f-f189-4e19-9aa8-7c38adb2491a', VRSN_SEQ_ID, '2c4dafc2-566a-41ae-9ebc-3097d7d22f4a' FROM CD_VRSN_TBL WHERE CD_ID = '47049b0f-f189-4e19-9aa8-7c38adb2491a' AND OBSLT_UTC IS NULL;
INSERT INTO CD_REF_TERM_ASSOC_TBL (REF_TERM_ID, CD_ID, EFFT_VRSN_SEQ_ID, REL_TYP_ID) SELECT '662aa4be-a671-43ab-86fb-9ec88d87b07f', 'f31a2a5b-ce13-47e1-a0fb-d704f31547db', VRSN_SEQ_ID, '2c4dafc2-566a-41ae-9ebc-3097d7d22f4a' FROM CD_VRSN_TBL WHERE CD_ID = 'f31a2a5b-ce13-47e1-a0fb-d704f31547db' AND OBSLT_UTC IS NULL;
INSERT INTO CD_REF_TERM_ASSOC_TBL (REF_TERM_ID, CD_ID, EFFT_VRSN_SEQ_ID, REL_TYP_ID) SELECT '8bed4875-70f5-4301-b65e-55bb54ea6b93', 'cbe2a00c-e1d5-44e9-aae3-d7d03e3c2efa', VRSN_SEQ_ID, '2c4dafc2-566a-41ae-9ebc-3097d7d22f4a' FROM CD_VRSN_TBL WHERE CD_ID = 'cbe2a00c-e1d5-44e9-aae3-d7d03e3c2efa' AND OBSLT_UTC IS NULL;
INSERT INTO CD_REF_TERM_ASSOC_TBL (REF_TERM_ID, CD_ID, EFFT_VRSN_SEQ_ID, REL_TYP_ID) SELECT '90ef33da-42bf-402a-803c-5d8d366fe3a7', '43ad7bc0-2ed8-4b27-97e5-b3db00a07d17', VRSN_SEQ_ID, '2c4dafc2-566a-41ae-9ebc-3097d7d22f4a' FROM CD_VRSN_TBL WHERE CD_ID = '43ad7bc0-2ed8-4b27-97e5-b3db00a07d17' AND OBSLT_UTC IS NULL;
INSERT INTO CD_REF_TERM_ASSOC_TBL (REF_TERM_ID, CD_ID, EFFT_VRSN_SEQ_ID, REL_TYP_ID) SELECT 'c1f895d2-ef88-42cc-91c5-4ab2c80e0700', '66c96ae6-c5c4-4d66-9bd0-a00c56e831da', VRSN_SEQ_ID, '2c4dafc2-566a-41ae-9ebc-3097d7d22f4a' FROM CD_VRSN_TBL WHERE CD_ID = '66c96ae6-c5c4-4d66-9bd0-a00c56e831da' AND OBSLT_UTC IS NULL;
INSERT INTO CD_REF_TERM_ASSOC_TBL (REF_TERM_ID, CD_ID, EFFT_VRSN_SEQ_ID, REL_TYP_ID) SELECT 'ee215548-b8c6-4b63-b47b-da29c4e23b5e', 'b43c9513-1c1c-4ed0-92db-55a904c122e6', VRSN_SEQ_ID, '2c4dafc2-566a-41ae-9ebc-3097d7d22f4a' FROM CD_VRSN_TBL WHERE CD_ID = 'b43c9513-1c1c-4ed0-92db-55a904c122e6' AND OBSLT_UTC IS NULL;
INSERT INTO CD_REF_TERM_ASSOC_TBL (REF_TERM_ID, CD_ID, EFFT_VRSN_SEQ_ID, REL_TYP_ID) SELECT 'eb49a695-72b7-4a36-a64a-9a2560068f14', '1bcfb08d-c6fa-41dd-98bf-06336a33a3b7', VRSN_SEQ_ID, '2c4dafc2-566a-41ae-9ebc-3097d7d22f4a' FROM CD_VRSN_TBL WHERE CD_ID = '1bcfb08d-c6fa-41dd-98bf-06336a33a3b7' AND OBSLT_UTC IS NULL;
INSERT INTO CD_REF_TERM_ASSOC_TBL (REF_TERM_ID, CD_ID, EFFT_VRSN_SEQ_ID, REL_TYP_ID) SELECT 'ccc12c7d-9f2b-450e-a29b-441c6262b1a2', 'f5b10c57-3ae1-41ea-8649-1cf8d9848ae1', VRSN_SEQ_ID, '2c4dafc2-566a-41ae-9ebc-3097d7d22f4a' FROM CD_VRSN_TBL WHERE CD_ID = 'f5b10c57-3ae1-41ea-8649-1cf8d9848ae1' AND OBSLT_UTC IS NULL;
INSERT INTO CD_REF_TERM_ASSOC_TBL (REF_TERM_ID, CD_ID, EFFT_VRSN_SEQ_ID, REL_TYP_ID) SELECT 'd39e3305-f1b5-4340-a611-3a50423d3fe0', '0c522bd1-dfa2-43cb-a98e-f6ff137968ae', VRSN_SEQ_ID, '2c4dafc2-566a-41ae-9ebc-3097d7d22f4a' FROM CD_VRSN_TBL WHERE CD_ID = '0c522bd1-dfa2-43cb-a98e-f6ff137968ae' AND OBSLT_UTC IS NULL;
INSERT INTO CD_REF_TERM_ASSOC_TBL (REF_TERM_ID, CD_ID, EFFT_VRSN_SEQ_ID, REL_TYP_ID) SELECT 'ccfbf201-de03-40ee-8739-4f0f32b2b7c1', 'd7ad48c0-889d-41e2-99e9-be5e6c5327b2', VRSN_SEQ_ID, '2c4dafc2-566a-41ae-9ebc-3097d7d22f4a' FROM CD_VRSN_TBL WHERE CD_ID = 'd7ad48c0-889d-41e2-99e9-be5e6c5327b2' AND OBSLT_UTC IS NULL;
INSERT INTO CD_REF_TERM_ASSOC_TBL (REF_TERM_ID, CD_ID, EFFT_VRSN_SEQ_ID, REL_TYP_ID) SELECT '2ec3092d-0090-421e-b01f-37fea0805f7e', 'ef597ffe-d965-4398-b55a-650530ebb997', VRSN_SEQ_ID, '2c4dafc2-566a-41ae-9ebc-3097d7d22f4a' FROM CD_VRSN_TBL WHERE CD_ID = 'ef597ffe-d965-4398-b55a-650530ebb997' AND OBSLT_UTC IS NULL;
INSERT INTO CD_REF_TERM_ASSOC_TBL (REF_TERM_ID, CD_ID, EFFT_VRSN_SEQ_ID, REL_TYP_ID) SELECT '14b79963-aff8-46a8-98f3-065bd572b4d2', 'b9fe057e-7f57-42eb-89d7-67c69646c0c4', VRSN_SEQ_ID, '2c4dafc2-566a-41ae-9ebc-3097d7d22f4a' FROM CD_VRSN_TBL WHERE CD_ID = 'b9fe057e-7f57-42eb-89d7-67c69646c0c4' AND OBSLT_UTC IS NULL;
INSERT INTO CD_REF_TERM_ASSOC_TBL (REF_TERM_ID, CD_ID, EFFT_VRSN_SEQ_ID, REL_TYP_ID) SELECT '38f6b214-ed35-4233-a262-71dd30e4a826', 'f1ef6c46-05eb-4482-baeb-eaf0a8e5ffef', VRSN_SEQ_ID, '2c4dafc2-566a-41ae-9ebc-3097d7d22f4a' FROM CD_VRSN_TBL WHERE CD_ID = 'f1ef6c46-05eb-4482-baeb-eaf0a8e5ffef' AND OBSLT_UTC IS NULL;
INSERT INTO CD_REF_TERM_ASSOC_TBL (REF_TERM_ID, CD_ID, EFFT_VRSN_SEQ_ID, REL_TYP_ID) SELECT '6d4886c2-86a8-40b6-ac0a-46aeead4d060', '6b04fed8-c164-469c-910b-f824c2bda4f0', VRSN_SEQ_ID, '2c4dafc2-566a-41ae-9ebc-3097d7d22f4a' FROM CD_VRSN_TBL WHERE CD_ID = '6b04fed8-c164-469c-910b-f824c2bda4f0' AND OBSLT_UTC IS NULL;
INSERT INTO CD_REF_TERM_ASSOC_TBL (REF_TERM_ID, CD_ID, EFFT_VRSN_SEQ_ID, REL_TYP_ID) SELECT '266cdd72-5657-44f8-8109-432a43e368f4', 'bacd9c6f-3fa9-481e-9636-37457962804d', VRSN_SEQ_ID, '2c4dafc2-566a-41ae-9ebc-3097d7d22f4a' FROM CD_VRSN_TBL WHERE CD_ID = 'bacd9c6f-3fa9-481e-9636-37457962804d' AND OBSLT_UTC IS NULL;
INSERT INTO CD_REF_TERM_ASSOC_TBL (REF_TERM_ID, CD_ID, EFFT_VRSN_SEQ_ID, REL_TYP_ID) SELECT '85788bcc-c03c-4a29-8847-954f0c5988f2', '734551e1-2960-4a68-93a2-b277db072a43', VRSN_SEQ_ID, '2c4dafc2-566a-41ae-9ebc-3097d7d22f4a' FROM CD_VRSN_TBL WHERE CD_ID = '734551e1-2960-4a68-93a2-b277db072a43' AND OBSLT_UTC IS NULL;
INSERT INTO CD_REF_TERM_ASSOC_TBL (REF_TERM_ID, CD_ID, EFFT_VRSN_SEQ_ID, REL_TYP_ID) SELECT '0a37a1c5-0265-4579-a252-b040601905c0', '07c922d2-12c9-415a-95d4-9b3fed4959d6', VRSN_SEQ_ID, '2c4dafc2-566a-41ae-9ebc-3097d7d22f4a' FROM CD_VRSN_TBL WHERE CD_ID = '07c922d2-12c9-415a-95d4-9b3fed4959d6' AND OBSLT_UTC IS NULL;
INSERT INTO CD_REF_TERM_ASSOC_TBL (REF_TERM_ID, CD_ID, EFFT_VRSN_SEQ_ID, REL_TYP_ID) SELECT '9299a99f-f92d-4af8-aac9-f1f14868a31a', 'cec017ef-4e49-41af-8596-abad1a91c9d0', VRSN_SEQ_ID, '2c4dafc2-566a-41ae-9ebc-3097d7d22f4a' FROM CD_VRSN_TBL WHERE CD_ID = 'cec017ef-4e49-41af-8596-abad1a91c9d0' AND OBSLT_UTC IS NULL;
INSERT INTO CD_REF_TERM_ASSOC_TBL (REF_TERM_ID, CD_ID, EFFT_VRSN_SEQ_ID, REL_TYP_ID) SELECT '4fd0f42e-45ae-49b9-bf0e-b8f1817aaac4', '6521dd09-334b-4fbf-9c89-1ad5a804326c', VRSN_SEQ_ID, '2c4dafc2-566a-41ae-9ebc-3097d7d22f4a' FROM CD_VRSN_TBL WHERE CD_ID = '6521dd09-334b-4fbf-9c89-1ad5a804326c' AND OBSLT_UTC IS NULL;
INSERT INTO CD_REF_TERM_ASSOC_TBL (REF_TERM_ID, CD_ID, EFFT_VRSN_SEQ_ID, REL_TYP_ID) SELECT '0daf6c3e-5801-45d3-8792-eb8b1d172889', '8ff9d9a5-a206-4566-82cd-67b770d7ce8a', VRSN_SEQ_ID, '2c4dafc2-566a-41ae-9ebc-3097d7d22f4a' FROM CD_VRSN_TBL WHERE CD_ID = '8ff9d9a5-a206-4566-82cd-67b770d7ce8a' AND OBSLT_UTC IS NULL;
INSERT INTO CD_REF_TERM_ASSOC_TBL (REF_TERM_ID, CD_ID, EFFT_VRSN_SEQ_ID, REL_TYP_ID) SELECT 'fb832e06-e0fc-482c-a063-bc238f20802d', '0c157566-d1e9-4976-8542-473caa9ba2a4', VRSN_SEQ_ID, '2c4dafc2-566a-41ae-9ebc-3097d7d22f4a' FROM CD_VRSN_TBL WHERE CD_ID = '0c157566-d1e9-4976-8542-473caa9ba2a4' AND OBSLT_UTC IS NULL;
INSERT INTO CD_REF_TERM_ASSOC_TBL (REF_TERM_ID, CD_ID, EFFT_VRSN_SEQ_ID, REL_TYP_ID) SELECT '284d75fc-7779-439f-8d7a-27a2537d688f', 'a8fcd83f-808b-494b-8a1c-ec2c6dbc3dfa', VRSN_SEQ_ID, '2c4dafc2-566a-41ae-9ebc-3097d7d22f4a' FROM CD_VRSN_TBL WHERE CD_ID = 'a8fcd83f-808b-494b-8a1c-ec2c6dbc3dfa' AND OBSLT_UTC IS NULL;
INSERT INTO CD_REF_TERM_ASSOC_TBL (REF_TERM_ID, CD_ID, EFFT_VRSN_SEQ_ID, REL_TYP_ID) SELECT '9ef1cd8c-1c7c-41f3-8f91-36bde9313507', '31b0dfcb-d7ba-452a-98b9-45ebccd30732', VRSN_SEQ_ID, '2c4dafc2-566a-41ae-9ebc-3097d7d22f4a' FROM CD_VRSN_TBL WHERE CD_ID = '31b0dfcb-d7ba-452a-98b9-45ebccd30732' AND OBSLT_UTC IS NULL;
INSERT INTO CD_REF_TERM_ASSOC_TBL (REF_TERM_ID, CD_ID, EFFT_VRSN_SEQ_ID, REL_TYP_ID) SELECT 'ae48ba4f-a9ac-4f9b-bfa6-78d7921012fe', 'abfd3fe8-9526-48fb-b366-35baca9bd170', VRSN_SEQ_ID, '2c4dafc2-566a-41ae-9ebc-3097d7d22f4a' FROM CD_VRSN_TBL WHERE CD_ID = 'abfd3fe8-9526-48fb-b366-35baca9bd170' AND OBSLT_UTC IS NULL;
INSERT INTO CD_REF_TERM_ASSOC_TBL (REF_TERM_ID, CD_ID, EFFT_VRSN_SEQ_ID, REL_TYP_ID) SELECT 'ca290ed0-330c-49e7-a644-3e52728cfc0f', 'b2feb552-8eaf-45fe-a397-f789d6f4728a', VRSN_SEQ_ID, '2c4dafc2-566a-41ae-9ebc-3097d7d22f4a' FROM CD_VRSN_TBL WHERE CD_ID = 'b2feb552-8eaf-45fe-a397-f789d6f4728a' AND OBSLT_UTC IS NULL;
INSERT INTO CD_REF_TERM_ASSOC_TBL (REF_TERM_ID, CD_ID, EFFT_VRSN_SEQ_ID, REL_TYP_ID) SELECT '9cc5465d-8617-4595-ab40-b3c2776451fd', '212b1b6b-b074-4a75-862d-e4e194252044', VRSN_SEQ_ID, '2c4dafc2-566a-41ae-9ebc-3097d7d22f4a' FROM CD_VRSN_TBL WHERE CD_ID = '212b1b6b-b074-4a75-862d-e4e194252044' AND OBSLT_UTC IS NULL;
INSERT INTO CD_REF_TERM_ASSOC_TBL (REF_TERM_ID, CD_ID, EFFT_VRSN_SEQ_ID, REL_TYP_ID) SELECT '266cdd72-5657-44f8-8109-432a43e368f4', 'bacd9c6f-3fa9-481e-9636-37457962804d', VRSN_SEQ_ID, '2c4dafc2-566a-41ae-9ebc-3097d7d22f4a' FROM CD_VRSN_TBL WHERE CD_ID = 'bacd9c6f-3fa9-481e-9636-37457962804d' AND OBSLT_UTC IS NULL;
INSERT INTO CD_REF_TERM_ASSOC_TBL (REF_TERM_ID, CD_ID, EFFT_VRSN_SEQ_ID, REL_TYP_ID) SELECT '4e7add04-ad21-4ae7-bccc-0a6424bd4701', 'ff34dfa7-c6d3-4f8b-bc9f-14bcdc13ba6c', VRSN_SEQ_ID, '2c4dafc2-566a-41ae-9ebc-3097d7d22f4a' FROM CD_VRSN_TBL WHERE CD_ID = 'ff34dfa7-c6d3-4f8b-bc9f-14bcdc13ba6c' AND OBSLT_UTC IS NULL;
INSERT INTO CD_REF_TERM_ASSOC_TBL (REF_TERM_ID, CD_ID, EFFT_VRSN_SEQ_ID, REL_TYP_ID) SELECT '93863719-f048-4000-92d0-4d9fcb3a32f7', '455f1772-f580-47e8-86bd-b5ce25d351f9', VRSN_SEQ_ID, '2c4dafc2-566a-41ae-9ebc-3097d7d22f4a' FROM CD_VRSN_TBL WHERE CD_ID = '455f1772-f580-47e8-86bd-b5ce25d351f9' AND OBSLT_UTC IS NULL;
INSERT INTO CD_REF_TERM_ASSOC_TBL (REF_TERM_ID, CD_ID, EFFT_VRSN_SEQ_ID, REL_TYP_ID) SELECT '872c2705-a17d-4ec4-b2ae-039b76a292a2', '41baf7aa-5ffd-4421-831f-42d4ab3de38a', VRSN_SEQ_ID, '2c4dafc2-566a-41ae-9ebc-3097d7d22f4a' FROM CD_VRSN_TBL WHERE CD_ID = '41baf7aa-5ffd-4421-831f-42d4ab3de38a' AND OBSLT_UTC IS NULL;
INSERT INTO CD_REF_TERM_ASSOC_TBL (REF_TERM_ID, CD_ID, EFFT_VRSN_SEQ_ID, REL_TYP_ID) SELECT '5414f742-0854-4a0b-838d-772272fbbf1b', 'bce17b21-05b2-4f02-bf7a-c6d3561aa948', VRSN_SEQ_ID, '2c4dafc2-566a-41ae-9ebc-3097d7d22f4a' FROM CD_VRSN_TBL WHERE CD_ID = 'bce17b21-05b2-4f02-bf7a-c6d3561aa948' AND OBSLT_UTC IS NULL;
INSERT INTO CD_REF_TERM_ASSOC_TBL (REF_TERM_ID, CD_ID, EFFT_VRSN_SEQ_ID, REL_TYP_ID) SELECT '2092fce9-9396-4651-81d6-e3a8a28a60d3', 'cff670e4-965e-4288-b966-47a44479d2ad', VRSN_SEQ_ID, '2c4dafc2-566a-41ae-9ebc-3097d7d22f4a' FROM CD_VRSN_TBL WHERE CD_ID = 'cff670e4-965e-4288-b966-47a44479d2ad' AND OBSLT_UTC IS NULL;
INSERT INTO CD_REF_TERM_ASSOC_TBL (REF_TERM_ID, CD_ID, EFFT_VRSN_SEQ_ID, REL_TYP_ID) SELECT '45d889e4-655c-46f4-9b9f-697bed99a221', '020c28a0-7c52-42f4-a046-db9e329d5a42', VRSN_SEQ_ID, '2c4dafc2-566a-41ae-9ebc-3097d7d22f4a' FROM CD_VRSN_TBL WHERE CD_ID = '020c28a0-7c52-42f4-a046-db9e329d5a42' AND OBSLT_UTC IS NULL;
INSERT INTO CD_REF_TERM_ASSOC_TBL (REF_TERM_ID, CD_ID, EFFT_VRSN_SEQ_ID, REL_TYP_ID) SELECT 'f7abb63f-2f58-4d3b-834c-0687fd07c401', 'ca44a469-81d7-4484-9189-ca1d55afecbc', VRSN_SEQ_ID, '2c4dafc2-566a-41ae-9ebc-3097d7d22f4a' FROM CD_VRSN_TBL WHERE CD_ID = 'ca44a469-81d7-4484-9189-ca1d55afecbc' AND OBSLT_UTC IS NULL;
INSERT INTO CD_REF_TERM_ASSOC_TBL (REF_TERM_ID, CD_ID, EFFT_VRSN_SEQ_ID, REL_TYP_ID) SELECT '81607aae-ece1-4bba-8cb3-d2a9f5d35067', 'd874424e-c692-4fd8-b94e-642e1cbf83e9', VRSN_SEQ_ID, '2c4dafc2-566a-41ae-9ebc-3097d7d22f4a' FROM CD_VRSN_TBL WHERE CD_ID = 'd874424e-c692-4fd8-b94e-642e1cbf83e9' AND OBSLT_UTC IS NULL;
INSERT INTO CD_REF_TERM_ASSOC_TBL (REF_TERM_ID, CD_ID, EFFT_VRSN_SEQ_ID, REL_TYP_ID) SELECT '34ef1f74-40b1-432c-9c86-5b77d3cd23c0', '846c2ccf-5b02-4b3f-beb4-3d69ce7830dd', VRSN_SEQ_ID, '2c4dafc2-566a-41ae-9ebc-3097d7d22f4a' FROM CD_VRSN_TBL WHERE CD_ID = '846c2ccf-5b02-4b3f-beb4-3d69ce7830dd' AND OBSLT_UTC IS NULL;
INSERT INTO CD_REF_TERM_ASSOC_TBL (REF_TERM_ID, CD_ID, EFFT_VRSN_SEQ_ID, REL_TYP_ID) SELECT '099ba749-979d-4ea1-a6fb-6b3253a25062', '03eb7808-0851-49e2-b773-663b0ac2bd38', VRSN_SEQ_ID, '2c4dafc2-566a-41ae-9ebc-3097d7d22f4a' FROM CD_VRSN_TBL WHERE CD_ID = '03eb7808-0851-49e2-b773-663b0ac2bd38' AND OBSLT_UTC IS NULL;
INSERT INTO CD_REF_TERM_ASSOC_TBL (REF_TERM_ID, CD_ID, EFFT_VRSN_SEQ_ID, REL_TYP_ID) SELECT '7d2cc381-306c-4d05-8644-e5781e9bcc9e', '1571297b-86ed-4002-8b40-13403cba68ab', VRSN_SEQ_ID, '2c4dafc2-566a-41ae-9ebc-3097d7d22f4a' FROM CD_VRSN_TBL WHERE CD_ID = '1571297b-86ed-4002-8b40-13403cba68ab' AND OBSLT_UTC IS NULL;
INSERT INTO CD_REF_TERM_ASSOC_TBL (REF_TERM_ID, CD_ID, EFFT_VRSN_SEQ_ID, REL_TYP_ID) SELECT '60d10daa-0f02-47d9-847d-abbfd07742df', '192f1768-d39e-409d-87be-5afd0ee0d1fe', VRSN_SEQ_ID, '2c4dafc2-566a-41ae-9ebc-3097d7d22f4a' FROM CD_VRSN_TBL WHERE CD_ID = '192f1768-d39e-409d-87be-5afd0ee0d1fe' AND OBSLT_UTC IS NULL;
INSERT INTO CD_REF_TERM_ASSOC_TBL (REF_TERM_ID, CD_ID, EFFT_VRSN_SEQ_ID, REL_TYP_ID) SELECT '51b3ea54-7f54-4700-a9cd-69c2478d2e49', '06af93c0-08fc-4df4-b084-190d680331e0', VRSN_SEQ_ID, '2c4dafc2-566a-41ae-9ebc-3097d7d22f4a' FROM CD_VRSN_TBL WHERE CD_ID = '06af93c0-08fc-4df4-b084-190d680331e0' AND OBSLT_UTC IS NULL;
INSERT INTO CD_REF_TERM_ASSOC_TBL (REF_TERM_ID, CD_ID, EFFT_VRSN_SEQ_ID, REL_TYP_ID) SELECT 'e6422955-2c7d-4f32-a8e5-4e824f7bec4f', '6be8d358-f591-4a3a-9a57-1889b0147c7e', VRSN_SEQ_ID, '2c4dafc2-566a-41ae-9ebc-3097d7d22f4a' FROM CD_VRSN_TBL WHERE CD_ID = '6be8d358-f591-4a3a-9a57-1889b0147c7e' AND OBSLT_UTC IS NULL;
INSERT INTO CD_REF_TERM_ASSOC_TBL (REF_TERM_ID, CD_ID, EFFT_VRSN_SEQ_ID, REL_TYP_ID) SELECT '7784d6b7-218b-42c9-a767-186f070ba1c6', '7eae32b1-27ae-4e78-909b-9f7d07e1c446', VRSN_SEQ_ID, '2c4dafc2-566a-41ae-9ebc-3097d7d22f4a' FROM CD_VRSN_TBL WHERE CD_ID = '7eae32b1-27ae-4e78-909b-9f7d07e1c446' AND OBSLT_UTC IS NULL;
INSERT INTO CD_REF_TERM_ASSOC_TBL (REF_TERM_ID, CD_ID, EFFT_VRSN_SEQ_ID, REL_TYP_ID) SELECT 'a9513fcc-4cf0-498c-87ab-2c55d29fc01d', '61677f76-dc05-466d-91de-47efc8e7a3e6', VRSN_SEQ_ID, '2c4dafc2-566a-41ae-9ebc-3097d7d22f4a' FROM CD_VRSN_TBL WHERE CD_ID = '61677f76-dc05-466d-91de-47efc8e7a3e6' AND OBSLT_UTC IS NULL;
INSERT INTO CD_REF_TERM_ASSOC_TBL (REF_TERM_ID, CD_ID, EFFT_VRSN_SEQ_ID, REL_TYP_ID) SELECT '79e22c9a-3549-4fa0-b172-5c8b14f971a7', '676de278-64aa-44f2-9b69-60d61fc1f5f5', VRSN_SEQ_ID, '2c4dafc2-566a-41ae-9ebc-3097d7d22f4a' FROM CD_VRSN_TBL WHERE CD_ID = '676de278-64aa-44f2-9b69-60d61fc1f5f5' AND OBSLT_UTC IS NULL;
INSERT INTO CD_REF_TERM_ASSOC_TBL (REF_TERM_ID, CD_ID, EFFT_VRSN_SEQ_ID, REL_TYP_ID) SELECT 'e25859df-e131-4763-ab36-30f8a9b2d792', 'd38091b5-9065-4721-8a1f-bfbb3b4bf447', VRSN_SEQ_ID, '2c4dafc2-566a-41ae-9ebc-3097d7d22f4a' FROM CD_VRSN_TBL WHERE CD_ID = 'd38091b5-9065-4721-8a1f-bfbb3b4bf447' AND OBSLT_UTC IS NULL;
INSERT INTO CD_REF_TERM_ASSOC_TBL (REF_TERM_ID, CD_ID, EFFT_VRSN_SEQ_ID, REL_TYP_ID) SELECT '67207706-263c-4c71-958a-e96b0a9aaa3d', '3b14a426-6337-4f2a-b83b-e6be7dbcd5a5', VRSN_SEQ_ID, '2c4dafc2-566a-41ae-9ebc-3097d7d22f4a' FROM CD_VRSN_TBL WHERE CD_ID = '3b14a426-6337-4f2a-b83b-e6be7dbcd5a5' AND OBSLT_UTC IS NULL;
INSERT INTO CD_REF_TERM_ASSOC_TBL (REF_TERM_ID, CD_ID, EFFT_VRSN_SEQ_ID, REL_TYP_ID) SELECT 'eb93e8af-e880-4684-a553-7651364cee4f', 'ec74541f-87c4-4327-a4b9-97f325501747', VRSN_SEQ_ID, '2c4dafc2-566a-41ae-9ebc-3097d7d22f4a' FROM CD_VRSN_TBL WHERE CD_ID = 'ec74541f-87c4-4327-a4b9-97f325501747' AND OBSLT_UTC IS NULL;
INSERT INTO CD_REF_TERM_ASSOC_TBL (REF_TERM_ID, CD_ID, EFFT_VRSN_SEQ_ID, REL_TYP_ID) SELECT '9c8b956b-ceac-49a7-bcd3-ea8a8b111b72', '13925967-e748-4dd6-b562-1e1da3ddfb06', VRSN_SEQ_ID, '2c4dafc2-566a-41ae-9ebc-3097d7d22f4a' FROM CD_VRSN_TBL WHERE CD_ID = '13925967-e748-4dd6-b562-1e1da3ddfb06' AND OBSLT_UTC IS NULL;
INSERT INTO CD_REF_TERM_ASSOC_TBL (REF_TERM_ID, CD_ID, EFFT_VRSN_SEQ_ID, REL_TYP_ID) SELECT 'ccb14398-0b75-40f4-b3f3-c7af49ef1518', '099bcc5e-8e2f-4d50-b509-9f9d5bbeb58e', VRSN_SEQ_ID, '2c4dafc2-566a-41ae-9ebc-3097d7d22f4a' FROM CD_VRSN_TBL WHERE CD_ID = '099bcc5e-8e2f-4d50-b509-9f9d5bbeb58e' AND OBSLT_UTC IS NULL;
INSERT INTO CD_REF_TERM_ASSOC_TBL (REF_TERM_ID, CD_ID, EFFT_VRSN_SEQ_ID, REL_TYP_ID) SELECT 'bd98202d-48a2-4a29-b6ab-2bf2be5479f7', 'acf7baf2-221f-4bc2-8116-ceb5165be079', VRSN_SEQ_ID, '2c4dafc2-566a-41ae-9ebc-3097d7d22f4a' FROM CD_VRSN_TBL WHERE CD_ID = 'acf7baf2-221f-4bc2-8116-ceb5165be079' AND OBSLT_UTC IS NULL;
INSERT INTO CD_REF_TERM_ASSOC_TBL (REF_TERM_ID, CD_ID, EFFT_VRSN_SEQ_ID, REL_TYP_ID) SELECT 'ee5b963f-6aac-452a-bd2e-aba28630240f', 'dc3df205-18ef-4854-ac00-68c295c9c744', VRSN_SEQ_ID, '2c4dafc2-566a-41ae-9ebc-3097d7d22f4a' FROM CD_VRSN_TBL WHERE CD_ID = 'dc3df205-18ef-4854-ac00-68c295c9c744' AND OBSLT_UTC IS NULL;
INSERT INTO CD_REF_TERM_ASSOC_TBL (REF_TERM_ID, CD_ID, EFFT_VRSN_SEQ_ID, REL_TYP_ID) SELECT '221f6952-7635-4466-8276-cd93b83159e7', 'd1578637-e1cb-415e-b319-4011da033813', VRSN_SEQ_ID, '2c4dafc2-566a-41ae-9ebc-3097d7d22f4a' FROM CD_VRSN_TBL WHERE CD_ID = 'd1578637-e1cb-415e-b319-4011da033813' AND OBSLT_UTC IS NULL;
INSERT INTO CD_REF_TERM_ASSOC_TBL (REF_TERM_ID, CD_ID, EFFT_VRSN_SEQ_ID, REL_TYP_ID) SELECT 'c62e8129-f15d-4de8-b58e-8ba1ae9126e9', 'db2ae02a-ff12-4c1b-9c5b-ecdd41af8583', VRSN_SEQ_ID, '2c4dafc2-566a-41ae-9ebc-3097d7d22f4a' FROM CD_VRSN_TBL WHERE CD_ID = 'db2ae02a-ff12-4c1b-9c5b-ecdd41af8583' AND OBSLT_UTC IS NULL;
INSERT INTO CD_REF_TERM_ASSOC_TBL (REF_TERM_ID, CD_ID, EFFT_VRSN_SEQ_ID, REL_TYP_ID) SELECT 'a6f1b2c4-0b3f-49fa-87b3-cd9d3e2865e1', '78b9540f-438b-4b6f-8d83-aaf4979dbc64', VRSN_SEQ_ID, '2c4dafc2-566a-41ae-9ebc-3097d7d22f4a' FROM CD_VRSN_TBL WHERE CD_ID = '78b9540f-438b-4b6f-8d83-aaf4979dbc64' AND OBSLT_UTC IS NULL;
INSERT INTO CD_REF_TERM_ASSOC_TBL (REF_TERM_ID, CD_ID, EFFT_VRSN_SEQ_ID, REL_TYP_ID) SELECT '1f250c4f-0442-48b5-aaee-db711531536a', '81b6a0f8-b86a-495f-9d5d-8a4073fdd882', VRSN_SEQ_ID, '2c4dafc2-566a-41ae-9ebc-3097d7d22f4a' FROM CD_VRSN_TBL WHERE CD_ID = '81b6a0f8-b86a-495f-9d5d-8a4073fdd882' AND OBSLT_UTC IS NULL;
INSERT INTO CD_REF_TERM_ASSOC_TBL (REF_TERM_ID, CD_ID, EFFT_VRSN_SEQ_ID, REL_TYP_ID) SELECT 'abf031be-7c1d-42fc-872d-0d6e37e91442', '57d81685-e399-4abd-8744-96454188a9fa', VRSN_SEQ_ID, '2c4dafc2-566a-41ae-9ebc-3097d7d22f4a' FROM CD_VRSN_TBL WHERE CD_ID = '57d81685-e399-4abd-8744-96454188a9fa' AND OBSLT_UTC IS NULL;
INSERT INTO CD_REF_TERM_ASSOC_TBL (REF_TERM_ID, CD_ID, EFFT_VRSN_SEQ_ID, REL_TYP_ID) SELECT 'a6f1b2c4-0b3f-49fa-87b3-cd9d3e2865e1', '78b9540f-438b-4b6f-8d83-aaf4979dbc64', VRSN_SEQ_ID, '2c4dafc2-566a-41ae-9ebc-3097d7d22f4a' FROM CD_VRSN_TBL WHERE CD_ID = '78b9540f-438b-4b6f-8d83-aaf4979dbc64' AND OBSLT_UTC IS NULL;
INSERT INTO CD_REF_TERM_ASSOC_TBL (REF_TERM_ID, CD_ID, EFFT_VRSN_SEQ_ID, REL_TYP_ID) SELECT 'a87084fd-a552-4a87-b756-171654198d87', '8dbeac94-cccb-4412-a990-09bab26dd048', VRSN_SEQ_ID, '2c4dafc2-566a-41ae-9ebc-3097d7d22f4a' FROM CD_VRSN_TBL WHERE CD_ID = '8dbeac94-cccb-4412-a990-09bab26dd048' AND OBSLT_UTC IS NULL;
INSERT INTO CD_REF_TERM_ASSOC_TBL (REF_TERM_ID, CD_ID, EFFT_VRSN_SEQ_ID, REL_TYP_ID) SELECT 'c1ea1b70-37d8-4f71-98e7-237ab0386b4f', '22918d17-d3dc-4135-a003-4c1c52e57e75', VRSN_SEQ_ID, '2c4dafc2-566a-41ae-9ebc-3097d7d22f4a' FROM CD_VRSN_TBL WHERE CD_ID = '22918d17-d3dc-4135-a003-4c1c52e57e75' AND OBSLT_UTC IS NULL;
INSERT INTO CD_REF_TERM_ASSOC_TBL (REF_TERM_ID, CD_ID, EFFT_VRSN_SEQ_ID, REL_TYP_ID) SELECT 'dc6423f4-88a4-4f91-b4fe-e7843dced168', '8fce259a-b859-4ae3-8160-0221f6ab1650', VRSN_SEQ_ID, '2c4dafc2-566a-41ae-9ebc-3097d7d22f4a' FROM CD_VRSN_TBL WHERE CD_ID = '8fce259a-b859-4ae3-8160-0221f6ab1650' AND OBSLT_UTC IS NULL;
INSERT INTO CD_REF_TERM_ASSOC_TBL (REF_TERM_ID, CD_ID, EFFT_VRSN_SEQ_ID, REL_TYP_ID) SELECT '6d3c7931-e873-47b7-9de7-2dea769e08a2', '55da61a2-7b86-47f3-9b0b-ba47dc99c950', VRSN_SEQ_ID, '2c4dafc2-566a-41ae-9ebc-3097d7d22f4a' FROM CD_VRSN_TBL WHERE CD_ID = '55da61a2-7b86-47f3-9b0b-ba47dc99c950' AND OBSLT_UTC IS NULL;
INSERT INTO CD_REF_TERM_ASSOC_TBL (REF_TERM_ID, CD_ID, EFFT_VRSN_SEQ_ID, REL_TYP_ID) SELECT 'f453d868-844e-4d65-ad77-0c6c15ea7291', 'c66d7ca9-c6c2-46b1-9276-ad76baf04b07', VRSN_SEQ_ID, '2c4dafc2-566a-41ae-9ebc-3097d7d22f4a' FROM CD_VRSN_TBL WHERE CD_ID = 'c66d7ca9-c6c2-46b1-9276-ad76baf04b07' AND OBSLT_UTC IS NULL;
INSERT INTO CD_REF_TERM_ASSOC_TBL (REF_TERM_ID, CD_ID, EFFT_VRSN_SEQ_ID, REL_TYP_ID) SELECT '8a65c531-b4dd-43cc-9c55-e064d07533ce', '3209e3f1-2258-4b63-8182-2c888da66cf0', VRSN_SEQ_ID, '2c4dafc2-566a-41ae-9ebc-3097d7d22f4a' FROM CD_VRSN_TBL WHERE CD_ID = '3209e3f1-2258-4b63-8182-2c888da66cf0' AND OBSLT_UTC IS NULL;
INSERT INTO CD_REF_TERM_ASSOC_TBL (REF_TERM_ID, CD_ID, EFFT_VRSN_SEQ_ID, REL_TYP_ID) SELECT '9ae7e874-5c64-4867-8c84-c63ee5599b9c', '9871c3bc-b57a-479d-a031-7b56cb06fa84', VRSN_SEQ_ID, '2c4dafc2-566a-41ae-9ebc-3097d7d22f4a' FROM CD_VRSN_TBL WHERE CD_ID = '9871c3bc-b57a-479d-a031-7b56cb06fa84' AND OBSLT_UTC IS NULL;
INSERT INTO CD_REF_TERM_ASSOC_TBL (REF_TERM_ID, CD_ID, EFFT_VRSN_SEQ_ID, REL_TYP_ID) SELECT '060d431f-ba54-4312-a5d8-bb3bcefa1dd1', 'ffc6e905-161d-4c0b-8cde-a04e9e9d0cd5', VRSN_SEQ_ID, '2c4dafc2-566a-41ae-9ebc-3097d7d22f4a' FROM CD_VRSN_TBL WHERE CD_ID = 'ffc6e905-161d-4c0b-8cde-a04e9e9d0cd5' AND OBSLT_UTC IS NULL;
INSERT INTO CD_REF_TERM_ASSOC_TBL (REF_TERM_ID, CD_ID, EFFT_VRSN_SEQ_ID, REL_TYP_ID) SELECT 'ee66d7f2-4f2e-471d-a032-142f8f6c08e4', 'ebf9ac10-b5c9-407a-91a4-360bfb7e0fb9', VRSN_SEQ_ID, '2c4dafc2-566a-41ae-9ebc-3097d7d22f4a' FROM CD_VRSN_TBL WHERE CD_ID = 'ebf9ac10-b5c9-407a-91a4-360bfb7e0fb9' AND OBSLT_UTC IS NULL;
INSERT INTO CD_REF_TERM_ASSOC_TBL (REF_TERM_ID, CD_ID, EFFT_VRSN_SEQ_ID, REL_TYP_ID) SELECT 'dc6423f4-88a4-4f91-b4fe-e7843dced168', '8fce259a-b859-4ae3-8160-0221f6ab1650', VRSN_SEQ_ID, '2c4dafc2-566a-41ae-9ebc-3097d7d22f4a' FROM CD_VRSN_TBL WHERE CD_ID = '8fce259a-b859-4ae3-8160-0221f6ab1650' AND OBSLT_UTC IS NULL;
INSERT INTO CD_REF_TERM_ASSOC_TBL (REF_TERM_ID, CD_ID, EFFT_VRSN_SEQ_ID, REL_TYP_ID) SELECT '221f6952-7635-4466-8276-cd93b83159e7', 'd1578637-e1cb-415e-b319-4011da033813', VRSN_SEQ_ID, '2c4dafc2-566a-41ae-9ebc-3097d7d22f4a' FROM CD_VRSN_TBL WHERE CD_ID = 'd1578637-e1cb-415e-b319-4011da033813' AND OBSLT_UTC IS NULL;
INSERT INTO CD_REF_TERM_ASSOC_TBL (REF_TERM_ID, CD_ID, EFFT_VRSN_SEQ_ID, REL_TYP_ID) SELECT '8a65c531-b4dd-43cc-9c55-e064d07533ce', '3209e3f1-2258-4b63-8182-2c888da66cf0', VRSN_SEQ_ID, '2c4dafc2-566a-41ae-9ebc-3097d7d22f4a' FROM CD_VRSN_TBL WHERE CD_ID = '3209e3f1-2258-4b63-8182-2c888da66cf0' AND OBSLT_UTC IS NULL;
INSERT INTO CD_REF_TERM_ASSOC_TBL (REF_TERM_ID, CD_ID, EFFT_VRSN_SEQ_ID, REL_TYP_ID) SELECT '9ae7e874-5c64-4867-8c84-c63ee5599b9c', '9871c3bc-b57a-479d-a031-7b56cb06fa84', VRSN_SEQ_ID, '2c4dafc2-566a-41ae-9ebc-3097d7d22f4a' FROM CD_VRSN_TBL WHERE CD_ID = '9871c3bc-b57a-479d-a031-7b56cb06fa84' AND OBSLT_UTC IS NULL;
INSERT INTO CD_REF_TERM_ASSOC_TBL (REF_TERM_ID, CD_ID, EFFT_VRSN_SEQ_ID, REL_TYP_ID) SELECT '060d431f-ba54-4312-a5d8-bb3bcefa1dd1', 'ffc6e905-161d-4c0b-8cde-a04e9e9d0cd5', VRSN_SEQ_ID, '2c4dafc2-566a-41ae-9ebc-3097d7d22f4a' FROM CD_VRSN_TBL WHERE CD_ID = 'ffc6e905-161d-4c0b-8cde-a04e9e9d0cd5' AND OBSLT_UTC IS NULL;
INSERT INTO CD_REF_TERM_ASSOC_TBL (REF_TERM_ID, CD_ID, EFFT_VRSN_SEQ_ID, REL_TYP_ID) SELECT 'a5fc7cb9-e77d-4a32-85d5-0089f5b87978', 'c46eee70-5612-473f-8d24-595ea15c9c39', VRSN_SEQ_ID, '2c4dafc2-566a-41ae-9ebc-3097d7d22f4a' FROM CD_VRSN_TBL WHERE CD_ID = 'c46eee70-5612-473f-8d24-595ea15c9c39' AND OBSLT_UTC IS NULL;
INSERT INTO CD_REF_TERM_ASSOC_TBL (REF_TERM_ID, CD_ID, EFFT_VRSN_SEQ_ID, REL_TYP_ID) SELECT '1419b157-af85-447f-a490-0d5b95dbd6cc', '0395f357-6821-4562-8192-49ac3c94f548', VRSN_SEQ_ID, '2c4dafc2-566a-41ae-9ebc-3097d7d22f4a' FROM CD_VRSN_TBL WHERE CD_ID = '0395f357-6821-4562-8192-49ac3c94f548' AND OBSLT_UTC IS NULL;
INSERT INTO CD_REF_TERM_ASSOC_TBL (REF_TERM_ID, CD_ID, EFFT_VRSN_SEQ_ID, REL_TYP_ID) SELECT '67207706-263c-4c71-958a-e96b0a9aaa3d', '3b14a426-6337-4f2a-b83b-e6be7dbcd5a5', VRSN_SEQ_ID, '2c4dafc2-566a-41ae-9ebc-3097d7d22f4a' FROM CD_VRSN_TBL WHERE CD_ID = '3b14a426-6337-4f2a-b83b-e6be7dbcd5a5' AND OBSLT_UTC IS NULL;
INSERT INTO CD_REF_TERM_ASSOC_TBL (REF_TERM_ID, CD_ID, EFFT_VRSN_SEQ_ID, REL_TYP_ID) SELECT 'eb93e8af-e880-4684-a553-7651364cee4f', 'ec74541f-87c4-4327-a4b9-97f325501747', VRSN_SEQ_ID, '2c4dafc2-566a-41ae-9ebc-3097d7d22f4a' FROM CD_VRSN_TBL WHERE CD_ID = 'ec74541f-87c4-4327-a4b9-97f325501747' AND OBSLT_UTC IS NULL;
INSERT INTO CD_REF_TERM_ASSOC_TBL (REF_TERM_ID, CD_ID, EFFT_VRSN_SEQ_ID, REL_TYP_ID) SELECT 'ccb14398-0b75-40f4-b3f3-c7af49ef1518', '099bcc5e-8e2f-4d50-b509-9f9d5bbeb58e', VRSN_SEQ_ID, '2c4dafc2-566a-41ae-9ebc-3097d7d22f4a' FROM CD_VRSN_TBL WHERE CD_ID = '099bcc5e-8e2f-4d50-b509-9f9d5bbeb58e' AND OBSLT_UTC IS NULL;
INSERT INTO CD_REF_TERM_ASSOC_TBL (REF_TERM_ID, CD_ID, EFFT_VRSN_SEQ_ID, REL_TYP_ID) SELECT 'bd98202d-48a2-4a29-b6ab-2bf2be5479f7', 'acf7baf2-221f-4bc2-8116-ceb5165be079', VRSN_SEQ_ID, '2c4dafc2-566a-41ae-9ebc-3097d7d22f4a' FROM CD_VRSN_TBL WHERE CD_ID = 'acf7baf2-221f-4bc2-8116-ceb5165be079' AND OBSLT_UTC IS NULL;
INSERT INTO CD_REF_TERM_ASSOC_TBL (REF_TERM_ID, CD_ID, EFFT_VRSN_SEQ_ID, REL_TYP_ID) SELECT 'a5fc7cb9-e77d-4a32-85d5-0089f5b87978', 'c46eee70-5612-473f-8d24-595ea15c9c39', VRSN_SEQ_ID, '2c4dafc2-566a-41ae-9ebc-3097d7d22f4a' FROM CD_VRSN_TBL WHERE CD_ID = 'c46eee70-5612-473f-8d24-595ea15c9c39' AND OBSLT_UTC IS NULL;
INSERT INTO CD_REF_TERM_ASSOC_TBL (REF_TERM_ID, CD_ID, EFFT_VRSN_SEQ_ID, REL_TYP_ID) SELECT '1419b157-af85-447f-a490-0d5b95dbd6cc', '0395f357-6821-4562-8192-49ac3c94f548', VRSN_SEQ_ID, '2c4dafc2-566a-41ae-9ebc-3097d7d22f4a' FROM CD_VRSN_TBL WHERE CD_ID = '0395f357-6821-4562-8192-49ac3c94f548' AND OBSLT_UTC IS NULL;
INSERT INTO CD_REF_TERM_ASSOC_TBL (REF_TERM_ID, CD_ID, EFFT_VRSN_SEQ_ID, REL_TYP_ID) SELECT 'eb93e8af-e880-4684-a553-7651364cee4f', 'ec74541f-87c4-4327-a4b9-97f325501747', VRSN_SEQ_ID, '2c4dafc2-566a-41ae-9ebc-3097d7d22f4a' FROM CD_VRSN_TBL WHERE CD_ID = 'ec74541f-87c4-4327-a4b9-97f325501747' AND OBSLT_UTC IS NULL;
INSERT INTO CD_REF_TERM_ASSOC_TBL (REF_TERM_ID, CD_ID, EFFT_VRSN_SEQ_ID, REL_TYP_ID) SELECT 'ccb14398-0b75-40f4-b3f3-c7af49ef1518', '099bcc5e-8e2f-4d50-b509-9f9d5bbeb58e', VRSN_SEQ_ID, '2c4dafc2-566a-41ae-9ebc-3097d7d22f4a' FROM CD_VRSN_TBL WHERE CD_ID = '099bcc5e-8e2f-4d50-b509-9f9d5bbeb58e' AND OBSLT_UTC IS NULL;
INSERT INTO CD_REF_TERM_ASSOC_TBL (REF_TERM_ID, CD_ID, EFFT_VRSN_SEQ_ID, REL_TYP_ID) SELECT 'bd98202d-48a2-4a29-b6ab-2bf2be5479f7', 'acf7baf2-221f-4bc2-8116-ceb5165be079', VRSN_SEQ_ID, '2c4dafc2-566a-41ae-9ebc-3097d7d22f4a' FROM CD_VRSN_TBL WHERE CD_ID = 'acf7baf2-221f-4bc2-8116-ceb5165be079' AND OBSLT_UTC IS NULL;
INSERT INTO CD_REF_TERM_ASSOC_TBL (REF_TERM_ID, CD_ID, EFFT_VRSN_SEQ_ID, REL_TYP_ID) SELECT 'a5fc7cb9-e77d-4a32-85d5-0089f5b87978', 'c46eee70-5612-473f-8d24-595ea15c9c39', VRSN_SEQ_ID, '2c4dafc2-566a-41ae-9ebc-3097d7d22f4a' FROM CD_VRSN_TBL WHERE CD_ID = 'c46eee70-5612-473f-8d24-595ea15c9c39' AND OBSLT_UTC IS NULL;
INSERT INTO CD_REF_TERM_ASSOC_TBL (REF_TERM_ID, CD_ID, EFFT_VRSN_SEQ_ID, REL_TYP_ID) SELECT '1419b157-af85-447f-a490-0d5b95dbd6cc', '0395f357-6821-4562-8192-49ac3c94f548', VRSN_SEQ_ID, '2c4dafc2-566a-41ae-9ebc-3097d7d22f4a' FROM CD_VRSN_TBL WHERE CD_ID = '0395f357-6821-4562-8192-49ac3c94f548' AND OBSLT_UTC IS NULL;
INSERT INTO CD_REF_TERM_ASSOC_TBL (REF_TERM_ID, CD_ID, EFFT_VRSN_SEQ_ID, REL_TYP_ID) SELECT '67207706-263c-4c71-958a-e96b0a9aaa3d', '3b14a426-6337-4f2a-b83b-e6be7dbcd5a5', VRSN_SEQ_ID, '2c4dafc2-566a-41ae-9ebc-3097d7d22f4a' FROM CD_VRSN_TBL WHERE CD_ID = '3b14a426-6337-4f2a-b83b-e6be7dbcd5a5' AND OBSLT_UTC IS NULL;
INSERT INTO CD_REF_TERM_ASSOC_TBL (REF_TERM_ID, CD_ID, EFFT_VRSN_SEQ_ID, REL_TYP_ID) SELECT 'eb93e8af-e880-4684-a553-7651364cee4f', 'ec74541f-87c4-4327-a4b9-97f325501747', VRSN_SEQ_ID, '2c4dafc2-566a-41ae-9ebc-3097d7d22f4a' FROM CD_VRSN_TBL WHERE CD_ID = 'ec74541f-87c4-4327-a4b9-97f325501747' AND OBSLT_UTC IS NULL;
INSERT INTO CD_REF_TERM_ASSOC_TBL (REF_TERM_ID, CD_ID, EFFT_VRSN_SEQ_ID, REL_TYP_ID) SELECT 'ccb14398-0b75-40f4-b3f3-c7af49ef1518', '099bcc5e-8e2f-4d50-b509-9f9d5bbeb58e', VRSN_SEQ_ID, '2c4dafc2-566a-41ae-9ebc-3097d7d22f4a' FROM CD_VRSN_TBL WHERE CD_ID = '099bcc5e-8e2f-4d50-b509-9f9d5bbeb58e' AND OBSLT_UTC IS NULL;
INSERT INTO CD_REF_TERM_ASSOC_TBL (REF_TERM_ID, CD_ID, EFFT_VRSN_SEQ_ID, REL_TYP_ID) SELECT 'bd98202d-48a2-4a29-b6ab-2bf2be5479f7', 'acf7baf2-221f-4bc2-8116-ceb5165be079', VRSN_SEQ_ID, '2c4dafc2-566a-41ae-9ebc-3097d7d22f4a' FROM CD_VRSN_TBL WHERE CD_ID = 'acf7baf2-221f-4bc2-8116-ceb5165be079' AND OBSLT_UTC IS NULL;
INSERT INTO CD_REF_TERM_ASSOC_TBL (REF_TERM_ID, CD_ID, EFFT_VRSN_SEQ_ID, REL_TYP_ID) SELECT '266cdd72-5657-44f8-8109-432a43e368f4', 'bacd9c6f-3fa9-481e-9636-37457962804d', VRSN_SEQ_ID, '2c4dafc2-566a-41ae-9ebc-3097d7d22f4a' FROM CD_VRSN_TBL WHERE CD_ID = 'bacd9c6f-3fa9-481e-9636-37457962804d' AND OBSLT_UTC IS NULL;
INSERT INTO CD_REF_TERM_ASSOC_TBL (REF_TERM_ID, CD_ID, EFFT_VRSN_SEQ_ID, REL_TYP_ID) SELECT 'ae48ba4f-a9ac-4f9b-bfa6-78d7921012fe', 'abfd3fe8-9526-48fb-b366-35baca9bd170', VRSN_SEQ_ID, '2c4dafc2-566a-41ae-9ebc-3097d7d22f4a' FROM CD_VRSN_TBL WHERE CD_ID = 'abfd3fe8-9526-48fb-b366-35baca9bd170' AND OBSLT_UTC IS NULL;
INSERT INTO CD_REF_TERM_ASSOC_TBL (REF_TERM_ID, CD_ID, EFFT_VRSN_SEQ_ID, REL_TYP_ID) SELECT 'eb93e8af-e880-4684-a553-7651364cee4f', 'ec74541f-87c4-4327-a4b9-97f325501747', VRSN_SEQ_ID, '2c4dafc2-566a-41ae-9ebc-3097d7d22f4a' FROM CD_VRSN_TBL WHERE CD_ID = 'ec74541f-87c4-4327-a4b9-97f325501747' AND OBSLT_UTC IS NULL;
INSERT INTO CD_REF_TERM_ASSOC_TBL (REF_TERM_ID, CD_ID, EFFT_VRSN_SEQ_ID, REL_TYP_ID) SELECT 'ccb14398-0b75-40f4-b3f3-c7af49ef1518', '099bcc5e-8e2f-4d50-b509-9f9d5bbeb58e', VRSN_SEQ_ID, '2c4dafc2-566a-41ae-9ebc-3097d7d22f4a' FROM CD_VRSN_TBL WHERE CD_ID = '099bcc5e-8e2f-4d50-b509-9f9d5bbeb58e' AND OBSLT_UTC IS NULL;
INSERT INTO CD_REF_TERM_ASSOC_TBL (REF_TERM_ID, CD_ID, EFFT_VRSN_SEQ_ID, REL_TYP_ID) SELECT 'bd98202d-48a2-4a29-b6ab-2bf2be5479f7', 'acf7baf2-221f-4bc2-8116-ceb5165be079', VRSN_SEQ_ID, '2c4dafc2-566a-41ae-9ebc-3097d7d22f4a' FROM CD_VRSN_TBL WHERE CD_ID = 'acf7baf2-221f-4bc2-8116-ceb5165be079' AND OBSLT_UTC IS NULL;
INSERT INTO CD_REF_TERM_ASSOC_TBL (REF_TERM_ID, CD_ID, EFFT_VRSN_SEQ_ID, REL_TYP_ID) SELECT '2f18c510-1493-4764-b102-7881671586ed', 'a0174216-6439-4351-9483-a241a48029b7', VRSN_SEQ_ID, '2c4dafc2-566a-41ae-9ebc-3097d7d22f4a' FROM CD_VRSN_TBL WHERE CD_ID = 'a0174216-6439-4351-9483-a241a48029b7' AND OBSLT_UTC IS NULL;
INSERT INTO CD_REF_TERM_ASSOC_TBL (REF_TERM_ID, CD_ID, EFFT_VRSN_SEQ_ID, REL_TYP_ID) SELECT '332f68b4-ab20-443d-a37d-f7d0ec5e44f5', '6cbf29ad-ac51-48c9-885a-cfe3026ecf6e', VRSN_SEQ_ID, '2c4dafc2-566a-41ae-9ebc-3097d7d22f4a' FROM CD_VRSN_TBL WHERE CD_ID = '6cbf29ad-ac51-48c9-885a-cfe3026ecf6e' AND OBSLT_UTC IS NULL;
INSERT INTO CD_REF_TERM_ASSOC_TBL (REF_TERM_ID, CD_ID, EFFT_VRSN_SEQ_ID, REL_TYP_ID) SELECT '33d57233-b119-4925-8235-170e30060ed7', '0a364ad7-f961-4d8a-93f0-1fd4176548b3', VRSN_SEQ_ID, '2c4dafc2-566a-41ae-9ebc-3097d7d22f4a' FROM CD_VRSN_TBL WHERE CD_ID = '0a364ad7-f961-4d8a-93f0-1fd4176548b3' AND OBSLT_UTC IS NULL;
INSERT INTO CD_REF_TERM_ASSOC_TBL (REF_TERM_ID, CD_ID, EFFT_VRSN_SEQ_ID, REL_TYP_ID) SELECT '85721308-da99-4d46-aaa3-054f4576f15e', 'a2594e6e-e8fe-4c68-82a5-d3a46dbec87d', VRSN_SEQ_ID, '2c4dafc2-566a-41ae-9ebc-3097d7d22f4a' FROM CD_VRSN_TBL WHERE CD_ID = 'a2594e6e-e8fe-4c68-82a5-d3a46dbec87d' AND OBSLT_UTC IS NULL;
INSERT INTO CD_REF_TERM_ASSOC_TBL (REF_TERM_ID, CD_ID, EFFT_VRSN_SEQ_ID, REL_TYP_ID) SELECT 'd5977dd7-6ce5-4319-843d-870b83497029', '5e8e0f8b-bc23-4847-82ab-49b8dd79981e', VRSN_SEQ_ID, '2c4dafc2-566a-41ae-9ebc-3097d7d22f4a' FROM CD_VRSN_TBL WHERE CD_ID = '5e8e0f8b-bc23-4847-82ab-49b8dd79981e' AND OBSLT_UTC IS NULL;
INSERT INTO CD_REF_TERM_ASSOC_TBL (REF_TERM_ID, CD_ID, EFFT_VRSN_SEQ_ID, REL_TYP_ID) SELECT '8856afda-0386-47d3-82a8-5c3f2cef89c7', '12ff7ad6-0acd-4bba-a624-c7a03d3f8a6b', VRSN_SEQ_ID, '2c4dafc2-566a-41ae-9ebc-3097d7d22f4a' FROM CD_VRSN_TBL WHERE CD_ID = '12ff7ad6-0acd-4bba-a624-c7a03d3f8a6b' AND OBSLT_UTC IS NULL;
INSERT INTO CD_REF_TERM_ASSOC_TBL (REF_TERM_ID, CD_ID, EFFT_VRSN_SEQ_ID, REL_TYP_ID) SELECT 'd8fbaad0-effe-4fe6-a47b-30daa4b40ae4', 'e5136fdf-ce72-4757-a1cc-24e1cc98f034', VRSN_SEQ_ID, '2c4dafc2-566a-41ae-9ebc-3097d7d22f4a' FROM CD_VRSN_TBL WHERE CD_ID = 'e5136fdf-ce72-4757-a1cc-24e1cc98f034' AND OBSLT_UTC IS NULL;
INSERT INTO CD_REF_TERM_ASSOC_TBL (REF_TERM_ID, CD_ID, EFFT_VRSN_SEQ_ID, REL_TYP_ID) SELECT '8b3b575a-eba2-454b-a087-805f5083b048', 'A87A6D21-2CA6-4AEA-88F3-6135CCEB58D1', VRSN_SEQ_ID, '2c4dafc2-566a-41ae-9ebc-3097d7d22f4a' FROM CD_VRSN_TBL WHERE CD_ID = 'A87A6D21-2CA6-4AEA-88F3-6135CCEB58D1' AND OBSLT_UTC IS NULL;
INSERT INTO CD_REF_TERM_ASSOC_TBL (REF_TERM_ID, CD_ID, EFFT_VRSN_SEQ_ID, REL_TYP_ID) SELECT '6385e2a7-8a69-4420-bb4b-5b8ad3243e8b', '5b0f8c93-57c9-4dff-b59a-9564739ef445', VRSN_SEQ_ID, '2c4dafc2-566a-41ae-9ebc-3097d7d22f4a' FROM CD_VRSN_TBL WHERE CD_ID = '5b0f8c93-57c9-4dff-b59a-9564739ef445' AND OBSLT_UTC IS NULL;
INSERT INTO CD_REF_TERM_ASSOC_TBL (REF_TERM_ID, CD_ID, EFFT_VRSN_SEQ_ID, REL_TYP_ID) SELECT '1807ae4a-7d7e-4fb5-91d4-49e7841483f7', 'd64ed94f-e4a4-49a2-a0d8-1e6f393aab36', VRSN_SEQ_ID, '2c4dafc2-566a-41ae-9ebc-3097d7d22f4a' FROM CD_VRSN_TBL WHERE CD_ID = 'd64ed94f-e4a4-49a2-a0d8-1e6f393aab36' AND OBSLT_UTC IS NULL;
INSERT INTO CD_REF_TERM_ASSOC_TBL (REF_TERM_ID, CD_ID, EFFT_VRSN_SEQ_ID, REL_TYP_ID) SELECT '2a5db073-202e-4421-9207-60608da4c859', 'baa88534-dc79-4942-90cd-e047ba24f34f', VRSN_SEQ_ID, '2c4dafc2-566a-41ae-9ebc-3097d7d22f4a' FROM CD_VRSN_TBL WHERE CD_ID = 'baa88534-dc79-4942-90cd-e047ba24f34f' AND OBSLT_UTC IS NULL;
INSERT INTO CD_REF_TERM_ASSOC_TBL (REF_TERM_ID, CD_ID, EFFT_VRSN_SEQ_ID, REL_TYP_ID) SELECT '8d03dbb0-69e0-43cc-82fd-ad39e9154a2e', '4a287bfc-72ca-46b6-9d34-380eeae9369a', VRSN_SEQ_ID, '2c4dafc2-566a-41ae-9ebc-3097d7d22f4a' FROM CD_VRSN_TBL WHERE CD_ID = '4a287bfc-72ca-46b6-9d34-380eeae9369a' AND OBSLT_UTC IS NULL;
INSERT INTO CD_REF_TERM_ASSOC_TBL (REF_TERM_ID, CD_ID, EFFT_VRSN_SEQ_ID, REL_TYP_ID) SELECT 'ebc2299c-2e0c-49f2-bacb-56284e0086dd', '71751e65-cc30-4080-85de-5c19d5201772', VRSN_SEQ_ID, '2c4dafc2-566a-41ae-9ebc-3097d7d22f4a' FROM CD_VRSN_TBL WHERE CD_ID = '71751e65-cc30-4080-85de-5c19d5201772' AND OBSLT_UTC IS NULL;
INSERT INTO CD_REF_TERM_ASSOC_TBL (REF_TERM_ID, CD_ID, EFFT_VRSN_SEQ_ID, REL_TYP_ID) SELECT 'fe521c73-4e74-4d5a-a35d-0c51d404b3aa', '7fd001e8-5451-4a48-b5b6-da5928dce03f', VRSN_SEQ_ID, '2c4dafc2-566a-41ae-9ebc-3097d7d22f4a' FROM CD_VRSN_TBL WHERE CD_ID = '7fd001e8-5451-4a48-b5b6-da5928dce03f' AND OBSLT_UTC IS NULL;
INSERT INTO CD_REF_TERM_ASSOC_TBL (REF_TERM_ID, CD_ID, EFFT_VRSN_SEQ_ID, REL_TYP_ID) SELECT 'c6e0672a-7872-4a0b-abca-12f6c512cea5', '8be192e3-971a-4c3c-b795-554b0b5ad672', VRSN_SEQ_ID, '2c4dafc2-566a-41ae-9ebc-3097d7d22f4a' FROM CD_VRSN_TBL WHERE CD_ID = '8be192e3-971a-4c3c-b795-554b0b5ad672' AND OBSLT_UTC IS NULL;
INSERT INTO CD_REF_TERM_ASSOC_TBL (REF_TERM_ID, CD_ID, EFFT_VRSN_SEQ_ID, REL_TYP_ID) SELECT '04d1a312-46ae-46ab-ab2a-d10998fd91cc', '59e13f51-0cca-433e-8a45-8ec24b332ece', VRSN_SEQ_ID, '2c4dafc2-566a-41ae-9ebc-3097d7d22f4a' FROM CD_VRSN_TBL WHERE CD_ID = '59e13f51-0cca-433e-8a45-8ec24b332ece' AND OBSLT_UTC IS NULL;
INSERT INTO CD_REF_TERM_ASSOC_TBL (REF_TERM_ID, CD_ID, EFFT_VRSN_SEQ_ID, REL_TYP_ID) SELECT '29a3310f-e0fb-4ed9-a262-06a7d60f14d4', '2be66881-87e1-4173-b950-5534334ee08b', VRSN_SEQ_ID, '2c4dafc2-566a-41ae-9ebc-3097d7d22f4a' FROM CD_VRSN_TBL WHERE CD_ID = '2be66881-87e1-4173-b950-5534334ee08b' AND OBSLT_UTC IS NULL;
INSERT INTO CD_REF_TERM_ASSOC_TBL (REF_TERM_ID, CD_ID, EFFT_VRSN_SEQ_ID, REL_TYP_ID) SELECT 'dd2d9f32-71a1-415b-bde1-ed38cd92dec7', '04c76563-0e0b-49c4-9664-6eb3cbd771d1', VRSN_SEQ_ID, '2c4dafc2-566a-41ae-9ebc-3097d7d22f4a' FROM CD_VRSN_TBL WHERE CD_ID = '04c76563-0e0b-49c4-9664-6eb3cbd771d1' AND OBSLT_UTC IS NULL;
INSERT INTO CD_REF_TERM_ASSOC_TBL (REF_TERM_ID, CD_ID, EFFT_VRSN_SEQ_ID, REL_TYP_ID) SELECT '197ac8d7-ce96-4d6d-adf6-514e5ce5c551', 'bd98bfb8-c621-48ec-919e-65a65e334d37', VRSN_SEQ_ID, '2c4dafc2-566a-41ae-9ebc-3097d7d22f4a' FROM CD_VRSN_TBL WHERE CD_ID = 'bd98bfb8-c621-48ec-919e-65a65e334d37' AND OBSLT_UTC IS NULL;
INSERT INTO CD_REF_TERM_ASSOC_TBL (REF_TERM_ID, CD_ID, EFFT_VRSN_SEQ_ID, REL_TYP_ID) SELECT 'ac512be2-ee9b-4be8-a77d-81907fefe6f8', '2d0d7c33-c3a0-497a-92d8-d27095f1e2e7', VRSN_SEQ_ID, '2c4dafc2-566a-41ae-9ebc-3097d7d22f4a' FROM CD_VRSN_TBL WHERE CD_ID = '2d0d7c33-c3a0-497a-92d8-d27095f1e2e7' AND OBSLT_UTC IS NULL;
INSERT INTO CD_REF_TERM_ASSOC_TBL (REF_TERM_ID, CD_ID, EFFT_VRSN_SEQ_ID, REL_TYP_ID) SELECT '6d2fc3dc-401b-4dc9-92aa-f2223abd4ede', '3fe3c67e-eb5a-4540-bdcd-5ae2a5ffbbef', VRSN_SEQ_ID, '2c4dafc2-566a-41ae-9ebc-3097d7d22f4a' FROM CD_VRSN_TBL WHERE CD_ID = '3fe3c67e-eb5a-4540-bdcd-5ae2a5ffbbef' AND OBSLT_UTC IS NULL;
INSERT INTO CD_REF_TERM_ASSOC_TBL (REF_TERM_ID, CD_ID, EFFT_VRSN_SEQ_ID, REL_TYP_ID) SELECT '53f71a94-b2bc-4b09-b9b9-6c0f5c006438', 'a5e71f54-ce6c-48f4-8da5-f8c61b04b7cf', VRSN_SEQ_ID, '2c4dafc2-566a-41ae-9ebc-3097d7d22f4a' FROM CD_VRSN_TBL WHERE CD_ID = 'a5e71f54-ce6c-48f4-8da5-f8c61b04b7cf' AND OBSLT_UTC IS NULL;
INSERT INTO CD_REF_TERM_ASSOC_TBL (REF_TERM_ID, CD_ID, EFFT_VRSN_SEQ_ID, REL_TYP_ID) SELECT 'f765cd10-ab36-4baa-9241-8ff9c54f8cc4', '0413798d-4017-487a-9a8f-ddf40a21f48c', VRSN_SEQ_ID, '2c4dafc2-566a-41ae-9ebc-3097d7d22f4a' FROM CD_VRSN_TBL WHERE CD_ID = '0413798d-4017-487a-9a8f-ddf40a21f48c' AND OBSLT_UTC IS NULL;
INSERT INTO CD_REF_TERM_ASSOC_TBL (REF_TERM_ID, CD_ID, EFFT_VRSN_SEQ_ID, REL_TYP_ID) SELECT '18d8648c-09c1-461e-81a5-82d1aedfed8b', '231c88d8-2989-48f9-8ad7-df27adce9948', VRSN_SEQ_ID, '2c4dafc2-566a-41ae-9ebc-3097d7d22f4a' FROM CD_VRSN_TBL WHERE CD_ID = '231c88d8-2989-48f9-8ad7-df27adce9948' AND OBSLT_UTC IS NULL;
INSERT INTO CD_REF_TERM_ASSOC_TBL (REF_TERM_ID, CD_ID, EFFT_VRSN_SEQ_ID, REL_TYP_ID) SELECT '8da500d6-a896-47e0-801d-9b25c0c021c7', 'c8581ff7-7699-4788-84dd-d6b28edfa919', VRSN_SEQ_ID, '2c4dafc2-566a-41ae-9ebc-3097d7d22f4a' FROM CD_VRSN_TBL WHERE CD_ID = 'c8581ff7-7699-4788-84dd-d6b28edfa919' AND OBSLT_UTC IS NULL;
INSERT INTO CD_REF_TERM_ASSOC_TBL (REF_TERM_ID, CD_ID, EFFT_VRSN_SEQ_ID, REL_TYP_ID) SELECT 'f6155c7a-b295-4e94-b2b7-45c01f0de1a6', '0c1af2f0-6162-4758-b532-ecece14d5a24', VRSN_SEQ_ID, '2c4dafc2-566a-41ae-9ebc-3097d7d22f4a' FROM CD_VRSN_TBL WHERE CD_ID = '0c1af2f0-6162-4758-b532-ecece14d5a24' AND OBSLT_UTC IS NULL;
INSERT INTO CD_REF_TERM_ASSOC_TBL (REF_TERM_ID, CD_ID, EFFT_VRSN_SEQ_ID, REL_TYP_ID) SELECT '202a7cec-87c2-4d71-8ad8-e781b25e1504', 'b83c798b-1b67-47d8-9353-7a8687967a63', VRSN_SEQ_ID, '2c4dafc2-566a-41ae-9ebc-3097d7d22f4a' FROM CD_VRSN_TBL WHERE CD_ID = 'b83c798b-1b67-47d8-9353-7a8687967a63' AND OBSLT_UTC IS NULL;
INSERT INTO CD_REF_TERM_ASSOC_TBL (REF_TERM_ID, CD_ID, EFFT_VRSN_SEQ_ID, REL_TYP_ID) SELECT '42e2d90d-abe8-40de-bf90-0a2f6153a855', 'a8d497c5-c68c-4bdd-b833-1202735ba0ac', VRSN_SEQ_ID, '2c4dafc2-566a-41ae-9ebc-3097d7d22f4a' FROM CD_VRSN_TBL WHERE CD_ID = 'a8d497c5-c68c-4bdd-b833-1202735ba0ac' AND OBSLT_UTC IS NULL;
INSERT INTO CD_REF_TERM_ASSOC_TBL (REF_TERM_ID, CD_ID, EFFT_VRSN_SEQ_ID, REL_TYP_ID) SELECT 'a350c94b-5980-4c1f-8363-8664898c895d', '52aa67c9-4589-4d43-99fc-0e3da3b116e9', VRSN_SEQ_ID, '2c4dafc2-566a-41ae-9ebc-3097d7d22f4a' FROM CD_VRSN_TBL WHERE CD_ID = '52aa67c9-4589-4d43-99fc-0e3da3b116e9' AND OBSLT_UTC IS NULL;
INSERT INTO CD_REF_TERM_ASSOC_TBL (REF_TERM_ID, CD_ID, EFFT_VRSN_SEQ_ID, REL_TYP_ID) SELECT '177f4c88-ea90-4401-8b96-e3b66f3d45f9', 'b2f4bc37-b7f5-4836-86f5-500d72a552d0', VRSN_SEQ_ID, '2c4dafc2-566a-41ae-9ebc-3097d7d22f4a' FROM CD_VRSN_TBL WHERE CD_ID = 'b2f4bc37-b7f5-4836-86f5-500d72a552d0' AND OBSLT_UTC IS NULL;
INSERT INTO CD_REF_TERM_ASSOC_TBL (REF_TERM_ID, CD_ID, EFFT_VRSN_SEQ_ID, REL_TYP_ID) SELECT 'fb8fe134-f4a5-462b-9dc0-2d87589249ce', '8f46d9b3-1a30-4092-b3ed-c1bc0c4189b7', VRSN_SEQ_ID, '2c4dafc2-566a-41ae-9ebc-3097d7d22f4a' FROM CD_VRSN_TBL WHERE CD_ID = '8f46d9b3-1a30-4092-b3ed-c1bc0c4189b7' AND OBSLT_UTC IS NULL;
INSERT INTO CD_REF_TERM_ASSOC_TBL (REF_TERM_ID, CD_ID, EFFT_VRSN_SEQ_ID, REL_TYP_ID) SELECT '58b32723-e2a4-4531-8df5-3800b653389c', '50a89363-3f59-4271-85fd-f79e8ac11f41', VRSN_SEQ_ID, '2c4dafc2-566a-41ae-9ebc-3097d7d22f4a' FROM CD_VRSN_TBL WHERE CD_ID = '50a89363-3f59-4271-85fd-f79e8ac11f41' AND OBSLT_UTC IS NULL;
INSERT INTO CD_REF_TERM_ASSOC_TBL (REF_TERM_ID, CD_ID, EFFT_VRSN_SEQ_ID, REL_TYP_ID) SELECT '77b1ee28-3918-43fc-b3e9-28ec6a7f1d2f', 'dd5a11f6-91f8-44d2-aef1-7ad8f5b690a2', VRSN_SEQ_ID, '2c4dafc2-566a-41ae-9ebc-3097d7d22f4a' FROM CD_VRSN_TBL WHERE CD_ID = 'dd5a11f6-91f8-44d2-aef1-7ad8f5b690a2' AND OBSLT_UTC IS NULL;
INSERT INTO CD_REF_TERM_ASSOC_TBL (REF_TERM_ID, CD_ID, EFFT_VRSN_SEQ_ID, REL_TYP_ID) SELECT '7af06377-1a5b-4737-8e02-0c3855471086', '5dc02c7b-88d9-4167-a0c7-3ebbe67ec625', VRSN_SEQ_ID, '2c4dafc2-566a-41ae-9ebc-3097d7d22f4a' FROM CD_VRSN_TBL WHERE CD_ID = '5dc02c7b-88d9-4167-a0c7-3ebbe67ec625' AND OBSLT_UTC IS NULL;
INSERT INTO CD_REF_TERM_ASSOC_TBL (REF_TERM_ID, CD_ID, EFFT_VRSN_SEQ_ID, REL_TYP_ID) SELECT '89c2bb65-45cb-4f04-82a7-ac16e2b3d547', '01afa2d5-ef17-4f41-83d4-b166308e998f', VRSN_SEQ_ID, '2c4dafc2-566a-41ae-9ebc-3097d7d22f4a' FROM CD_VRSN_TBL WHERE CD_ID = '01afa2d5-ef17-4f41-83d4-b166308e998f' AND OBSLT_UTC IS NULL;
INSERT INTO CD_REF_TERM_ASSOC_TBL (REF_TERM_ID, CD_ID, EFFT_VRSN_SEQ_ID, REL_TYP_ID) SELECT '9a76d8a7-3a4e-4b54-9242-bd0456b95cbe', '401b25e9-6096-4fe0-8fea-d7eb40e37592', VRSN_SEQ_ID, '2c4dafc2-566a-41ae-9ebc-3097d7d22f4a' FROM CD_VRSN_TBL WHERE CD_ID = '401b25e9-6096-4fe0-8fea-d7eb40e37592' AND OBSLT_UTC IS NULL;
INSERT INTO CD_REF_TERM_ASSOC_TBL (REF_TERM_ID, CD_ID, EFFT_VRSN_SEQ_ID, REL_TYP_ID) SELECT 'afc0155b-d2a7-4257-ade1-ba2b2071c231', 'ea397b83-59af-4d7a-93f8-71e615072aae', VRSN_SEQ_ID, '2c4dafc2-566a-41ae-9ebc-3097d7d22f4a' FROM CD_VRSN_TBL WHERE CD_ID = 'ea397b83-59af-4d7a-93f8-71e615072aae' AND OBSLT_UTC IS NULL;
INSERT INTO CD_REF_TERM_ASSOC_TBL (REF_TERM_ID, CD_ID, EFFT_VRSN_SEQ_ID, REL_TYP_ID) SELECT '7903d460-1339-4c44-8017-c3191f14f664', 'be912792-f637-4373-a48d-6c9f838191e2', VRSN_SEQ_ID, '2c4dafc2-566a-41ae-9ebc-3097d7d22f4a' FROM CD_VRSN_TBL WHERE CD_ID = 'be912792-f637-4373-a48d-6c9f838191e2' AND OBSLT_UTC IS NULL;
INSERT INTO CD_REF_TERM_ASSOC_TBL (REF_TERM_ID, CD_ID, EFFT_VRSN_SEQ_ID, REL_TYP_ID) SELECT 'a4468ec4-243a-42d7-aebc-4d4908ece836', 'ec8a162b-81f7-4388-b695-e998369c2425', VRSN_SEQ_ID, '2c4dafc2-566a-41ae-9ebc-3097d7d22f4a' FROM CD_VRSN_TBL WHERE CD_ID = 'ec8a162b-81f7-4388-b695-e998369c2425' AND OBSLT_UTC IS NULL;
INSERT INTO CD_REF_TERM_ASSOC_TBL (REF_TERM_ID, CD_ID, EFFT_VRSN_SEQ_ID, REL_TYP_ID) SELECT '71e2b1dc-52f7-4154-8836-636818bd3eb5', '69c13f8a-29e2-410b-b5ad-f616f7191b14', VRSN_SEQ_ID, '2c4dafc2-566a-41ae-9ebc-3097d7d22f4a' FROM CD_VRSN_TBL WHERE CD_ID = '69c13f8a-29e2-410b-b5ad-f616f7191b14' AND OBSLT_UTC IS NULL;
INSERT INTO CD_REF_TERM_ASSOC_TBL (REF_TERM_ID, CD_ID, EFFT_VRSN_SEQ_ID, REL_TYP_ID) SELECT '742fa676-159d-488a-9398-113d2fd4e5fd', '41ae57b4-5f5f-49e5-8c77-4ba7969ff469', VRSN_SEQ_ID, '2c4dafc2-566a-41ae-9ebc-3097d7d22f4a' FROM CD_VRSN_TBL WHERE CD_ID = '41ae57b4-5f5f-49e5-8c77-4ba7969ff469' AND OBSLT_UTC IS NULL;
INSERT INTO CD_REF_TERM_ASSOC_TBL (REF_TERM_ID, CD_ID, EFFT_VRSN_SEQ_ID, REL_TYP_ID) SELECT '08e38be3-619d-4947-8bde-d79026cf0511', '70797990-396d-4542-90a2-7f5f1abf0ad1', VRSN_SEQ_ID, '2c4dafc2-566a-41ae-9ebc-3097d7d22f4a' FROM CD_VRSN_TBL WHERE CD_ID = '70797990-396d-4542-90a2-7f5f1abf0ad1' AND OBSLT_UTC IS NULL;
INSERT INTO CD_REF_TERM_ASSOC_TBL (REF_TERM_ID, CD_ID, EFFT_VRSN_SEQ_ID, REL_TYP_ID) SELECT 'a7003d5c-40a4-454a-8fab-b6884b8c0abe', '3e0ea001-123e-49a4-b28c-939e5d5ea488', VRSN_SEQ_ID, '2c4dafc2-566a-41ae-9ebc-3097d7d22f4a' FROM CD_VRSN_TBL WHERE CD_ID = '3e0ea001-123e-49a4-b28c-939e5d5ea488' AND OBSLT_UTC IS NULL;
INSERT INTO CD_REF_TERM_ASSOC_TBL (REF_TERM_ID, CD_ID, EFFT_VRSN_SEQ_ID, REL_TYP_ID) SELECT '5df735aa-b467-4a19-8ac9-52fedbb964d1', '84223e9b-3217-404d-ad47-3ef9bde43dcb', VRSN_SEQ_ID, '2c4dafc2-566a-41ae-9ebc-3097d7d22f4a' FROM CD_VRSN_TBL WHERE CD_ID = '84223e9b-3217-404d-ad47-3ef9bde43dcb' AND OBSLT_UTC IS NULL;
INSERT INTO CD_REF_TERM_ASSOC_TBL (REF_TERM_ID, CD_ID, EFFT_VRSN_SEQ_ID, REL_TYP_ID) SELECT '0d8fb68a-566e-4c68-b893-893ed8b4a737', 'efc391b0-4d74-46e4-91e6-c03f315555e2', VRSN_SEQ_ID, '2c4dafc2-566a-41ae-9ebc-3097d7d22f4a' FROM CD_VRSN_TBL WHERE CD_ID = 'efc391b0-4d74-46e4-91e6-c03f315555e2' AND OBSLT_UTC IS NULL;
INSERT INTO CD_REF_TERM_ASSOC_TBL (REF_TERM_ID, CD_ID, EFFT_VRSN_SEQ_ID, REL_TYP_ID) SELECT '305ac977-4630-4120-a558-909acf65e5d3', '2feab4d2-6bd5-4da8-9057-82ff9bf6a1bc', VRSN_SEQ_ID, '2c4dafc2-566a-41ae-9ebc-3097d7d22f4a' FROM CD_VRSN_TBL WHERE CD_ID = '2feab4d2-6bd5-4da8-9057-82ff9bf6a1bc' AND OBSLT_UTC IS NULL;
INSERT INTO CD_REF_TERM_ASSOC_TBL (REF_TERM_ID, CD_ID, EFFT_VRSN_SEQ_ID, REL_TYP_ID) SELECT '33c3da27-f665-40f1-b510-667600259efc', '2fb4dfbc-64dd-4668-b2e5-0d5c743c9a9f', VRSN_SEQ_ID, '2c4dafc2-566a-41ae-9ebc-3097d7d22f4a' FROM CD_VRSN_TBL WHERE CD_ID = '2fb4dfbc-64dd-4668-b2e5-0d5c743c9a9f' AND OBSLT_UTC IS NULL;
INSERT INTO CD_REF_TERM_ASSOC_TBL (REF_TERM_ID, CD_ID, EFFT_VRSN_SEQ_ID, REL_TYP_ID) SELECT 'b74d1bcc-3dd5-4160-9dbb-5fa8d2ca0694', '4e9dbe60-3e4e-4074-a432-0bb4e47eb62d', VRSN_SEQ_ID, '2c4dafc2-566a-41ae-9ebc-3097d7d22f4a' FROM CD_VRSN_TBL WHERE CD_ID = '4e9dbe60-3e4e-4074-a432-0bb4e47eb62d' AND OBSLT_UTC IS NULL;
INSERT INTO CD_REF_TERM_ASSOC_TBL (REF_TERM_ID, CD_ID, EFFT_VRSN_SEQ_ID, REL_TYP_ID) SELECT 'e51dbd55-21a7-4bf4-80d8-9c5dbcc1d332', '958a0b33-c3d7-47ef-9596-59eee434eb2d', VRSN_SEQ_ID, '2c4dafc2-566a-41ae-9ebc-3097d7d22f4a' FROM CD_VRSN_TBL WHERE CD_ID = '958a0b33-c3d7-47ef-9596-59eee434eb2d' AND OBSLT_UTC IS NULL;
INSERT INTO CD_REF_TERM_ASSOC_TBL (REF_TERM_ID, CD_ID, EFFT_VRSN_SEQ_ID, REL_TYP_ID) SELECT '1d549605-2811-4a5a-a0eb-c8789910dd2f', '17cd1669-5aaf-4960-bd23-988209eba352', VRSN_SEQ_ID, '2c4dafc2-566a-41ae-9ebc-3097d7d22f4a' FROM CD_VRSN_TBL WHERE CD_ID = '17cd1669-5aaf-4960-bd23-988209eba352' AND OBSLT_UTC IS NULL;
INSERT INTO CD_REF_TERM_ASSOC_TBL (REF_TERM_ID, CD_ID, EFFT_VRSN_SEQ_ID, REL_TYP_ID) SELECT '9a0aee14-03b0-42a6-90fa-4347776349f6', 'e7bde797-deac-4c63-9f61-1ddbd38b98f3', VRSN_SEQ_ID, '2c4dafc2-566a-41ae-9ebc-3097d7d22f4a' FROM CD_VRSN_TBL WHERE CD_ID = 'e7bde797-deac-4c63-9f61-1ddbd38b98f3' AND OBSLT_UTC IS NULL;
INSERT INTO CD_REF_TERM_ASSOC_TBL (REF_TERM_ID, CD_ID, EFFT_VRSN_SEQ_ID, REL_TYP_ID) SELECT '5a2f6675-71a4-460b-b3fc-b868f06552d7', '1d570bba-8242-4fdb-bd63-c2e7601a64c6', VRSN_SEQ_ID, '2c4dafc2-566a-41ae-9ebc-3097d7d22f4a' FROM CD_VRSN_TBL WHERE CD_ID = '1d570bba-8242-4fdb-bd63-c2e7601a64c6' AND OBSLT_UTC IS NULL;
INSERT INTO CD_REF_TERM_ASSOC_TBL (REF_TERM_ID, CD_ID, EFFT_VRSN_SEQ_ID, REL_TYP_ID) SELECT 'ef835147-74c2-40ac-8dfa-32c7153a15a8', '091780d7-cd81-4c15-a082-fd969b5baf85', VRSN_SEQ_ID, '2c4dafc2-566a-41ae-9ebc-3097d7d22f4a' FROM CD_VRSN_TBL WHERE CD_ID = '091780d7-cd81-4c15-a082-fd969b5baf85' AND OBSLT_UTC IS NULL;
INSERT INTO CD_REF_TERM_ASSOC_TBL (REF_TERM_ID, CD_ID, EFFT_VRSN_SEQ_ID, REL_TYP_ID) SELECT '79a23f40-ef70-48a1-9068-86577b465c29', 'ff15da84-64e6-47be-95c2-3c5f4629913a', VRSN_SEQ_ID, '2c4dafc2-566a-41ae-9ebc-3097d7d22f4a' FROM CD_VRSN_TBL WHERE CD_ID = 'ff15da84-64e6-47be-95c2-3c5f4629913a' AND OBSLT_UTC IS NULL;
INSERT INTO CD_REF_TERM_ASSOC_TBL (REF_TERM_ID, CD_ID, EFFT_VRSN_SEQ_ID, REL_TYP_ID) SELECT 'e0f13a43-1708-4ade-9edd-791b05397a53', '2beefd30-62af-40e4-83ec-127f3fb6834a', VRSN_SEQ_ID, '2c4dafc2-566a-41ae-9ebc-3097d7d22f4a' FROM CD_VRSN_TBL WHERE CD_ID = '2beefd30-62af-40e4-83ec-127f3fb6834a' AND OBSLT_UTC IS NULL;
INSERT INTO CD_REF_TERM_ASSOC_TBL (REF_TERM_ID, CD_ID, EFFT_VRSN_SEQ_ID, REL_TYP_ID) SELECT 'eb8a75e4-3092-4cd9-9394-805f8aa9d51d', 'f292cfc1-e4d1-483f-b67b-b2367bb53451', VRSN_SEQ_ID, '2c4dafc2-566a-41ae-9ebc-3097d7d22f4a' FROM CD_VRSN_TBL WHERE CD_ID = 'f292cfc1-e4d1-483f-b67b-b2367bb53451' AND OBSLT_UTC IS NULL;
INSERT INTO CD_REF_TERM_ASSOC_TBL (REF_TERM_ID, CD_ID, EFFT_VRSN_SEQ_ID, REL_TYP_ID) SELECT 'b7ddc7e7-514c-4f4c-90c9-6edd65628612', '0aac5109-30ae-4b49-a780-735cc77218ee', VRSN_SEQ_ID, '2c4dafc2-566a-41ae-9ebc-3097d7d22f4a' FROM CD_VRSN_TBL WHERE CD_ID = '0aac5109-30ae-4b49-a780-735cc77218ee' AND OBSLT_UTC IS NULL;
INSERT INTO CD_REF_TERM_ASSOC_TBL (REF_TERM_ID, CD_ID, EFFT_VRSN_SEQ_ID, REL_TYP_ID) SELECT '1c3f5e09-cce9-4af8-acef-3f6aebe6cf34', '1969675c-017e-480f-b0a8-33a03d4b4068', VRSN_SEQ_ID, '2c4dafc2-566a-41ae-9ebc-3097d7d22f4a' FROM CD_VRSN_TBL WHERE CD_ID = '1969675c-017e-480f-b0a8-33a03d4b4068' AND OBSLT_UTC IS NULL;
INSERT INTO CD_REF_TERM_ASSOC_TBL (REF_TERM_ID, CD_ID, EFFT_VRSN_SEQ_ID, REL_TYP_ID) SELECT 'a8e2b4de-57fd-486d-b808-d4e4808ba20d', '2959b0d3-15a1-4672-9d07-4ece0497bdc5', VRSN_SEQ_ID, '2c4dafc2-566a-41ae-9ebc-3097d7d22f4a' FROM CD_VRSN_TBL WHERE CD_ID = '2959b0d3-15a1-4672-9d07-4ece0497bdc5' AND OBSLT_UTC IS NULL;
INSERT INTO CD_REF_TERM_ASSOC_TBL (REF_TERM_ID, CD_ID, EFFT_VRSN_SEQ_ID, REL_TYP_ID) SELECT '10d57feb-dac4-4daf-beac-08b86f8ee700', '5c04ef87-0ca3-4bd9-9b7f-4c2d41101535', VRSN_SEQ_ID, '2c4dafc2-566a-41ae-9ebc-3097d7d22f4a' FROM CD_VRSN_TBL WHERE CD_ID = '5c04ef87-0ca3-4bd9-9b7f-4c2d41101535' AND OBSLT_UTC IS NULL;
INSERT INTO CD_REF_TERM_ASSOC_TBL (REF_TERM_ID, CD_ID, EFFT_VRSN_SEQ_ID, REL_TYP_ID) SELECT '71d4756a-8c63-40ea-8581-61dba54aa484', 'c8d5ab21-0a0a-4e19-9209-d0b23e06c1b1', VRSN_SEQ_ID, '2c4dafc2-566a-41ae-9ebc-3097d7d22f4a' FROM CD_VRSN_TBL WHERE CD_ID = 'c8d5ab21-0a0a-4e19-9209-d0b23e06c1b1' AND OBSLT_UTC IS NULL;
INSERT INTO CD_REF_TERM_ASSOC_TBL (REF_TERM_ID, CD_ID, EFFT_VRSN_SEQ_ID, REL_TYP_ID) SELECT '8a1ea4f9-f710-4b24-8210-1bcea5815330', '4d1f6130-c060-4f8c-8eb3-c1dba2b0db81', VRSN_SEQ_ID, '2c4dafc2-566a-41ae-9ebc-3097d7d22f4a' FROM CD_VRSN_TBL WHERE CD_ID = '4d1f6130-c060-4f8c-8eb3-c1dba2b0db81' AND OBSLT_UTC IS NULL;
INSERT INTO CD_REF_TERM_ASSOC_TBL (REF_TERM_ID, CD_ID, EFFT_VRSN_SEQ_ID, REL_TYP_ID) SELECT '26f284dc-2035-4ebb-aed8-8d531054cae9', 'c3000962-275e-4ccc-9bc9-4dd9525bb9c7', VRSN_SEQ_ID, '2c4dafc2-566a-41ae-9ebc-3097d7d22f4a' FROM CD_VRSN_TBL WHERE CD_ID = 'c3000962-275e-4ccc-9bc9-4dd9525bb9c7' AND OBSLT_UTC IS NULL;
INSERT INTO CD_REF_TERM_ASSOC_TBL (REF_TERM_ID, CD_ID, EFFT_VRSN_SEQ_ID, REL_TYP_ID) SELECT '85b16ac4-cd58-4a3a-89e6-2017b18783df', 'fedc3216-fd31-498f-ae54-d95296a73636', VRSN_SEQ_ID, '2c4dafc2-566a-41ae-9ebc-3097d7d22f4a' FROM CD_VRSN_TBL WHERE CD_ID = 'fedc3216-fd31-498f-ae54-d95296a73636' AND OBSLT_UTC IS NULL;
INSERT INTO CD_REF_TERM_ASSOC_TBL (REF_TERM_ID, CD_ID, EFFT_VRSN_SEQ_ID, REL_TYP_ID) SELECT '8ee3e76f-ec2c-4b46-b8ce-5c2d1be58fbf', '2e34005b-7176-42be-81e1-67b63f68b4cd', VRSN_SEQ_ID, '2c4dafc2-566a-41ae-9ebc-3097d7d22f4a' FROM CD_VRSN_TBL WHERE CD_ID = '2e34005b-7176-42be-81e1-67b63f68b4cd' AND OBSLT_UTC IS NULL;
INSERT INTO CD_REF_TERM_ASSOC_TBL (REF_TERM_ID, CD_ID, EFFT_VRSN_SEQ_ID, REL_TYP_ID) SELECT '0f24fe4c-1e7a-4a91-95ce-9be09638c2a5', '0ef206eb-189a-4fd8-965c-6044ac8854b8', VRSN_SEQ_ID, '2c4dafc2-566a-41ae-9ebc-3097d7d22f4a' FROM CD_VRSN_TBL WHERE CD_ID = '0ef206eb-189a-4fd8-965c-6044ac8854b8' AND OBSLT_UTC IS NULL;
INSERT INTO CD_REF_TERM_ASSOC_TBL (REF_TERM_ID, CD_ID, EFFT_VRSN_SEQ_ID, REL_TYP_ID) SELECT '16ab7fd0-677d-4266-ab10-b33c24f43e19', 'ebd2fa4c-a441-4429-aac6-68d46d8c96bf', VRSN_SEQ_ID, '2c4dafc2-566a-41ae-9ebc-3097d7d22f4a' FROM CD_VRSN_TBL WHERE CD_ID = 'ebd2fa4c-a441-4429-aac6-68d46d8c96bf' AND OBSLT_UTC IS NULL;
INSERT INTO CD_REF_TERM_ASSOC_TBL (REF_TERM_ID, CD_ID, EFFT_VRSN_SEQ_ID, REL_TYP_ID) SELECT '0dfd6724-6311-4abe-b876-53daa2275ac1', '612d1915-8faf-475d-a190-6902591eb6dc', VRSN_SEQ_ID, '2c4dafc2-566a-41ae-9ebc-3097d7d22f4a' FROM CD_VRSN_TBL WHERE CD_ID = '612d1915-8faf-475d-a190-6902591eb6dc' AND OBSLT_UTC IS NULL;
INSERT INTO CD_REF_TERM_ASSOC_TBL (REF_TERM_ID, CD_ID, EFFT_VRSN_SEQ_ID, REL_TYP_ID) SELECT 'eb958c4a-3342-41fc-83db-1916ae8d870e', 'f8e9f0f1-d321-4638-a3a8-043511eaecfc', VRSN_SEQ_ID, '2c4dafc2-566a-41ae-9ebc-3097d7d22f4a' FROM CD_VRSN_TBL WHERE CD_ID = 'f8e9f0f1-d321-4638-a3a8-043511eaecfc' AND OBSLT_UTC IS NULL;
INSERT INTO CD_REF_TERM_ASSOC_TBL (REF_TERM_ID, CD_ID, EFFT_VRSN_SEQ_ID, REL_TYP_ID) SELECT '8068508d-9ebc-45bf-a535-3d31952e0ee9', 'cebefd83-e366-4264-ba13-70cfb2b4cdb2', VRSN_SEQ_ID, '2c4dafc2-566a-41ae-9ebc-3097d7d22f4a' FROM CD_VRSN_TBL WHERE CD_ID = 'cebefd83-e366-4264-ba13-70cfb2b4cdb2' AND OBSLT_UTC IS NULL;
INSERT INTO CD_REF_TERM_ASSOC_TBL (REF_TERM_ID, CD_ID, EFFT_VRSN_SEQ_ID, REL_TYP_ID) SELECT '2269e3e9-b9c7-436d-9a6d-c0ee4fe0a4ff', '95d190e8-2282-4ac8-a53a-02b49d9d3a8c', VRSN_SEQ_ID, '2c4dafc2-566a-41ae-9ebc-3097d7d22f4a' FROM CD_VRSN_TBL WHERE CD_ID = '95d190e8-2282-4ac8-a53a-02b49d9d3a8c' AND OBSLT_UTC IS NULL;
INSERT INTO CD_REF_TERM_ASSOC_TBL (REF_TERM_ID, CD_ID, EFFT_VRSN_SEQ_ID, REL_TYP_ID) SELECT '18a78998-bf3f-43ec-8437-12cfc3132972', '4ea572f0-c86d-4839-bd45-344285157c92', VRSN_SEQ_ID, '2c4dafc2-566a-41ae-9ebc-3097d7d22f4a' FROM CD_VRSN_TBL WHERE CD_ID = '4ea572f0-c86d-4839-bd45-344285157c92' AND OBSLT_UTC IS NULL;
INSERT INTO CD_REF_TERM_ASSOC_TBL (REF_TERM_ID, CD_ID, EFFT_VRSN_SEQ_ID, REL_TYP_ID) SELECT '30eadccb-e3da-4239-87e8-cee633ccaf61', '86ec6fc5-b952-4e4e-8407-aa3369aa5d51', VRSN_SEQ_ID, '2c4dafc2-566a-41ae-9ebc-3097d7d22f4a' FROM CD_VRSN_TBL WHERE CD_ID = '86ec6fc5-b952-4e4e-8407-aa3369aa5d51' AND OBSLT_UTC IS NULL;
INSERT INTO CD_REF_TERM_ASSOC_TBL (REF_TERM_ID, CD_ID, EFFT_VRSN_SEQ_ID, REL_TYP_ID) SELECT 'ee0ca467-5d42-485d-9952-25a20df854f4', '415d4872-5cd5-4030-b4b8-677959a2dd1a', VRSN_SEQ_ID, '2c4dafc2-566a-41ae-9ebc-3097d7d22f4a' FROM CD_VRSN_TBL WHERE CD_ID = '415d4872-5cd5-4030-b4b8-677959a2dd1a' AND OBSLT_UTC IS NULL;
INSERT INTO CD_REF_TERM_ASSOC_TBL (REF_TERM_ID, CD_ID, EFFT_VRSN_SEQ_ID, REL_TYP_ID) SELECT 'b1d34568-5b4e-4f74-9b4c-f7463e229c47', 'd4c77cd9-eed8-4462-9a44-2ab5af40b711', VRSN_SEQ_ID, '2c4dafc2-566a-41ae-9ebc-3097d7d22f4a' FROM CD_VRSN_TBL WHERE CD_ID = 'd4c77cd9-eed8-4462-9a44-2ab5af40b711' AND OBSLT_UTC IS NULL;
INSERT INTO CD_REF_TERM_ASSOC_TBL (REF_TERM_ID, CD_ID, EFFT_VRSN_SEQ_ID, REL_TYP_ID) SELECT '21b24bdc-ec46-4bb3-aae5-44be6e3a748c', '3c7d6dbe-3dd0-4dcc-917d-d932375c021e', VRSN_SEQ_ID, '2c4dafc2-566a-41ae-9ebc-3097d7d22f4a' FROM CD_VRSN_TBL WHERE CD_ID = '3c7d6dbe-3dd0-4dcc-917d-d932375c021e' AND OBSLT_UTC IS NULL;
INSERT INTO CD_REF_TERM_ASSOC_TBL (REF_TERM_ID, CD_ID, EFFT_VRSN_SEQ_ID, REL_TYP_ID) SELECT '8015f29f-a0b6-43c5-9c78-dfa4cf416cbb', '65d1d69d-892c-4961-8379-91c5aa70d16e', VRSN_SEQ_ID, '2c4dafc2-566a-41ae-9ebc-3097d7d22f4a' FROM CD_VRSN_TBL WHERE CD_ID = '65d1d69d-892c-4961-8379-91c5aa70d16e' AND OBSLT_UTC IS NULL;
INSERT INTO CD_REF_TERM_ASSOC_TBL (REF_TERM_ID, CD_ID, EFFT_VRSN_SEQ_ID, REL_TYP_ID) SELECT '6306d725-8031-40fc-8e14-0b5a01030b6d', 'ed267443-26fc-4e5f-9647-0c0ab3ad5696', VRSN_SEQ_ID, '2c4dafc2-566a-41ae-9ebc-3097d7d22f4a' FROM CD_VRSN_TBL WHERE CD_ID = 'ed267443-26fc-4e5f-9647-0c0ab3ad5696' AND OBSLT_UTC IS NULL;
INSERT INTO CD_REF_TERM_ASSOC_TBL (REF_TERM_ID, CD_ID, EFFT_VRSN_SEQ_ID, REL_TYP_ID) SELECT '46128966-be6b-470b-8299-0e7cd67dca06', '71f4edb8-ff9f-4136-bb66-efee62ce4a74', VRSN_SEQ_ID, '2c4dafc2-566a-41ae-9ebc-3097d7d22f4a' FROM CD_VRSN_TBL WHERE CD_ID = '71f4edb8-ff9f-4136-bb66-efee62ce4a74' AND OBSLT_UTC IS NULL;
INSERT INTO CD_REF_TERM_ASSOC_TBL (REF_TERM_ID, CD_ID, EFFT_VRSN_SEQ_ID, REL_TYP_ID) SELECT '1368f02a-c2f4-4175-aa48-a3806eca662c', '6c7c4cbc-5519-463b-b23d-31dc0238b172', VRSN_SEQ_ID, '2c4dafc2-566a-41ae-9ebc-3097d7d22f4a' FROM CD_VRSN_TBL WHERE CD_ID = '6c7c4cbc-5519-463b-b23d-31dc0238b172' AND OBSLT_UTC IS NULL;
INSERT INTO CD_REF_TERM_ASSOC_TBL (REF_TERM_ID, CD_ID, EFFT_VRSN_SEQ_ID, REL_TYP_ID) SELECT 'ae18e981-257a-44a1-81a4-6e15b240bd96', 'caf15d91-dcaf-4201-88bb-1f41d116d01c', VRSN_SEQ_ID, '2c4dafc2-566a-41ae-9ebc-3097d7d22f4a' FROM CD_VRSN_TBL WHERE CD_ID = 'caf15d91-dcaf-4201-88bb-1f41d116d01c' AND OBSLT_UTC IS NULL;
INSERT INTO CD_REF_TERM_ASSOC_TBL (REF_TERM_ID, CD_ID, EFFT_VRSN_SEQ_ID, REL_TYP_ID) SELECT 'b7b73d4d-60e7-4668-b0e2-31b547a8e3ff', 'd47b92c2-ae09-4d13-bc45-2d545706e731', VRSN_SEQ_ID, '2c4dafc2-566a-41ae-9ebc-3097d7d22f4a' FROM CD_VRSN_TBL WHERE CD_ID = 'd47b92c2-ae09-4d13-bc45-2d545706e731' AND OBSLT_UTC IS NULL;
INSERT INTO CD_REF_TERM_ASSOC_TBL (REF_TERM_ID, CD_ID, EFFT_VRSN_SEQ_ID, REL_TYP_ID) SELECT 'acb6cb87-e297-489a-9f0a-8e71dfa8e06b', '928da1ae-db55-450f-8129-73e7d1218653', VRSN_SEQ_ID, '2c4dafc2-566a-41ae-9ebc-3097d7d22f4a' FROM CD_VRSN_TBL WHERE CD_ID = '928da1ae-db55-450f-8129-73e7d1218653' AND OBSLT_UTC IS NULL;
INSERT INTO CD_REF_TERM_ASSOC_TBL (REF_TERM_ID, CD_ID, EFFT_VRSN_SEQ_ID, REL_TYP_ID) SELECT 'a5b80ee4-db62-45dc-b61d-fc56bbd66f85', 'ea99e6e9-ba42-4f8f-b0f7-cfb46b5df629', VRSN_SEQ_ID, '2c4dafc2-566a-41ae-9ebc-3097d7d22f4a' FROM CD_VRSN_TBL WHERE CD_ID = 'ea99e6e9-ba42-4f8f-b0f7-cfb46b5df629' AND OBSLT_UTC IS NULL;
INSERT INTO CD_REF_TERM_ASSOC_TBL (REF_TERM_ID, CD_ID, EFFT_VRSN_SEQ_ID, REL_TYP_ID) SELECT '10b3d1ad-c77b-4222-bae7-12c846afc462', 'abb0bfaa-3082-4294-b8f6-5e9ec041b5a0', VRSN_SEQ_ID, '2c4dafc2-566a-41ae-9ebc-3097d7d22f4a' FROM CD_VRSN_TBL WHERE CD_ID = 'abb0bfaa-3082-4294-b8f6-5e9ec041b5a0' AND OBSLT_UTC IS NULL;
INSERT INTO CD_REF_TERM_ASSOC_TBL (REF_TERM_ID, CD_ID, EFFT_VRSN_SEQ_ID, REL_TYP_ID) SELECT 'ed766984-b95f-4812-affa-66bfd47ce023', '0b8f2f1c-190b-4596-8912-88d21d367ee1', VRSN_SEQ_ID, '2c4dafc2-566a-41ae-9ebc-3097d7d22f4a' FROM CD_VRSN_TBL WHERE CD_ID = '0b8f2f1c-190b-4596-8912-88d21d367ee1' AND OBSLT_UTC IS NULL;
INSERT INTO CD_REF_TERM_ASSOC_TBL (REF_TERM_ID, CD_ID, EFFT_VRSN_SEQ_ID, REL_TYP_ID) SELECT 'e23688f8-0eb2-4e5c-84a9-8db838301574', 'a54a0e82-a7fa-4a9c-b36f-39e976bbe29a', VRSN_SEQ_ID, '2c4dafc2-566a-41ae-9ebc-3097d7d22f4a' FROM CD_VRSN_TBL WHERE CD_ID = 'a54a0e82-a7fa-4a9c-b36f-39e976bbe29a' AND OBSLT_UTC IS NULL;
INSERT INTO CD_REF_TERM_ASSOC_TBL (REF_TERM_ID, CD_ID, EFFT_VRSN_SEQ_ID, REL_TYP_ID) SELECT '4e53b94a-9212-4bc5-a341-914ad879c6ee', '64813a52-19ec-43e8-aea9-e7527cdea88a', VRSN_SEQ_ID, '2c4dafc2-566a-41ae-9ebc-3097d7d22f4a' FROM CD_VRSN_TBL WHERE CD_ID = '64813a52-19ec-43e8-aea9-e7527cdea88a' AND OBSLT_UTC IS NULL;
INSERT INTO CD_REF_TERM_ASSOC_TBL (REF_TERM_ID, CD_ID, EFFT_VRSN_SEQ_ID, REL_TYP_ID) SELECT 'f5f76984-b678-4316-81f9-57cf7e857453', '98023485-f85f-4151-8330-c4adfde0b579', VRSN_SEQ_ID, '2c4dafc2-566a-41ae-9ebc-3097d7d22f4a' FROM CD_VRSN_TBL WHERE CD_ID = '98023485-f85f-4151-8330-c4adfde0b579' AND OBSLT_UTC IS NULL;
INSERT INTO CD_REF_TERM_ASSOC_TBL (REF_TERM_ID, CD_ID, EFFT_VRSN_SEQ_ID, REL_TYP_ID) SELECT '93563fa3-d1f2-4248-8b9e-6362bf49f6dc', 'eec32656-fa6a-40dc-9145-2487f1e561ef', VRSN_SEQ_ID, '2c4dafc2-566a-41ae-9ebc-3097d7d22f4a' FROM CD_VRSN_TBL WHERE CD_ID = 'eec32656-fa6a-40dc-9145-2487f1e561ef' AND OBSLT_UTC IS NULL;
INSERT INTO CD_REF_TERM_ASSOC_TBL (REF_TERM_ID, CD_ID, EFFT_VRSN_SEQ_ID, REL_TYP_ID) SELECT '5b08dc3b-9ee6-452f-bf93-4c6bfd17b1ea', '192eb732-2226-44a8-a802-fe694c581a41', VRSN_SEQ_ID, '2c4dafc2-566a-41ae-9ebc-3097d7d22f4a' FROM CD_VRSN_TBL WHERE CD_ID = '192eb732-2226-44a8-a802-fe694c581a41' AND OBSLT_UTC IS NULL;
INSERT INTO CD_REF_TERM_ASSOC_TBL (REF_TERM_ID, CD_ID, EFFT_VRSN_SEQ_ID, REL_TYP_ID) SELECT '18095cc9-9e62-49b8-b96a-af5a063935a6', 'b8b595a7-9c17-4d12-958a-8b098abdc638', VRSN_SEQ_ID, '2c4dafc2-566a-41ae-9ebc-3097d7d22f4a' FROM CD_VRSN_TBL WHERE CD_ID = 'b8b595a7-9c17-4d12-958a-8b098abdc638' AND OBSLT_UTC IS NULL;
INSERT INTO CD_REF_TERM_ASSOC_TBL (REF_TERM_ID, CD_ID, EFFT_VRSN_SEQ_ID, REL_TYP_ID) SELECT 'e1d8aee2-62d4-416e-983f-81e006198cd3', 'bee02da3-a599-4d14-9053-38ce443bc2b8', VRSN_SEQ_ID, '2c4dafc2-566a-41ae-9ebc-3097d7d22f4a' FROM CD_VRSN_TBL WHERE CD_ID = 'bee02da3-a599-4d14-9053-38ce443bc2b8' AND OBSLT_UTC IS NULL;
INSERT INTO CD_REF_TERM_ASSOC_TBL (REF_TERM_ID, CD_ID, EFFT_VRSN_SEQ_ID, REL_TYP_ID) SELECT '937e5c54-4b18-4e0b-aaa9-06e97260b96c', 'b6b0854b-948f-47ee-b3c2-688bd722aeac', VRSN_SEQ_ID, '2c4dafc2-566a-41ae-9ebc-3097d7d22f4a' FROM CD_VRSN_TBL WHERE CD_ID = 'b6b0854b-948f-47ee-b3c2-688bd722aeac' AND OBSLT_UTC IS NULL;
INSERT INTO CD_REF_TERM_ASSOC_TBL (REF_TERM_ID, CD_ID, EFFT_VRSN_SEQ_ID, REL_TYP_ID) SELECT 'a3aacd8f-39b6-4455-8f1c-5232de05ab56', '318ced77-ccd6-48d0-b16f-6ea4be00a586', VRSN_SEQ_ID, '2c4dafc2-566a-41ae-9ebc-3097d7d22f4a' FROM CD_VRSN_TBL WHERE CD_ID = '318ced77-ccd6-48d0-b16f-6ea4be00a586' AND OBSLT_UTC IS NULL;
INSERT INTO CD_REF_TERM_ASSOC_TBL (REF_TERM_ID, CD_ID, EFFT_VRSN_SEQ_ID, REL_TYP_ID) SELECT 'f766e171-ac0d-4a29-ba7d-d6b308e214de', 'f193cab3-cffa-4671-99af-6be949ba96aa', VRSN_SEQ_ID, '2c4dafc2-566a-41ae-9ebc-3097d7d22f4a' FROM CD_VRSN_TBL WHERE CD_ID = 'f193cab3-cffa-4671-99af-6be949ba96aa' AND OBSLT_UTC IS NULL;
INSERT INTO CD_REF_TERM_ASSOC_TBL (REF_TERM_ID, CD_ID, EFFT_VRSN_SEQ_ID, REL_TYP_ID) SELECT 'beb0f18a-5637-4975-bf9c-aecd89e7813d', '2bcbc810-53bc-4337-9c0c-303c52356659', VRSN_SEQ_ID, '2c4dafc2-566a-41ae-9ebc-3097d7d22f4a' FROM CD_VRSN_TBL WHERE CD_ID = '2bcbc810-53bc-4337-9c0c-303c52356659' AND OBSLT_UTC IS NULL;
INSERT INTO CD_REF_TERM_ASSOC_TBL (REF_TERM_ID, CD_ID, EFFT_VRSN_SEQ_ID, REL_TYP_ID) SELECT '371b4b38-079f-4a0e-bc6e-8239c84cadfc', 'c8763e54-4ea6-4fd4-ae31-5644ba0cbe0c', VRSN_SEQ_ID, '2c4dafc2-566a-41ae-9ebc-3097d7d22f4a' FROM CD_VRSN_TBL WHERE CD_ID = 'c8763e54-4ea6-4fd4-ae31-5644ba0cbe0c' AND OBSLT_UTC IS NULL;
INSERT INTO CD_REF_TERM_ASSOC_TBL (REF_TERM_ID, CD_ID, EFFT_VRSN_SEQ_ID, REL_TYP_ID) SELECT 'd5e82b3c-841e-4058-a613-5a04b111b3a1', 'b2180b59-79b2-4cf5-9ea2-fb36d9ad8c03', VRSN_SEQ_ID, '2c4dafc2-566a-41ae-9ebc-3097d7d22f4a' FROM CD_VRSN_TBL WHERE CD_ID = 'b2180b59-79b2-4cf5-9ea2-fb36d9ad8c03' AND OBSLT_UTC IS NULL;
INSERT INTO CD_REF_TERM_ASSOC_TBL (REF_TERM_ID, CD_ID, EFFT_VRSN_SEQ_ID, REL_TYP_ID) SELECT 'bd9a5ad5-5eeb-4535-b98b-57529c53e9f3', 'ca578e77-bcc2-4305-95d5-ffe559318aea', VRSN_SEQ_ID, '2c4dafc2-566a-41ae-9ebc-3097d7d22f4a' FROM CD_VRSN_TBL WHERE CD_ID = 'ca578e77-bcc2-4305-95d5-ffe559318aea' AND OBSLT_UTC IS NULL;
INSERT INTO CD_REF_TERM_ASSOC_TBL (REF_TERM_ID, CD_ID, EFFT_VRSN_SEQ_ID, REL_TYP_ID) SELECT '0fd87977-c371-409a-8029-3392adf03ad0', '7c8e0e91-7849-4d05-a9e9-2663f3c738db', VRSN_SEQ_ID, '2c4dafc2-566a-41ae-9ebc-3097d7d22f4a' FROM CD_VRSN_TBL WHERE CD_ID = '7c8e0e91-7849-4d05-a9e9-2663f3c738db' AND OBSLT_UTC IS NULL;
INSERT INTO CD_REF_TERM_ASSOC_TBL (REF_TERM_ID, CD_ID, EFFT_VRSN_SEQ_ID, REL_TYP_ID) SELECT 'ab06b931-b47e-4b2b-bd6b-7d02c7d7c836', 'f73c6dc1-ddf4-4281-a4cf-2dafb8996b19', VRSN_SEQ_ID, '2c4dafc2-566a-41ae-9ebc-3097d7d22f4a' FROM CD_VRSN_TBL WHERE CD_ID = 'f73c6dc1-ddf4-4281-a4cf-2dafb8996b19' AND OBSLT_UTC IS NULL;
INSERT INTO CD_REF_TERM_ASSOC_TBL (REF_TERM_ID, CD_ID, EFFT_VRSN_SEQ_ID, REL_TYP_ID) SELECT '61881223-b24f-4c65-bc76-6ec3d7efdb78', '439831fb-279b-4c63-a2ca-aa24a95bcecb', VRSN_SEQ_ID, '2c4dafc2-566a-41ae-9ebc-3097d7d22f4a' FROM CD_VRSN_TBL WHERE CD_ID = '439831fb-279b-4c63-a2ca-aa24a95bcecb' AND OBSLT_UTC IS NULL;
INSERT INTO CD_REF_TERM_ASSOC_TBL (REF_TERM_ID, CD_ID, EFFT_VRSN_SEQ_ID, REL_TYP_ID) SELECT 'd2b9e86b-14f1-4a3b-aab7-005f1e3a3392', '4b0cc35d-e05c-46c4-afd8-2a03ecfe6df1', VRSN_SEQ_ID, '2c4dafc2-566a-41ae-9ebc-3097d7d22f4a' FROM CD_VRSN_TBL WHERE CD_ID = '4b0cc35d-e05c-46c4-afd8-2a03ecfe6df1' AND OBSLT_UTC IS NULL;
INSERT INTO CD_REF_TERM_ASSOC_TBL (REF_TERM_ID, CD_ID, EFFT_VRSN_SEQ_ID, REL_TYP_ID) SELECT 'd582f480-a75e-4a0d-9e07-753c9f6571a8', 'a67d6067-3e58-42cd-99d3-b3b25f9c0b1e', VRSN_SEQ_ID, '2c4dafc2-566a-41ae-9ebc-3097d7d22f4a' FROM CD_VRSN_TBL WHERE CD_ID = 'a67d6067-3e58-42cd-99d3-b3b25f9c0b1e' AND OBSLT_UTC IS NULL;
INSERT INTO CD_REF_TERM_ASSOC_TBL (REF_TERM_ID, CD_ID, EFFT_VRSN_SEQ_ID, REL_TYP_ID) SELECT 'd4e96699-1788-41af-aca3-45ee0c005ab4', 'c17d2682-aa2b-421a-a096-f5d634234218', VRSN_SEQ_ID, '2c4dafc2-566a-41ae-9ebc-3097d7d22f4a' FROM CD_VRSN_TBL WHERE CD_ID = 'c17d2682-aa2b-421a-a096-f5d634234218' AND OBSLT_UTC IS NULL;
INSERT INTO CD_REF_TERM_ASSOC_TBL (REF_TERM_ID, CD_ID, EFFT_VRSN_SEQ_ID, REL_TYP_ID) SELECT '3e84bbf5-dd64-41ee-951d-56a4cf89e967', 'e0cc9b98-2de1-4ca7-9cc9-15cd488ae7ad', VRSN_SEQ_ID, '2c4dafc2-566a-41ae-9ebc-3097d7d22f4a' FROM CD_VRSN_TBL WHERE CD_ID = 'e0cc9b98-2de1-4ca7-9cc9-15cd488ae7ad' AND OBSLT_UTC IS NULL;
INSERT INTO CD_REF_TERM_ASSOC_TBL (REF_TERM_ID, CD_ID, EFFT_VRSN_SEQ_ID, REL_TYP_ID) SELECT 'ad35e3a8-337e-44a3-b4e5-dadbdb292bca', 'c70d0aef-fc5f-48b6-a2ab-940667923dd1', VRSN_SEQ_ID, '2c4dafc2-566a-41ae-9ebc-3097d7d22f4a' FROM CD_VRSN_TBL WHERE CD_ID = 'c70d0aef-fc5f-48b6-a2ab-940667923dd1' AND OBSLT_UTC IS NULL;
INSERT INTO CD_REF_TERM_ASSOC_TBL (REF_TERM_ID, CD_ID, EFFT_VRSN_SEQ_ID, REL_TYP_ID) SELECT 'cb80dcf4-4da0-4763-bcb8-f57aa2c5538c', '35b73050-b433-4cb4-972a-d8e2cda72c7e', VRSN_SEQ_ID, '2c4dafc2-566a-41ae-9ebc-3097d7d22f4a' FROM CD_VRSN_TBL WHERE CD_ID = '35b73050-b433-4cb4-972a-d8e2cda72c7e' AND OBSLT_UTC IS NULL;
INSERT INTO CD_REF_TERM_ASSOC_TBL (REF_TERM_ID, CD_ID, EFFT_VRSN_SEQ_ID, REL_TYP_ID) SELECT 'bbe0d322-a131-4afa-8150-d9ef9ed41d1f', 'c8bf65bb-a749-4c2c-a841-2e3b3b4b4ca1', VRSN_SEQ_ID, '2c4dafc2-566a-41ae-9ebc-3097d7d22f4a' FROM CD_VRSN_TBL WHERE CD_ID = 'c8bf65bb-a749-4c2c-a841-2e3b3b4b4ca1' AND OBSLT_UTC IS NULL;
INSERT INTO CD_REF_TERM_ASSOC_TBL (REF_TERM_ID, CD_ID, EFFT_VRSN_SEQ_ID, REL_TYP_ID) SELECT '3b0bff93-fcec-4127-a632-0fc760c9834d', '38dc64a8-3475-40b1-8621-38673dd243d1', VRSN_SEQ_ID, '2c4dafc2-566a-41ae-9ebc-3097d7d22f4a' FROM CD_VRSN_TBL WHERE CD_ID = '38dc64a8-3475-40b1-8621-38673dd243d1' AND OBSLT_UTC IS NULL;
INSERT INTO CD_REF_TERM_ASSOC_TBL (REF_TERM_ID, CD_ID, EFFT_VRSN_SEQ_ID, REL_TYP_ID) SELECT 'dcdc83bb-b2e3-4903-b84e-d47ca04f4ea2', 'f4723f52-e804-4153-8649-55a8c8cd0263', VRSN_SEQ_ID, '2c4dafc2-566a-41ae-9ebc-3097d7d22f4a' FROM CD_VRSN_TBL WHERE CD_ID = 'f4723f52-e804-4153-8649-55a8c8cd0263' AND OBSLT_UTC IS NULL;
INSERT INTO CD_REF_TERM_ASSOC_TBL (REF_TERM_ID, CD_ID, EFFT_VRSN_SEQ_ID, REL_TYP_ID) SELECT 'a94c2eb7-88b7-415c-b4a8-ac5702fecc33', 'f99e2f28-49c8-4328-ad66-ec57950c758e', VRSN_SEQ_ID, '2c4dafc2-566a-41ae-9ebc-3097d7d22f4a' FROM CD_VRSN_TBL WHERE CD_ID = 'f99e2f28-49c8-4328-ad66-ec57950c758e' AND OBSLT_UTC IS NULL;
INSERT INTO CD_REF_TERM_ASSOC_TBL (REF_TERM_ID, CD_ID, EFFT_VRSN_SEQ_ID, REL_TYP_ID) SELECT '08517749-66d3-49ee-99fe-17b64fe60ac7', 'd365c5ab-4ad2-40d7-afc2-0cdc734d2b4f', VRSN_SEQ_ID, '2c4dafc2-566a-41ae-9ebc-3097d7d22f4a' FROM CD_VRSN_TBL WHERE CD_ID = 'd365c5ab-4ad2-40d7-afc2-0cdc734d2b4f' AND OBSLT_UTC IS NULL;
INSERT INTO CD_REF_TERM_ASSOC_TBL (REF_TERM_ID, CD_ID, EFFT_VRSN_SEQ_ID, REL_TYP_ID) SELECT '3953c152-d8ca-4375-add6-f76f9f12e683', 'cd2dd690-9b87-4f5e-a087-7bd0b1cf9248', VRSN_SEQ_ID, '2c4dafc2-566a-41ae-9ebc-3097d7d22f4a' FROM CD_VRSN_TBL WHERE CD_ID = 'cd2dd690-9b87-4f5e-a087-7bd0b1cf9248' AND OBSLT_UTC IS NULL;
INSERT INTO CD_REF_TERM_ASSOC_TBL (REF_TERM_ID, CD_ID, EFFT_VRSN_SEQ_ID, REL_TYP_ID) SELECT 'd6daf579-d366-40ef-adad-21887f9ebad3', '9c4b1f37-7428-4f8b-84a7-c08e8ff1fce0', VRSN_SEQ_ID, '2c4dafc2-566a-41ae-9ebc-3097d7d22f4a' FROM CD_VRSN_TBL WHERE CD_ID = '9c4b1f37-7428-4f8b-84a7-c08e8ff1fce0' AND OBSLT_UTC IS NULL;
INSERT INTO CD_REF_TERM_ASSOC_TBL (REF_TERM_ID, CD_ID, EFFT_VRSN_SEQ_ID, REL_TYP_ID) SELECT 'd77fd655-f4dc-4964-bf52-aaa7db116cb4', '87b1e344-5a54-46ce-8668-ff4d2363f61b', VRSN_SEQ_ID, '2c4dafc2-566a-41ae-9ebc-3097d7d22f4a' FROM CD_VRSN_TBL WHERE CD_ID = '87b1e344-5a54-46ce-8668-ff4d2363f61b' AND OBSLT_UTC IS NULL;
INSERT INTO CD_REF_TERM_ASSOC_TBL (REF_TERM_ID, CD_ID, EFFT_VRSN_SEQ_ID, REL_TYP_ID) SELECT '26de1119-d2d2-49f1-b7b6-2329ff23d49e', '0331e13f-f471-4fbd-92dc-66e0a46239d5', VRSN_SEQ_ID, '2c4dafc2-566a-41ae-9ebc-3097d7d22f4a' FROM CD_VRSN_TBL WHERE CD_ID = '0331e13f-f471-4fbd-92dc-66e0a46239d5' AND OBSLT_UTC IS NULL;
INSERT INTO CD_REF_TERM_ASSOC_TBL (REF_TERM_ID, CD_ID, EFFT_VRSN_SEQ_ID, REL_TYP_ID) SELECT '51e53697-64eb-4cc7-a548-cf603881046a', '7d84a057-1fcc-4054-a51f-b77d230fc6d1', VRSN_SEQ_ID, '2c4dafc2-566a-41ae-9ebc-3097d7d22f4a' FROM CD_VRSN_TBL WHERE CD_ID = '7d84a057-1fcc-4054-a51f-b77d230fc6d1' AND OBSLT_UTC IS NULL;
INSERT INTO CD_REF_TERM_ASSOC_TBL (REF_TERM_ID, CD_ID, EFFT_VRSN_SEQ_ID, REL_TYP_ID) SELECT '8accce19-d2e3-4f49-986e-eb2e2d7785a2', '6e7a3521-2967-4c0a-80ec-6c5c197b2178', VRSN_SEQ_ID, '2c4dafc2-566a-41ae-9ebc-3097d7d22f4a' FROM CD_VRSN_TBL WHERE CD_ID = '6e7a3521-2967-4c0a-80ec-6c5c197b2178' AND OBSLT_UTC IS NULL;
INSERT INTO CD_REF_TERM_ASSOC_TBL (REF_TERM_ID, CD_ID, EFFT_VRSN_SEQ_ID, REL_TYP_ID) SELECT '195f4fcc-ee4e-4132-ba6d-222fb86cf4e7', 'f3be6b88-bc8f-4263-a779-86f21ea10a47', VRSN_SEQ_ID, '2c4dafc2-566a-41ae-9ebc-3097d7d22f4a' FROM CD_VRSN_TBL WHERE CD_ID = 'f3be6b88-bc8f-4263-a779-86f21ea10a47' AND OBSLT_UTC IS NULL;
INSERT INTO CD_REF_TERM_ASSOC_TBL (REF_TERM_ID, CD_ID, EFFT_VRSN_SEQ_ID, REL_TYP_ID) SELECT 'bc832e84-491f-41fa-a53a-46770cd2697d', '094941e9-a3db-48b5-862c-bc289bd7f86c', VRSN_SEQ_ID, '2c4dafc2-566a-41ae-9ebc-3097d7d22f4a' FROM CD_VRSN_TBL WHERE CD_ID = '094941e9-a3db-48b5-862c-bc289bd7f86c' AND OBSLT_UTC IS NULL;
INSERT INTO CD_REF_TERM_ASSOC_TBL (REF_TERM_ID, CD_ID, EFFT_VRSN_SEQ_ID, REL_TYP_ID) SELECT '505aae7d-16f6-4600-9172-89e0ca36a3c1', 'f4e3a6bb-612e-46b2-9f77-ff844d971198', VRSN_SEQ_ID, '2c4dafc2-566a-41ae-9ebc-3097d7d22f4a' FROM CD_VRSN_TBL WHERE CD_ID = 'f4e3a6bb-612e-46b2-9f77-ff844d971198' AND OBSLT_UTC IS NULL;
INSERT INTO CD_REF_TERM_ASSOC_TBL (REF_TERM_ID, CD_ID, EFFT_VRSN_SEQ_ID, REL_TYP_ID) SELECT 'd6e851a7-2d7e-4c63-81dc-efef7d12e9a1', 'ae94a782-1485-4241-9bca-5b09db2156bf', VRSN_SEQ_ID, '2c4dafc2-566a-41ae-9ebc-3097d7d22f4a' FROM CD_VRSN_TBL WHERE CD_ID = 'ae94a782-1485-4241-9bca-5b09db2156bf' AND OBSLT_UTC IS NULL;
INSERT INTO CD_REF_TERM_ASSOC_TBL (REF_TERM_ID, CD_ID, EFFT_VRSN_SEQ_ID, REL_TYP_ID) SELECT 'fe55da81-df44-43c7-aa18-9283ffc38362', '0ff2ab03-6e0a-40d1-8947-04c4937b4cc4', VRSN_SEQ_ID, '2c4dafc2-566a-41ae-9ebc-3097d7d22f4a' FROM CD_VRSN_TBL WHERE CD_ID = '0ff2ab03-6e0a-40d1-8947-04c4937b4cc4' AND OBSLT_UTC IS NULL;
INSERT INTO CD_REF_TERM_ASSOC_TBL (REF_TERM_ID, CD_ID, EFFT_VRSN_SEQ_ID, REL_TYP_ID) SELECT 'd8382b1a-2c20-4048-98c0-36cca22db74b', '24380d53-ea22-4820-9f06-8671f774f133', VRSN_SEQ_ID, '2c4dafc2-566a-41ae-9ebc-3097d7d22f4a' FROM CD_VRSN_TBL WHERE CD_ID = '24380d53-ea22-4820-9f06-8671f774f133' AND OBSLT_UTC IS NULL;
INSERT INTO CD_REF_TERM_ASSOC_TBL (REF_TERM_ID, CD_ID, EFFT_VRSN_SEQ_ID, REL_TYP_ID) SELECT '2a35f977-0a36-468c-8edc-f8a742450170', '0a4c87e2-16c3-4361-be3c-dd765ee4bc7d', VRSN_SEQ_ID, '2c4dafc2-566a-41ae-9ebc-3097d7d22f4a' FROM CD_VRSN_TBL WHERE CD_ID = '0a4c87e2-16c3-4361-be3c-dd765ee4bc7d' AND OBSLT_UTC IS NULL;
INSERT INTO CD_REF_TERM_ASSOC_TBL (REF_TERM_ID, CD_ID, EFFT_VRSN_SEQ_ID, REL_TYP_ID) SELECT '61afe90c-d752-42cf-a8d0-5a928c97b38c', '739457d0-835a-4a9c-811c-42b5e92ed1ca', VRSN_SEQ_ID, '2c4dafc2-566a-41ae-9ebc-3097d7d22f4a' FROM CD_VRSN_TBL WHERE CD_ID = '739457d0-835a-4a9c-811c-42b5e92ed1ca' AND OBSLT_UTC IS NULL;
INSERT INTO CD_REF_TERM_ASSOC_TBL (REF_TERM_ID, CD_ID, EFFT_VRSN_SEQ_ID, REL_TYP_ID) SELECT 'b1e7070d-4b88-45fd-bccc-eff7316c15d9', '8fa25b69-c9c2-4c40-84c1-0ea9641a12ec', VRSN_SEQ_ID, '2c4dafc2-566a-41ae-9ebc-3097d7d22f4a' FROM CD_VRSN_TBL WHERE CD_ID = '8fa25b69-c9c2-4c40-84c1-0ea9641a12ec' AND OBSLT_UTC IS NULL;
INSERT INTO CD_REF_TERM_ASSOC_TBL (REF_TERM_ID, CD_ID, EFFT_VRSN_SEQ_ID, REL_TYP_ID) SELECT '5f63a762-4793-4f9d-826e-87612a6a2bbe', 'abfe2637-d338-4090-b3a5-3ec19a47be6a', VRSN_SEQ_ID, '2c4dafc2-566a-41ae-9ebc-3097d7d22f4a' FROM CD_VRSN_TBL WHERE CD_ID = 'abfe2637-d338-4090-b3a5-3ec19a47be6a' AND OBSLT_UTC IS NULL;
INSERT INTO CD_REF_TERM_ASSOC_TBL (REF_TERM_ID, CD_ID, EFFT_VRSN_SEQ_ID, REL_TYP_ID) SELECT 'a3748d6d-cc9c-4686-acba-a0946e758ab5', '8bf23192-de75-48eb-abee-81a9a15332f8', VRSN_SEQ_ID, '2c4dafc2-566a-41ae-9ebc-3097d7d22f4a' FROM CD_VRSN_TBL WHERE CD_ID = '8bf23192-de75-48eb-abee-81a9a15332f8' AND OBSLT_UTC IS NULL;
INSERT INTO CD_REF_TERM_ASSOC_TBL (REF_TERM_ID, CD_ID, EFFT_VRSN_SEQ_ID, REL_TYP_ID) SELECT '354a9766-c8e5-4b7a-bd6c-4440d9e9e389', '1c0f931c-9c49-4a52-8fbf-5217c52ea778', VRSN_SEQ_ID, '2c4dafc2-566a-41ae-9ebc-3097d7d22f4a' FROM CD_VRSN_TBL WHERE CD_ID = '1c0f931c-9c49-4a52-8fbf-5217c52ea778' AND OBSLT_UTC IS NULL;
INSERT INTO CD_REF_TERM_ASSOC_TBL (REF_TERM_ID, CD_ID, EFFT_VRSN_SEQ_ID, REL_TYP_ID) SELECT '40ca0162-c12b-458b-97d6-fbc386e6fcc1', '6a181a3c-7241-4325-b011-630d3ca6dc4a', VRSN_SEQ_ID, '2c4dafc2-566a-41ae-9ebc-3097d7d22f4a' FROM CD_VRSN_TBL WHERE CD_ID = '6a181a3c-7241-4325-b011-630d3ca6dc4a' AND OBSLT_UTC IS NULL;
INSERT INTO CD_REF_TERM_ASSOC_TBL (REF_TERM_ID, CD_ID, EFFT_VRSN_SEQ_ID, REL_TYP_ID) SELECT '1193070f-3d8c-4b26-9d7d-8ef3d69ceb92', '2b4b2ed8-f90c-4193-870a-f48bc39657c1', VRSN_SEQ_ID, '2c4dafc2-566a-41ae-9ebc-3097d7d22f4a' FROM CD_VRSN_TBL WHERE CD_ID = '2b4b2ed8-f90c-4193-870a-f48bc39657c1' AND OBSLT_UTC IS NULL;
INSERT INTO CD_REF_TERM_ASSOC_TBL (REF_TERM_ID, CD_ID, EFFT_VRSN_SEQ_ID, REL_TYP_ID) SELECT 'e122710f-e39f-40ec-be48-6972b1356046', '8165b43f-8103-4ed3-bac6-4fc0df8c1a84', VRSN_SEQ_ID, '2c4dafc2-566a-41ae-9ebc-3097d7d22f4a' FROM CD_VRSN_TBL WHERE CD_ID = '8165b43f-8103-4ed3-bac6-4fc0df8c1a84' AND OBSLT_UTC IS NULL;
INSERT INTO CD_REF_TERM_ASSOC_TBL (REF_TERM_ID, CD_ID, EFFT_VRSN_SEQ_ID, REL_TYP_ID) SELECT '33dcaee0-1476-4c79-80a4-96a6e6f720e3', 'e81d6773-97e3-4b2d-b6a3-a4624ba5c6a9', VRSN_SEQ_ID, '2c4dafc2-566a-41ae-9ebc-3097d7d22f4a' FROM CD_VRSN_TBL WHERE CD_ID = 'e81d6773-97e3-4b2d-b6a3-a4624ba5c6a9' AND OBSLT_UTC IS NULL;
INSERT INTO CD_REF_TERM_ASSOC_TBL (REF_TERM_ID, CD_ID, EFFT_VRSN_SEQ_ID, REL_TYP_ID) SELECT '93ca6c84-3ed5-4c55-afcd-8bdb1b7689e7', '76fdf0e7-cfe0-47b4-9630-c645f254cdfd', VRSN_SEQ_ID, '2c4dafc2-566a-41ae-9ebc-3097d7d22f4a' FROM CD_VRSN_TBL WHERE CD_ID = '76fdf0e7-cfe0-47b4-9630-c645f254cdfd' AND OBSLT_UTC IS NULL;
INSERT INTO CD_REF_TERM_ASSOC_TBL (REF_TERM_ID, CD_ID, EFFT_VRSN_SEQ_ID, REL_TYP_ID) SELECT 'd8a535fc-e463-4564-a4fe-9ae7a94dddbe', '3db182e2-653b-4bfd-a300-32f23345d1c0', VRSN_SEQ_ID, '2c4dafc2-566a-41ae-9ebc-3097d7d22f4a' FROM CD_VRSN_TBL WHERE CD_ID = '3db182e2-653b-4bfd-a300-32f23345d1c0' AND OBSLT_UTC IS NULL;
INSERT INTO CD_REF_TERM_ASSOC_TBL (REF_TERM_ID, CD_ID, EFFT_VRSN_SEQ_ID, REL_TYP_ID) SELECT '4335ccc0-0ce4-4576-934f-e9eb1377e726', '38d66ec7-0cc8-4609-9675-b6ff91ede605', VRSN_SEQ_ID, '2c4dafc2-566a-41ae-9ebc-3097d7d22f4a' FROM CD_VRSN_TBL WHERE CD_ID = '38d66ec7-0cc8-4609-9675-b6ff91ede605' AND OBSLT_UTC IS NULL;
INSERT INTO CD_REF_TERM_ASSOC_TBL (REF_TERM_ID, CD_ID, EFFT_VRSN_SEQ_ID, REL_TYP_ID) SELECT '879c0084-a30a-4e55-b3eb-9cdb302caad3', '40d18ecc-8ff8-4e03-8e58-97a980f04060', VRSN_SEQ_ID, '2c4dafc2-566a-41ae-9ebc-3097d7d22f4a' FROM CD_VRSN_TBL WHERE CD_ID = '40d18ecc-8ff8-4e03-8e58-97a980f04060' AND OBSLT_UTC IS NULL;
INSERT INTO CD_REF_TERM_ASSOC_TBL (REF_TERM_ID, CD_ID, EFFT_VRSN_SEQ_ID, REL_TYP_ID) SELECT 'b8838483-dcc7-4e43-a6e5-63823b37d5da', 'b401dd81-931c-4aad-8fd8-22a6ac2ea3dc', VRSN_SEQ_ID, '2c4dafc2-566a-41ae-9ebc-3097d7d22f4a' FROM CD_VRSN_TBL WHERE CD_ID = 'b401dd81-931c-4aad-8fd8-22a6ac2ea3dc' AND OBSLT_UTC IS NULL;
INSERT INTO CD_REF_TERM_ASSOC_TBL (REF_TERM_ID, CD_ID, EFFT_VRSN_SEQ_ID, REL_TYP_ID) SELECT '30c6a13b-9fb0-4986-84d6-8afff8fe4e02', 'bfe24b5d-9c32-4df3-ad7b-eaa19e7d4afb', VRSN_SEQ_ID, '2c4dafc2-566a-41ae-9ebc-3097d7d22f4a' FROM CD_VRSN_TBL WHERE CD_ID = 'bfe24b5d-9c32-4df3-ad7b-eaa19e7d4afb' AND OBSLT_UTC IS NULL;
INSERT INTO CD_REF_TERM_ASSOC_TBL (REF_TERM_ID, CD_ID, EFFT_VRSN_SEQ_ID, REL_TYP_ID) SELECT 'e1b8007e-2e65-4502-a5b8-b0d8e6242147', '02fbc345-1a25-4f78-aeea-a12584a1eec3', VRSN_SEQ_ID, '2c4dafc2-566a-41ae-9ebc-3097d7d22f4a' FROM CD_VRSN_TBL WHERE CD_ID = '02fbc345-1a25-4f78-aeea-a12584a1eec3' AND OBSLT_UTC IS NULL;
INSERT INTO CD_REF_TERM_ASSOC_TBL (REF_TERM_ID, CD_ID, EFFT_VRSN_SEQ_ID, REL_TYP_ID) SELECT 'f0fa827f-9de1-4199-9f4d-e90d69b3f24f', '528feb11-ae81-426a-be1f-ce74c83009eb', VRSN_SEQ_ID, '2c4dafc2-566a-41ae-9ebc-3097d7d22f4a' FROM CD_VRSN_TBL WHERE CD_ID = '528feb11-ae81-426a-be1f-ce74c83009eb' AND OBSLT_UTC IS NULL;
INSERT INTO CD_REF_TERM_ASSOC_TBL (REF_TERM_ID, CD_ID, EFFT_VRSN_SEQ_ID, REL_TYP_ID) SELECT '473e61b2-83f6-4114-89c6-d556846e45da', '48c59444-fec0-43b8-aa2c-7aedb70733ad', VRSN_SEQ_ID, '2c4dafc2-566a-41ae-9ebc-3097d7d22f4a' FROM CD_VRSN_TBL WHERE CD_ID = '48c59444-fec0-43b8-aa2c-7aedb70733ad' AND OBSLT_UTC IS NULL;
INSERT INTO CD_REF_TERM_ASSOC_TBL (REF_TERM_ID, CD_ID, EFFT_VRSN_SEQ_ID, REL_TYP_ID) SELECT 'c459c266-6e8f-4933-b39c-d55450f32341', 'b630ba2c-8a00-46d8-bf64-870d381d8917', VRSN_SEQ_ID, '2c4dafc2-566a-41ae-9ebc-3097d7d22f4a' FROM CD_VRSN_TBL WHERE CD_ID = 'b630ba2c-8a00-46d8-bf64-870d381d8917' AND OBSLT_UTC IS NULL;
INSERT INTO CD_REF_TERM_ASSOC_TBL (REF_TERM_ID, CD_ID, EFFT_VRSN_SEQ_ID, REL_TYP_ID) SELECT 'e043df5c-b5d9-44b6-bd4c-d4901accb63c', 'c33adda2-a4ed-4092-8d9c-b8e3fbd5d90b', VRSN_SEQ_ID, '2c4dafc2-566a-41ae-9ebc-3097d7d22f4a' FROM CD_VRSN_TBL WHERE CD_ID = 'c33adda2-a4ed-4092-8d9c-b8e3fbd5d90b' AND OBSLT_UTC IS NULL;
INSERT INTO CD_REF_TERM_ASSOC_TBL (REF_TERM_ID, CD_ID, EFFT_VRSN_SEQ_ID, REL_TYP_ID) SELECT 'aee1d6f8-878e-4209-88df-4e06d8a453a4', '3cb1993f-3703-453f-87be-21b606db7631', VRSN_SEQ_ID, '2c4dafc2-566a-41ae-9ebc-3097d7d22f4a' FROM CD_VRSN_TBL WHERE CD_ID = '3cb1993f-3703-453f-87be-21b606db7631' AND OBSLT_UTC IS NULL;
INSERT INTO CD_REF_TERM_ASSOC_TBL (REF_TERM_ID, CD_ID, EFFT_VRSN_SEQ_ID, REL_TYP_ID) SELECT '3554927b-357e-41cc-8034-1d25ccaf1f9c', 'f7a64463-bc75-44d4-a8ca-c9fbc2c87175', VRSN_SEQ_ID, '2c4dafc2-566a-41ae-9ebc-3097d7d22f4a' FROM CD_VRSN_TBL WHERE CD_ID = 'f7a64463-bc75-44d4-a8ca-c9fbc2c87175' AND OBSLT_UTC IS NULL;
INSERT INTO CD_REF_TERM_ASSOC_TBL (REF_TERM_ID, CD_ID, EFFT_VRSN_SEQ_ID, REL_TYP_ID) SELECT 'e7f76349-5953-4945-8a62-91781c612367', 'fa646df9-7d64-4d1f-ae9a-6261fd5fd6ae', VRSN_SEQ_ID, '2c4dafc2-566a-41ae-9ebc-3097d7d22f4a' FROM CD_VRSN_TBL WHERE CD_ID = 'fa646df9-7d64-4d1f-ae9a-6261fd5fd6ae' AND OBSLT_UTC IS NULL;
INSERT INTO CD_REF_TERM_ASSOC_TBL (REF_TERM_ID, CD_ID, EFFT_VRSN_SEQ_ID, REL_TYP_ID) SELECT '110c6e8f-a7c6-4695-8a3c-fb100b116920', '25cae2f2-d1ec-4efe-a92f-d479785f7d8a', VRSN_SEQ_ID, '2c4dafc2-566a-41ae-9ebc-3097d7d22f4a' FROM CD_VRSN_TBL WHERE CD_ID = '25cae2f2-d1ec-4efe-a92f-d479785f7d8a' AND OBSLT_UTC IS NULL;
INSERT INTO CD_REF_TERM_ASSOC_TBL (REF_TERM_ID, CD_ID, EFFT_VRSN_SEQ_ID, REL_TYP_ID) SELECT '825c4ed0-c877-4beb-b679-a5968b81e29f', '8452ecb9-d762-4c4a-96b2-81d130cb729b', VRSN_SEQ_ID, '2c4dafc2-566a-41ae-9ebc-3097d7d22f4a' FROM CD_VRSN_TBL WHERE CD_ID = '8452ecb9-d762-4c4a-96b2-81d130cb729b' AND OBSLT_UTC IS NULL;
INSERT INTO CD_REF_TERM_ASSOC_TBL (REF_TERM_ID, CD_ID, EFFT_VRSN_SEQ_ID, REL_TYP_ID) SELECT '3c5873bd-9014-4239-9062-4c2c1c3e852e', 'ce42c680-a783-4cde-bcd1-e261d6fd68a0', VRSN_SEQ_ID, '2c4dafc2-566a-41ae-9ebc-3097d7d22f4a' FROM CD_VRSN_TBL WHERE CD_ID = 'ce42c680-a783-4cde-bcd1-e261d6fd68a0' AND OBSLT_UTC IS NULL;
INSERT INTO CD_REF_TERM_ASSOC_TBL (REF_TERM_ID, CD_ID, EFFT_VRSN_SEQ_ID, REL_TYP_ID) SELECT 'c851390a-50ae-4a37-8ecf-6938b31d1620', '62aca44c-b57c-44fd-9703-fcdff97c04b6', VRSN_SEQ_ID, '2c4dafc2-566a-41ae-9ebc-3097d7d22f4a' FROM CD_VRSN_TBL WHERE CD_ID = '62aca44c-b57c-44fd-9703-fcdff97c04b6' AND OBSLT_UTC IS NULL;
INSERT INTO CD_REF_TERM_ASSOC_TBL (REF_TERM_ID, CD_ID, EFFT_VRSN_SEQ_ID, REL_TYP_ID) SELECT '8f27937b-75c1-4349-b641-e7d08b064a0e', '96ea355d-0c68-481f-8b6f-1b00a101ab8f', VRSN_SEQ_ID, '2c4dafc2-566a-41ae-9ebc-3097d7d22f4a' FROM CD_VRSN_TBL WHERE CD_ID = '96ea355d-0c68-481f-8b6f-1b00a101ab8f' AND OBSLT_UTC IS NULL;
INSERT INTO CD_REF_TERM_ASSOC_TBL (REF_TERM_ID, CD_ID, EFFT_VRSN_SEQ_ID, REL_TYP_ID) SELECT '436f5020-0473-4596-aa08-1ef19bedb905', 'd874cde5-7d76-4f1d-97e6-db7e82bac958', VRSN_SEQ_ID, '2c4dafc2-566a-41ae-9ebc-3097d7d22f4a' FROM CD_VRSN_TBL WHERE CD_ID = 'd874cde5-7d76-4f1d-97e6-db7e82bac958' AND OBSLT_UTC IS NULL;
INSERT INTO CD_REF_TERM_ASSOC_TBL (REF_TERM_ID, CD_ID, EFFT_VRSN_SEQ_ID, REL_TYP_ID) SELECT '55eefd51-0a82-418f-a3dd-80e1282313d2', 'abe6d0d1-4e37-4b7c-9acc-eedb2c36f9cd', VRSN_SEQ_ID, '2c4dafc2-566a-41ae-9ebc-3097d7d22f4a' FROM CD_VRSN_TBL WHERE CD_ID = 'abe6d0d1-4e37-4b7c-9acc-eedb2c36f9cd' AND OBSLT_UTC IS NULL;
INSERT INTO CD_REF_TERM_ASSOC_TBL (REF_TERM_ID, CD_ID, EFFT_VRSN_SEQ_ID, REL_TYP_ID) SELECT '995d9763-a0b1-4bc5-90aa-4656f3787116', 'fe4f72e6-84f8-4276-ae64-2ef1f2ff406f', VRSN_SEQ_ID, '2c4dafc2-566a-41ae-9ebc-3097d7d22f4a' FROM CD_VRSN_TBL WHERE CD_ID = 'fe4f72e6-84f8-4276-ae64-2ef1f2ff406f' AND OBSLT_UTC IS NULL;
INSERT INTO CD_REF_TERM_ASSOC_TBL (REF_TERM_ID, CD_ID, EFFT_VRSN_SEQ_ID, REL_TYP_ID) SELECT '3dcccb69-00f5-407a-b272-640342c4f625', '59bc87d3-1618-4f14-81d2-71072c1f37e9', VRSN_SEQ_ID, '2c4dafc2-566a-41ae-9ebc-3097d7d22f4a' FROM CD_VRSN_TBL WHERE CD_ID = '59bc87d3-1618-4f14-81d2-71072c1f37e9' AND OBSLT_UTC IS NULL;
INSERT INTO CD_REF_TERM_ASSOC_TBL (REF_TERM_ID, CD_ID, EFFT_VRSN_SEQ_ID, REL_TYP_ID) SELECT 'f99ad0cf-9a13-436d-88a8-c98255272ed0', '360f6a77-fdb5-4fb6-b223-3cd1047fd08e', VRSN_SEQ_ID, '2c4dafc2-566a-41ae-9ebc-3097d7d22f4a' FROM CD_VRSN_TBL WHERE CD_ID = '360f6a77-fdb5-4fb6-b223-3cd1047fd08e' AND OBSLT_UTC IS NULL;
INSERT INTO CD_REF_TERM_ASSOC_TBL (REF_TERM_ID, CD_ID, EFFT_VRSN_SEQ_ID, REL_TYP_ID) SELECT 'ea152fb7-1218-4bf0-87e4-5d88ec76f8a1', 'ea13832b-2e38-4bb6-b55d-ae749ccaba95', VRSN_SEQ_ID, '2c4dafc2-566a-41ae-9ebc-3097d7d22f4a' FROM CD_VRSN_TBL WHERE CD_ID = 'ea13832b-2e38-4bb6-b55d-ae749ccaba95' AND OBSLT_UTC IS NULL;
INSERT INTO CD_REF_TERM_ASSOC_TBL (REF_TERM_ID, CD_ID, EFFT_VRSN_SEQ_ID, REL_TYP_ID) SELECT 'cf1ea9c7-88c2-4a37-b3d1-ff54403aa9c9', '66e0dbd1-9065-4af8-808d-89edd302f264', VRSN_SEQ_ID, '2c4dafc2-566a-41ae-9ebc-3097d7d22f4a' FROM CD_VRSN_TBL WHERE CD_ID = '66e0dbd1-9065-4af8-808d-89edd302f264' AND OBSLT_UTC IS NULL;
INSERT INTO CD_REF_TERM_ASSOC_TBL (REF_TERM_ID, CD_ID, EFFT_VRSN_SEQ_ID, REL_TYP_ID) SELECT 'ece41d56-6915-4324-922c-f85178db8f65', '29ff64e5-b564-411a-92c7-6818c02a9e48', VRSN_SEQ_ID, '2c4dafc2-566a-41ae-9ebc-3097d7d22f4a' FROM CD_VRSN_TBL WHERE CD_ID = '29ff64e5-b564-411a-92c7-6818c02a9e48' AND OBSLT_UTC IS NULL;
INSERT INTO CD_REF_TERM_ASSOC_TBL (REF_TERM_ID, CD_ID, EFFT_VRSN_SEQ_ID, REL_TYP_ID) SELECT 'ba97f1f6-8a49-4788-8f54-4aa84bfc6139', 'f941988a-1c55-4408-ab57-e9ed35b2a24d', VRSN_SEQ_ID, '2c4dafc2-566a-41ae-9ebc-3097d7d22f4a' FROM CD_VRSN_TBL WHERE CD_ID = 'f941988a-1c55-4408-ab57-e9ed35b2a24d' AND OBSLT_UTC IS NULL;
INSERT INTO CD_REF_TERM_ASSOC_TBL (REF_TERM_ID, CD_ID, EFFT_VRSN_SEQ_ID, REL_TYP_ID) SELECT '5f675080-c748-4650-b4a1-4d798b324128', '4e299c46-f06f-4efc-b3c0-b7b659a120f2', VRSN_SEQ_ID, '2c4dafc2-566a-41ae-9ebc-3097d7d22f4a' FROM CD_VRSN_TBL WHERE CD_ID = '4e299c46-f06f-4efc-b3c0-b7b659a120f2' AND OBSLT_UTC IS NULL;
INSERT INTO CD_REF_TERM_ASSOC_TBL (REF_TERM_ID, CD_ID, EFFT_VRSN_SEQ_ID, REL_TYP_ID) SELECT 'b3e5d4ff-cdab-4a54-89dd-3721539313c2', 'daf11eb1-fcc2-4521-a1c0-daebaf0a923a', VRSN_SEQ_ID, '2c4dafc2-566a-41ae-9ebc-3097d7d22f4a' FROM CD_VRSN_TBL WHERE CD_ID = 'daf11eb1-fcc2-4521-a1c0-daebaf0a923a' AND OBSLT_UTC IS NULL;
INSERT INTO CD_REF_TERM_ASSOC_TBL (REF_TERM_ID, CD_ID, EFFT_VRSN_SEQ_ID, REL_TYP_ID) SELECT '86a693bb-f2f8-4f4a-a522-c06eb63eec3c', '80097e75-a232-4a9f-878f-7e60ec70f921', VRSN_SEQ_ID, '2c4dafc2-566a-41ae-9ebc-3097d7d22f4a' FROM CD_VRSN_TBL WHERE CD_ID = '80097e75-a232-4a9f-878f-7e60ec70f921' AND OBSLT_UTC IS NULL;
INSERT INTO CD_REF_TERM_ASSOC_TBL (REF_TERM_ID, CD_ID, EFFT_VRSN_SEQ_ID, REL_TYP_ID) SELECT '592802fb-5c5b-4519-975b-262454d669d5', '5c5af1d2-0e6d-458f-9574-3ad61c393a90', VRSN_SEQ_ID, '2c4dafc2-566a-41ae-9ebc-3097d7d22f4a' FROM CD_VRSN_TBL WHERE CD_ID = '5c5af1d2-0e6d-458f-9574-3ad61c393a90' AND OBSLT_UTC IS NULL;
INSERT INTO CD_REF_TERM_ASSOC_TBL (REF_TERM_ID, CD_ID, EFFT_VRSN_SEQ_ID, REL_TYP_ID) SELECT 'bff1c242-9767-43a6-bef0-28596435046c', '233d890b-04ef-4365-99ad-26cb4e1f75f3', VRSN_SEQ_ID, '2c4dafc2-566a-41ae-9ebc-3097d7d22f4a' FROM CD_VRSN_TBL WHERE CD_ID = '233d890b-04ef-4365-99ad-26cb4e1f75f3' AND OBSLT_UTC IS NULL;
INSERT INTO CD_REF_TERM_ASSOC_TBL (REF_TERM_ID, CD_ID, EFFT_VRSN_SEQ_ID, REL_TYP_ID) SELECT '0367c3d8-3453-4b9c-9589-60dd4ba6ae09', '8e88debc-d175-46f3-9b48-106f9c151cd2', VRSN_SEQ_ID, '2c4dafc2-566a-41ae-9ebc-3097d7d22f4a' FROM CD_VRSN_TBL WHERE CD_ID = '8e88debc-d175-46f3-9b48-106f9c151cd2' AND OBSLT_UTC IS NULL;
INSERT INTO CD_REF_TERM_ASSOC_TBL (REF_TERM_ID, CD_ID, EFFT_VRSN_SEQ_ID, REL_TYP_ID) SELECT 'd5a3874c-8145-4b44-980b-0c35a7e47aa5', '0a50962a-60b4-44d8-a7f6-1eb2aa5967cc', VRSN_SEQ_ID, '2c4dafc2-566a-41ae-9ebc-3097d7d22f4a' FROM CD_VRSN_TBL WHERE CD_ID = '0a50962a-60b4-44d8-a7f6-1eb2aa5967cc' AND OBSLT_UTC IS NULL;
INSERT INTO CD_REF_TERM_ASSOC_TBL (REF_TERM_ID, CD_ID, EFFT_VRSN_SEQ_ID, REL_TYP_ID) SELECT '5b1a7098-3da5-4877-880f-935d2ef73e15', 'a907e4d8-d823-478f-9c5a-6facae6b4b5b', VRSN_SEQ_ID, '2c4dafc2-566a-41ae-9ebc-3097d7d22f4a' FROM CD_VRSN_TBL WHERE CD_ID = 'a907e4d8-d823-478f-9c5a-6facae6b4b5b' AND OBSLT_UTC IS NULL;
INSERT INTO CD_REF_TERM_ASSOC_TBL (REF_TERM_ID, CD_ID, EFFT_VRSN_SEQ_ID, REL_TYP_ID) SELECT 'f11a352a-ca4b-42b1-b0dc-c2f3c04c8e29', '059d689a-2392-4ffb-b6ae-682c9ded8da2', VRSN_SEQ_ID, '2c4dafc2-566a-41ae-9ebc-3097d7d22f4a' FROM CD_VRSN_TBL WHERE CD_ID = '059d689a-2392-4ffb-b6ae-682c9ded8da2' AND OBSLT_UTC IS NULL;
INSERT INTO CD_REF_TERM_ASSOC_TBL (REF_TERM_ID, CD_ID, EFFT_VRSN_SEQ_ID, REL_TYP_ID) SELECT '1bec4c5f-ea04-4398-8a56-c18425de229e', 'e6851b39-a771-4a5e-8aa8-9ba140b3dca3', VRSN_SEQ_ID, '2c4dafc2-566a-41ae-9ebc-3097d7d22f4a' FROM CD_VRSN_TBL WHERE CD_ID = 'e6851b39-a771-4a5e-8aa8-9ba140b3dca3' AND OBSLT_UTC IS NULL;
INSERT INTO CD_REF_TERM_ASSOC_TBL (REF_TERM_ID, CD_ID, EFFT_VRSN_SEQ_ID, REL_TYP_ID) SELECT '9219dd59-27d4-405b-9536-07097d5e7b8f', '0b89fb65-ca8e-4a4d-9d25-0bae3f4d7a59', VRSN_SEQ_ID, '2c4dafc2-566a-41ae-9ebc-3097d7d22f4a' FROM CD_VRSN_TBL WHERE CD_ID = '0b89fb65-ca8e-4a4d-9d25-0bae3f4d7a59' AND OBSLT_UTC IS NULL;
INSERT INTO CD_REF_TERM_ASSOC_TBL (REF_TERM_ID, CD_ID, EFFT_VRSN_SEQ_ID, REL_TYP_ID) SELECT 'ce3377ec-f6fe-4469-9c2d-44e7a8b4fadd', '8ea21d7d-6ee9-449b-a1dc-c4aa0ff7f5b9', VRSN_SEQ_ID, '2c4dafc2-566a-41ae-9ebc-3097d7d22f4a' FROM CD_VRSN_TBL WHERE CD_ID = '8ea21d7d-6ee9-449b-a1dc-c4aa0ff7f5b9' AND OBSLT_UTC IS NULL;
INSERT INTO CD_REF_TERM_ASSOC_TBL (REF_TERM_ID, CD_ID, EFFT_VRSN_SEQ_ID, REL_TYP_ID) SELECT '1fa96925-2fc9-4f8c-8777-d355550928dc', '6a1e9e8b-d0c3-44f0-9906-a6458685e269', VRSN_SEQ_ID, '2c4dafc2-566a-41ae-9ebc-3097d7d22f4a' FROM CD_VRSN_TBL WHERE CD_ID = '6a1e9e8b-d0c3-44f0-9906-a6458685e269' AND OBSLT_UTC IS NULL;
INSERT INTO CD_REF_TERM_ASSOC_TBL (REF_TERM_ID, CD_ID, EFFT_VRSN_SEQ_ID, REL_TYP_ID) SELECT '978d9e11-ef5a-4c5a-835f-7bae6a1eb7ff', '60affe56-126d-43ee-9fde-5f117e41c7a8', VRSN_SEQ_ID, '2c4dafc2-566a-41ae-9ebc-3097d7d22f4a' FROM CD_VRSN_TBL WHERE CD_ID = '60affe56-126d-43ee-9fde-5f117e41c7a8' AND OBSLT_UTC IS NULL;
INSERT INTO CD_REF_TERM_ASSOC_TBL (REF_TERM_ID, CD_ID, EFFT_VRSN_SEQ_ID, REL_TYP_ID) SELECT '97342d87-19d9-4fed-84cc-98326864ccfe', '0aeec758-c20f-43e4-9789-8c44629f5941', VRSN_SEQ_ID, '2c4dafc2-566a-41ae-9ebc-3097d7d22f4a' FROM CD_VRSN_TBL WHERE CD_ID = '0aeec758-c20f-43e4-9789-8c44629f5941' AND OBSLT_UTC IS NULL;
INSERT INTO CD_REF_TERM_ASSOC_TBL (REF_TERM_ID, CD_ID, EFFT_VRSN_SEQ_ID, REL_TYP_ID) SELECT '24f4399c-4f90-4701-85f0-28cf4a46b141', '0fcba203-1238-4001-beb7-19a667506ade', VRSN_SEQ_ID, '2c4dafc2-566a-41ae-9ebc-3097d7d22f4a' FROM CD_VRSN_TBL WHERE CD_ID = '0fcba203-1238-4001-beb7-19a667506ade' AND OBSLT_UTC IS NULL;
INSERT INTO CD_REF_TERM_ASSOC_TBL (REF_TERM_ID, CD_ID, EFFT_VRSN_SEQ_ID, REL_TYP_ID) SELECT 'e9e03c6d-a93c-450a-8bcb-a09815e8bb11', '08a98950-3391-4a66-a1c8-421c6fd82911', VRSN_SEQ_ID, '2c4dafc2-566a-41ae-9ebc-3097d7d22f4a' FROM CD_VRSN_TBL WHERE CD_ID = '08a98950-3391-4a66-a1c8-421c6fd82911' AND OBSLT_UTC IS NULL;
INSERT INTO CD_REF_TERM_ASSOC_TBL (REF_TERM_ID, CD_ID, EFFT_VRSN_SEQ_ID, REL_TYP_ID) SELECT 'edc84a2b-e402-468f-9d4e-864a36b2c143', '2fd5c939-c508-4250-8efb-13b772e56b7f', VRSN_SEQ_ID, '2c4dafc2-566a-41ae-9ebc-3097d7d22f4a' FROM CD_VRSN_TBL WHERE CD_ID = '2fd5c939-c508-4250-8efb-13b772e56b7f' AND OBSLT_UTC IS NULL;
INSERT INTO CD_REF_TERM_ASSOC_TBL (REF_TERM_ID, CD_ID, EFFT_VRSN_SEQ_ID, REL_TYP_ID) SELECT '4f62efe5-2219-44b2-a347-65748d36560d', 'bfdb07db-9721-4ec3-94e1-4bd9f0d6985c', VRSN_SEQ_ID, '2c4dafc2-566a-41ae-9ebc-3097d7d22f4a' FROM CD_VRSN_TBL WHERE CD_ID = 'bfdb07db-9721-4ec3-94e1-4bd9f0d6985c' AND OBSLT_UTC IS NULL;
INSERT INTO CD_REF_TERM_ASSOC_TBL (REF_TERM_ID, CD_ID, EFFT_VRSN_SEQ_ID, REL_TYP_ID) SELECT '50b71872-6ff0-4c1a-8902-177cf765b264', 'a3d362a4-4931-4bef-af18-ac59dd092981', VRSN_SEQ_ID, '2c4dafc2-566a-41ae-9ebc-3097d7d22f4a' FROM CD_VRSN_TBL WHERE CD_ID = 'a3d362a4-4931-4bef-af18-ac59dd092981' AND OBSLT_UTC IS NULL;
INSERT INTO CD_REF_TERM_ASSOC_TBL (REF_TERM_ID, CD_ID, EFFT_VRSN_SEQ_ID, REL_TYP_ID) SELECT '80012f60-29d0-435e-a2e8-999e87c6d603', 'bfcbb345-86db-43ba-b47e-e7411276ac7c', VRSN_SEQ_ID, '2c4dafc2-566a-41ae-9ebc-3097d7d22f4a' FROM CD_VRSN_TBL WHERE CD_ID = 'bfcbb345-86db-43ba-b47e-e7411276ac7c' AND OBSLT_UTC IS NULL;
INSERT INTO CD_REF_TERM_ASSOC_TBL (REF_TERM_ID, CD_ID, EFFT_VRSN_SEQ_ID, REL_TYP_ID) SELECT 'a3e33a20-0051-4a3b-a66c-bf394ce77369', '5e2b0afe-724e-41cd-9be2-9030646f2529', VRSN_SEQ_ID, '2c4dafc2-566a-41ae-9ebc-3097d7d22f4a' FROM CD_VRSN_TBL WHERE CD_ID = '5e2b0afe-724e-41cd-9be2-9030646f2529' AND OBSLT_UTC IS NULL;
INSERT INTO CD_REF_TERM_ASSOC_TBL (REF_TERM_ID, CD_ID, EFFT_VRSN_SEQ_ID, REL_TYP_ID) SELECT '89e2ba5d-e125-4a03-8369-eacf75aa7741', '853c85de-4817-4328-a121-6a3bdafbf82e', VRSN_SEQ_ID, '2c4dafc2-566a-41ae-9ebc-3097d7d22f4a' FROM CD_VRSN_TBL WHERE CD_ID = '853c85de-4817-4328-a121-6a3bdafbf82e' AND OBSLT_UTC IS NULL;
INSERT INTO CD_REF_TERM_ASSOC_TBL (REF_TERM_ID, CD_ID, EFFT_VRSN_SEQ_ID, REL_TYP_ID) SELECT 'f81fdd52-10cb-4e15-8228-8db4b4b612a2', 'bbfac1ed-5464-4100-93c3-8685b052a2cf', VRSN_SEQ_ID, '2c4dafc2-566a-41ae-9ebc-3097d7d22f4a' FROM CD_VRSN_TBL WHERE CD_ID = 'bbfac1ed-5464-4100-93c3-8685b052a2cf' AND OBSLT_UTC IS NULL;
INSERT INTO CD_REF_TERM_ASSOC_TBL (REF_TERM_ID, CD_ID, EFFT_VRSN_SEQ_ID, REL_TYP_ID) SELECT '038f56a3-5169-4ef9-be2e-a1a439427f01', '685eb506-6b97-41c1-b201-b6b932a3f3aa', VRSN_SEQ_ID, '2c4dafc2-566a-41ae-9ebc-3097d7d22f4a' FROM CD_VRSN_TBL WHERE CD_ID = '685eb506-6b97-41c1-b201-b6b932a3f3aa' AND OBSLT_UTC IS NULL;
INSERT INTO CD_REF_TERM_ASSOC_TBL (REF_TERM_ID, CD_ID, EFFT_VRSN_SEQ_ID, REL_TYP_ID) SELECT '3430a356-8d2f-4de1-9aee-921cf64e45ff', 'fd892cf8-db4f-4e4e-a13b-4eb3bdde5be5', VRSN_SEQ_ID, '2c4dafc2-566a-41ae-9ebc-3097d7d22f4a' FROM CD_VRSN_TBL WHERE CD_ID = 'fd892cf8-db4f-4e4e-a13b-4eb3bdde5be5' AND OBSLT_UTC IS NULL;
INSERT INTO CD_REF_TERM_ASSOC_TBL (REF_TERM_ID, CD_ID, EFFT_VRSN_SEQ_ID, REL_TYP_ID) SELECT 'c94e83a7-a566-4fb4-bfc5-ef18434fc5d0', '2eab5298-bc83-492c-9004-ed3499246afe', VRSN_SEQ_ID, '2c4dafc2-566a-41ae-9ebc-3097d7d22f4a' FROM CD_VRSN_TBL WHERE CD_ID = '2eab5298-bc83-492c-9004-ed3499246afe' AND OBSLT_UTC IS NULL;
INSERT INTO CD_REF_TERM_ASSOC_TBL (REF_TERM_ID, CD_ID, EFFT_VRSN_SEQ_ID, REL_TYP_ID) SELECT '62cc7dd9-af57-4eb7-a425-667b631975a1', 'cd1e8904-31dc-4374-902d-c91f1de23c46', VRSN_SEQ_ID, '2c4dafc2-566a-41ae-9ebc-3097d7d22f4a' FROM CD_VRSN_TBL WHERE CD_ID = 'cd1e8904-31dc-4374-902d-c91f1de23c46' AND OBSLT_UTC IS NULL;
INSERT INTO CD_REF_TERM_ASSOC_TBL (REF_TERM_ID, CD_ID, EFFT_VRSN_SEQ_ID, REL_TYP_ID) SELECT '23da8443-94a4-4d25-b76e-5c02b380e081', 'dcae9718-ab81-4737-b071-36cf1175804d', VRSN_SEQ_ID, '2c4dafc2-566a-41ae-9ebc-3097d7d22f4a' FROM CD_VRSN_TBL WHERE CD_ID = 'dcae9718-ab81-4737-b071-36cf1175804d' AND OBSLT_UTC IS NULL;
INSERT INTO CD_REF_TERM_ASSOC_TBL (REF_TERM_ID, CD_ID, EFFT_VRSN_SEQ_ID, REL_TYP_ID) SELECT 'ca6bf75e-905b-4802-849c-e4be95fe97fc', '9f17d4cf-a67f-4ac6-8c50-718af6e264ee', VRSN_SEQ_ID, '2c4dafc2-566a-41ae-9ebc-3097d7d22f4a' FROM CD_VRSN_TBL WHERE CD_ID = '9f17d4cf-a67f-4ac6-8c50-718af6e264ee' AND OBSLT_UTC IS NULL;
INSERT INTO CD_REF_TERM_ASSOC_TBL (REF_TERM_ID, CD_ID, EFFT_VRSN_SEQ_ID, REL_TYP_ID) SELECT 'a70df556-dd53-4d03-9414-17a1aeedf2df', 'ce50ba92-cd21-43c4-8582-34e7fbb3170f', VRSN_SEQ_ID, '2c4dafc2-566a-41ae-9ebc-3097d7d22f4a' FROM CD_VRSN_TBL WHERE CD_ID = 'ce50ba92-cd21-43c4-8582-34e7fbb3170f' AND OBSLT_UTC IS NULL;
INSERT INTO CD_REF_TERM_ASSOC_TBL (REF_TERM_ID, CD_ID, EFFT_VRSN_SEQ_ID, REL_TYP_ID) SELECT '491f214d-a47f-4059-a340-ed7fc06d9920', 'f115c204-8485-4cf3-8815-3c6738465e30', VRSN_SEQ_ID, '2c4dafc2-566a-41ae-9ebc-3097d7d22f4a' FROM CD_VRSN_TBL WHERE CD_ID = 'f115c204-8485-4cf3-8815-3c6738465e30' AND OBSLT_UTC IS NULL;
INSERT INTO CD_REF_TERM_ASSOC_TBL (REF_TERM_ID, CD_ID, EFFT_VRSN_SEQ_ID, REL_TYP_ID) SELECT 'be4804b9-034a-4e0f-91ca-bfc74988b41b', 'decd6250-7e8b-4b77-895d-31953cf1387a', VRSN_SEQ_ID, '2c4dafc2-566a-41ae-9ebc-3097d7d22f4a' FROM CD_VRSN_TBL WHERE CD_ID = 'decd6250-7e8b-4b77-895d-31953cf1387a' AND OBSLT_UTC IS NULL;
INSERT INTO CD_REF_TERM_ASSOC_TBL (REF_TERM_ID, CD_ID, EFFT_VRSN_SEQ_ID, REL_TYP_ID) SELECT '4a9bef50-079b-47e1-b694-a3614ea6f71f', '34f7bc11-2288-471a-af38-553ae6b8410c', VRSN_SEQ_ID, '2c4dafc2-566a-41ae-9ebc-3097d7d22f4a' FROM CD_VRSN_TBL WHERE CD_ID = '34f7bc11-2288-471a-af38-553ae6b8410c' AND OBSLT_UTC IS NULL;
INSERT INTO CD_REF_TERM_ASSOC_TBL (REF_TERM_ID, CD_ID, EFFT_VRSN_SEQ_ID, REL_TYP_ID) SELECT 'f217f97f-bdc3-430e-b5de-086c2c52dbd0', '89bdc57b-d85c-4e85-94e8-c17049540a0d', VRSN_SEQ_ID, '2c4dafc2-566a-41ae-9ebc-3097d7d22f4a' FROM CD_VRSN_TBL WHERE CD_ID = '89bdc57b-d85c-4e85-94e8-c17049540a0d' AND OBSLT_UTC IS NULL;
INSERT INTO CD_REF_TERM_ASSOC_TBL (REF_TERM_ID, CD_ID, EFFT_VRSN_SEQ_ID, REL_TYP_ID) SELECT 'fabee839-47cd-4f16-9a1c-a6f66782fe0e', '5951097b-1a13-4bce-bbf2-9abf52f98dc8', VRSN_SEQ_ID, '2c4dafc2-566a-41ae-9ebc-3097d7d22f4a' FROM CD_VRSN_TBL WHERE CD_ID = '5951097b-1a13-4bce-bbf2-9abf52f98dc8' AND OBSLT_UTC IS NULL;
INSERT INTO CD_REF_TERM_ASSOC_TBL (REF_TERM_ID, CD_ID, EFFT_VRSN_SEQ_ID, REL_TYP_ID) SELECT '4e91efae-95ec-470d-86b2-a3a5202b651a', '4cdef917-4fb0-4cdf-b44d-b73486c41845', VRSN_SEQ_ID, '2c4dafc2-566a-41ae-9ebc-3097d7d22f4a' FROM CD_VRSN_TBL WHERE CD_ID = '4cdef917-4fb0-4cdf-b44d-b73486c41845' AND OBSLT_UTC IS NULL;
INSERT INTO CD_REF_TERM_ASSOC_TBL (REF_TERM_ID, CD_ID, EFFT_VRSN_SEQ_ID, REL_TYP_ID) SELECT '897e3c92-efb1-469b-8014-aca72b90ed3d', 'f71e193a-0562-46e9-99dd-437d23663ec3', VRSN_SEQ_ID, '2c4dafc2-566a-41ae-9ebc-3097d7d22f4a' FROM CD_VRSN_TBL WHERE CD_ID = 'f71e193a-0562-46e9-99dd-437d23663ec3' AND OBSLT_UTC IS NULL;
INSERT INTO CD_REF_TERM_ASSOC_TBL (REF_TERM_ID, CD_ID, EFFT_VRSN_SEQ_ID, REL_TYP_ID) SELECT '165ca910-6a2c-4fa2-b511-1d004de75a7b', 'bb437e4d-7472-48c1-a6e7-576545a782fa', VRSN_SEQ_ID, '2c4dafc2-566a-41ae-9ebc-3097d7d22f4a' FROM CD_VRSN_TBL WHERE CD_ID = 'bb437e4d-7472-48c1-a6e7-576545a782fa' AND OBSLT_UTC IS NULL;
INSERT INTO CD_REF_TERM_ASSOC_TBL (REF_TERM_ID, CD_ID, EFFT_VRSN_SEQ_ID, REL_TYP_ID) SELECT '465ab53f-616b-4231-8915-48dda5ee3f3b', '5a0539cc-093b-448e-aec6-0d529ed0087f', VRSN_SEQ_ID, '2c4dafc2-566a-41ae-9ebc-3097d7d22f4a' FROM CD_VRSN_TBL WHERE CD_ID = '5a0539cc-093b-448e-aec6-0d529ed0087f' AND OBSLT_UTC IS NULL;
INSERT INTO CD_REF_TERM_ASSOC_TBL (REF_TERM_ID, CD_ID, EFFT_VRSN_SEQ_ID, REL_TYP_ID) SELECT '3a68b733-a635-492f-bc39-558913c8b348', 'f172eee7-7f4b-4022-81d0-76393a1200ae', VRSN_SEQ_ID, '2c4dafc2-566a-41ae-9ebc-3097d7d22f4a' FROM CD_VRSN_TBL WHERE CD_ID = 'f172eee7-7f4b-4022-81d0-76393a1200ae' AND OBSLT_UTC IS NULL;
INSERT INTO CD_REF_TERM_ASSOC_TBL (REF_TERM_ID, CD_ID, EFFT_VRSN_SEQ_ID, REL_TYP_ID) SELECT '3bd8dd0c-dca1-4e54-a402-75193e75461d', '7e6bc25d-5dea-4645-af3d-aa854b7b6f2f', VRSN_SEQ_ID, '2c4dafc2-566a-41ae-9ebc-3097d7d22f4a' FROM CD_VRSN_TBL WHERE CD_ID = '7e6bc25d-5dea-4645-af3d-aa854b7b6f2f' AND OBSLT_UTC IS NULL;
INSERT INTO CD_REF_TERM_ASSOC_TBL (REF_TERM_ID, CD_ID, EFFT_VRSN_SEQ_ID, REL_TYP_ID) SELECT '8c4fb863-090c-4ea7-b315-faafb1718a3e', 'cb73d085-026c-4bc7-a1de-356bfd636246', VRSN_SEQ_ID, '2c4dafc2-566a-41ae-9ebc-3097d7d22f4a' FROM CD_VRSN_TBL WHERE CD_ID = 'cb73d085-026c-4bc7-a1de-356bfd636246' AND OBSLT_UTC IS NULL;
INSERT INTO CD_REF_TERM_ASSOC_TBL (REF_TERM_ID, CD_ID, EFFT_VRSN_SEQ_ID, REL_TYP_ID) SELECT 'd388f8e5-18ab-43d9-9184-7dd3502093b9', 'cfa978f4-140c-430d-82f8-1e6f2d74f48d', VRSN_SEQ_ID, '2c4dafc2-566a-41ae-9ebc-3097d7d22f4a' FROM CD_VRSN_TBL WHERE CD_ID = 'cfa978f4-140c-430d-82f8-1e6f2d74f48d' AND OBSLT_UTC IS NULL;
INSERT INTO CD_REF_TERM_ASSOC_TBL (REF_TERM_ID, CD_ID, EFFT_VRSN_SEQ_ID, REL_TYP_ID) SELECT 'b9fc7529-e47d-4980-a441-81f0392eabcb', 'cdd99260-107c-4a4e-acaf-d7c9c7e90fdd', VRSN_SEQ_ID, '2c4dafc2-566a-41ae-9ebc-3097d7d22f4a' FROM CD_VRSN_TBL WHERE CD_ID = 'cdd99260-107c-4a4e-acaf-d7c9c7e90fdd' AND OBSLT_UTC IS NULL;
INSERT INTO CD_REF_TERM_ASSOC_TBL (REF_TERM_ID, CD_ID, EFFT_VRSN_SEQ_ID, REL_TYP_ID) SELECT 'bdb39719-830b-4d78-b0b6-d76cb645695d', 'a3ff423e-81d5-4571-8edf-03c295189a23', VRSN_SEQ_ID, '2c4dafc2-566a-41ae-9ebc-3097d7d22f4a' FROM CD_VRSN_TBL WHERE CD_ID = 'a3ff423e-81d5-4571-8edf-03c295189a23' AND OBSLT_UTC IS NULL;
INSERT INTO CD_REF_TERM_ASSOC_TBL (REF_TERM_ID, CD_ID, EFFT_VRSN_SEQ_ID, REL_TYP_ID) SELECT '4e0814cf-f66f-400b-98aa-b69de7d24b99', '7ee5c1d2-1a21-41b1-8459-cb160fa36c60', VRSN_SEQ_ID, '2c4dafc2-566a-41ae-9ebc-3097d7d22f4a' FROM CD_VRSN_TBL WHERE CD_ID = '7ee5c1d2-1a21-41b1-8459-cb160fa36c60' AND OBSLT_UTC IS NULL;
INSERT INTO CD_REF_TERM_ASSOC_TBL (REF_TERM_ID, CD_ID, EFFT_VRSN_SEQ_ID, REL_TYP_ID) SELECT '8c35ec18-20f6-44ea-94db-2d209373a5d3', '71112058-63f9-4b38-97d9-4ccf58574e51', VRSN_SEQ_ID, '2c4dafc2-566a-41ae-9ebc-3097d7d22f4a' FROM CD_VRSN_TBL WHERE CD_ID = '71112058-63f9-4b38-97d9-4ccf58574e51' AND OBSLT_UTC IS NULL;
INSERT INTO CD_REF_TERM_ASSOC_TBL (REF_TERM_ID, CD_ID, EFFT_VRSN_SEQ_ID, REL_TYP_ID) SELECT 'fdc0a8e1-3241-4bbd-9390-32f2f30dfbb4', '12df3395-b43b-421e-b505-049515c228b1', VRSN_SEQ_ID, '2c4dafc2-566a-41ae-9ebc-3097d7d22f4a' FROM CD_VRSN_TBL WHERE CD_ID = '12df3395-b43b-421e-b505-049515c228b1' AND OBSLT_UTC IS NULL;
INSERT INTO CD_REF_TERM_ASSOC_TBL (REF_TERM_ID, CD_ID, EFFT_VRSN_SEQ_ID, REL_TYP_ID) SELECT '0f2f2fa4-6426-48c2-89a9-d406f8004a94', '8b071aec-9063-4398-b242-e561915abb51', VRSN_SEQ_ID, '2c4dafc2-566a-41ae-9ebc-3097d7d22f4a' FROM CD_VRSN_TBL WHERE CD_ID = '8b071aec-9063-4398-b242-e561915abb51' AND OBSLT_UTC IS NULL;
INSERT INTO CD_REF_TERM_ASSOC_TBL (REF_TERM_ID, CD_ID, EFFT_VRSN_SEQ_ID, REL_TYP_ID) SELECT '3acd1096-f64e-4275-a5b9-271e9a4eee28', '04321b6c-5b19-44a2-be7a-4a53a221a456', VRSN_SEQ_ID, '2c4dafc2-566a-41ae-9ebc-3097d7d22f4a' FROM CD_VRSN_TBL WHERE CD_ID = '04321b6c-5b19-44a2-be7a-4a53a221a456' AND OBSLT_UTC IS NULL;
INSERT INTO CD_REF_TERM_ASSOC_TBL (REF_TERM_ID, CD_ID, EFFT_VRSN_SEQ_ID, REL_TYP_ID) SELECT 'a48c8730-70e4-4f6c-bb4a-bf4a5aae0a20', 'b32962c3-eafa-4146-bbcd-0e33789de32c', VRSN_SEQ_ID, '2c4dafc2-566a-41ae-9ebc-3097d7d22f4a' FROM CD_VRSN_TBL WHERE CD_ID = 'b32962c3-eafa-4146-bbcd-0e33789de32c' AND OBSLT_UTC IS NULL;
INSERT INTO CD_REF_TERM_ASSOC_TBL (REF_TERM_ID, CD_ID, EFFT_VRSN_SEQ_ID, REL_TYP_ID) SELECT '52609c95-960d-45ec-8351-53e378ade473', '93c93d62-048d-4e64-a0ce-7f2f62a8ec6e', VRSN_SEQ_ID, '2c4dafc2-566a-41ae-9ebc-3097d7d22f4a' FROM CD_VRSN_TBL WHERE CD_ID = '93c93d62-048d-4e64-a0ce-7f2f62a8ec6e' AND OBSLT_UTC IS NULL;
INSERT INTO CD_REF_TERM_ASSOC_TBL (REF_TERM_ID, CD_ID, EFFT_VRSN_SEQ_ID, REL_TYP_ID) SELECT '539ae587-0ed7-446d-8e48-1b3735e6c423', '573a7fb8-fead-4bed-b325-c0fe68ce96ce', VRSN_SEQ_ID, '2c4dafc2-566a-41ae-9ebc-3097d7d22f4a' FROM CD_VRSN_TBL WHERE CD_ID = '573a7fb8-fead-4bed-b325-c0fe68ce96ce' AND OBSLT_UTC IS NULL;
INSERT INTO CD_REF_TERM_ASSOC_TBL (REF_TERM_ID, CD_ID, EFFT_VRSN_SEQ_ID, REL_TYP_ID) SELECT 'fb314812-1d33-414b-84b1-dd7b1a16d770', 'dc5e8411-cb3f-4b7f-8e0e-fc1d1ff3b084', VRSN_SEQ_ID, '2c4dafc2-566a-41ae-9ebc-3097d7d22f4a' FROM CD_VRSN_TBL WHERE CD_ID = 'dc5e8411-cb3f-4b7f-8e0e-fc1d1ff3b084' AND OBSLT_UTC IS NULL;
INSERT INTO CD_REF_TERM_ASSOC_TBL (REF_TERM_ID, CD_ID, EFFT_VRSN_SEQ_ID, REL_TYP_ID) SELECT '51b3ea54-7f54-4700-a9cd-69c2478d2e49', '1071d24e-6fe9-480f-8a20-b1825ae4d707', VRSN_SEQ_ID, '2c4dafc2-566a-41ae-9ebc-3097d7d22f4a' FROM CD_VRSN_TBL WHERE CD_ID = '1071d24e-6fe9-480f-8a20-b1825ae4d707' AND OBSLT_UTC IS NULL;
INSERT INTO CD_REF_TERM_ASSOC_TBL (REF_TERM_ID, CD_ID, EFFT_VRSN_SEQ_ID, REL_TYP_ID) SELECT '1bc2a587-a9d8-4577-81ce-9afa65921a19', '8cc5ef0d-3911-4d99-937f-6cfdc2a27d55', VRSN_SEQ_ID, '2c4dafc2-566a-41ae-9ebc-3097d7d22f4a' FROM CD_VRSN_TBL WHERE CD_ID = '8cc5ef0d-3911-4d99-937f-6cfdc2a27d55' AND OBSLT_UTC IS NULL;
INSERT INTO CD_REF_TERM_ASSOC_TBL (REF_TERM_ID, CD_ID, EFFT_VRSN_SEQ_ID, REL_TYP_ID) SELECT '67207706-263c-4c71-958a-e96b0a9aaa3d', '3b14a426-6337-4f2a-b83b-e6be7dbcd5a5', VRSN_SEQ_ID, '2c4dafc2-566a-41ae-9ebc-3097d7d22f4a' FROM CD_VRSN_TBL WHERE CD_ID = '3b14a426-6337-4f2a-b83b-e6be7dbcd5a5' AND OBSLT_UTC IS NULL;
INSERT INTO CD_REF_TERM_ASSOC_TBL (REF_TERM_ID, CD_ID, EFFT_VRSN_SEQ_ID, REL_TYP_ID) SELECT 'eb93e8af-e880-4684-a553-7651364cee4f', 'ec74541f-87c4-4327-a4b9-97f325501747', VRSN_SEQ_ID, '2c4dafc2-566a-41ae-9ebc-3097d7d22f4a' FROM CD_VRSN_TBL WHERE CD_ID = 'ec74541f-87c4-4327-a4b9-97f325501747' AND OBSLT_UTC IS NULL;
INSERT INTO CD_REF_TERM_ASSOC_TBL (REF_TERM_ID, CD_ID, EFFT_VRSN_SEQ_ID, REL_TYP_ID) SELECT '259cc454-a9ca-4032-89f5-af11a6c89653', 'e658ca72-3b6a-4099-ab6e-7cf6861a5b61', VRSN_SEQ_ID, '2c4dafc2-566a-41ae-9ebc-3097d7d22f4a' FROM CD_VRSN_TBL WHERE CD_ID = 'e658ca72-3b6a-4099-ab6e-7cf6861a5b61' AND OBSLT_UTC IS NULL;
INSERT INTO CD_REF_TERM_ASSOC_TBL (REF_TERM_ID, CD_ID, EFFT_VRSN_SEQ_ID, REL_TYP_ID) SELECT 'eb93e8af-e880-4684-a553-7651364cee4f', 'ec74541f-87c4-4327-a4b9-97f325501747', VRSN_SEQ_ID, '2c4dafc2-566a-41ae-9ebc-3097d7d22f4a' FROM CD_VRSN_TBL WHERE CD_ID = 'ec74541f-87c4-4327-a4b9-97f325501747' AND OBSLT_UTC IS NULL;
INSERT INTO CD_REF_TERM_ASSOC_TBL (REF_TERM_ID, CD_ID, EFFT_VRSN_SEQ_ID, REL_TYP_ID) SELECT 'd3d31050-5616-4271-baa9-75c1e7b61e7b', 'b389dedf-be61-456b-aa70-786e1a5a69e0', VRSN_SEQ_ID, '2c4dafc2-566a-41ae-9ebc-3097d7d22f4a' FROM CD_VRSN_TBL WHERE CD_ID = 'b389dedf-be61-456b-aa70-786e1a5a69e0' AND OBSLT_UTC IS NULL;
INSERT INTO CD_REF_TERM_ASSOC_TBL (REF_TERM_ID, CD_ID, EFFT_VRSN_SEQ_ID, REL_TYP_ID) SELECT '259cc454-a9ca-4032-89f5-af11a6c89653', 'e658ca72-3b6a-4099-ab6e-7cf6861a5b61', VRSN_SEQ_ID, '2c4dafc2-566a-41ae-9ebc-3097d7d22f4a' FROM CD_VRSN_TBL WHERE CD_ID = 'e658ca72-3b6a-4099-ab6e-7cf6861a5b61' AND OBSLT_UTC IS NULL;

-- Concept Reference Names
INSERT INTO REF_TERM_NAME_TBL (REF_TERM_ID, LANG_CS, TERM_NAME, CRT_USR_ID, PHON_ALG_ID) VALUES ('83aac30c-0df1-4fd0-abd7-d7fceb00e04c', 'en', 'left lateral decubitus', 'fadca076-3690-4a6e-af9e-f1cd68e8c7e8', '402CD339-D0E4-46CE-8FC2-12A4B0E17226');
INSERT INTO REF_TERM_NAME_TBL (REF_TERM_ID, LANG_CS, TERM_NAME, CRT_USR_ID, PHON_ALG_ID) VALUES ('8b48fe39-c489-42a8-8800-f2a97480c6af', 'en', 'prone', 'fadca076-3690-4a6e-af9e-f1cd68e8c7e8', '402CD339-D0E4-46CE-8FC2-12A4B0E17226');
INSERT INTO REF_TERM_NAME_TBL (REF_TERM_ID, LANG_CS, TERM_NAME, CRT_USR_ID, PHON_ALG_ID) VALUES ('36ae7fc5-f2ad-4f66-a00d-e4bce99cd4e1', 'en', 'right lateral decubitus', 'fadca076-3690-4a6e-af9e-f1cd68e8c7e8', '402CD339-D0E4-46CE-8FC2-12A4B0E17226');
INSERT INTO REF_TERM_NAME_TBL (REF_TERM_ID, LANG_CS, TERM_NAME, CRT_USR_ID, PHON_ALG_ID) VALUES ('2df19451-c5a3-415b-95e8-f1724bd840fb', 'en', 'Semi-Fowler''s', 'fadca076-3690-4a6e-af9e-f1cd68e8c7e8', '402CD339-D0E4-46CE-8FC2-12A4B0E17226');
INSERT INTO REF_TERM_NAME_TBL (REF_TERM_ID, LANG_CS, TERM_NAME, CRT_USR_ID, PHON_ALG_ID) VALUES ('d19c93b5-5364-4426-8171-081f7efcf115', 'en', 'sitting', 'fadca076-3690-4a6e-af9e-f1cd68e8c7e8', '402CD339-D0E4-46CE-8FC2-12A4B0E17226');
INSERT INTO REF_TERM_NAME_TBL (REF_TERM_ID, LANG_CS, TERM_NAME, CRT_USR_ID, PHON_ALG_ID) VALUES ('2630f5a3-649a-43d1-b039-20b06f55a222', 'en', 'standing', 'fadca076-3690-4a6e-af9e-f1cd68e8c7e8', '402CD339-D0E4-46CE-8FC2-12A4B0E17226');
INSERT INTO REF_TERM_NAME_TBL (REF_TERM_ID, LANG_CS, TERM_NAME, CRT_USR_ID, PHON_ALG_ID) VALUES ('fce8bdf3-12cd-4f04-a250-7e69f553347a', 'en', 'supine', 'fadca076-3690-4a6e-af9e-f1cd68e8c7e8', '402CD339-D0E4-46CE-8FC2-12A4B0E17226');
INSERT INTO REF_TERM_NAME_TBL (REF_TERM_ID, LANG_CS, TERM_NAME, CRT_USR_ID, PHON_ALG_ID) VALUES ('2adccb38-6ecf-4c42-8221-4dcff3ce4c69', 'en', 'reverse trendelenburg', 'fadca076-3690-4a6e-af9e-f1cd68e8c7e8', '402CD339-D0E4-46CE-8FC2-12A4B0E17226');
INSERT INTO REF_TERM_NAME_TBL (REF_TERM_ID, LANG_CS, TERM_NAME, CRT_USR_ID, PHON_ALG_ID) VALUES ('955cddc3-d4db-46be-9b04-1114fd41e424', 'en', 'trendelenburg', 'fadca076-3690-4a6e-af9e-f1cd68e8c7e8', '402CD339-D0E4-46CE-8FC2-12A4B0E17226');
INSERT INTO REF_TERM_NAME_TBL (REF_TERM_ID, LANG_CS, TERM_NAME, CRT_USR_ID, PHON_ALG_ID) VALUES ('de69f5eb-3ed9-46dd-b516-cd034085d7c5', 'en', 'overlay ROI', 'fadca076-3690-4a6e-af9e-f1cd68e8c7e8', '402CD339-D0E4-46CE-8FC2-12A4B0E17226');
INSERT INTO REF_TERM_NAME_TBL (REF_TERM_ID, LANG_CS, TERM_NAME, CRT_USR_ID, PHON_ALG_ID) VALUES ('cdb7f4cf-91fb-4af7-86b9-9d0d5363245b', 'en', 'ambulatory', 'fadca076-3690-4a6e-af9e-f1cd68e8c7e8', '402CD339-D0E4-46CE-8FC2-12A4B0E17226');
INSERT INTO REF_TERM_NAME_TBL (REF_TERM_ID, LANG_CS, TERM_NAME, CRT_USR_ID, PHON_ALG_ID) VALUES ('b7d419d0-f64a-4ab8-b0ec-94e961bcc7cb', 'en', 'emergency', 'fadca076-3690-4a6e-af9e-f1cd68e8c7e8', '402CD339-D0E4-46CE-8FC2-12A4B0E17226');
INSERT INTO REF_TERM_NAME_TBL (REF_TERM_ID, LANG_CS, TERM_NAME, CRT_USR_ID, PHON_ALG_ID) VALUES ('2da49834-3c58-45c6-9528-e0598cc692a3', 'en', 'field', 'fadca076-3690-4a6e-af9e-f1cd68e8c7e8', '402CD339-D0E4-46CE-8FC2-12A4B0E17226');
INSERT INTO REF_TERM_NAME_TBL (REF_TERM_ID, LANG_CS, TERM_NAME, CRT_USR_ID, PHON_ALG_ID) VALUES ('7cd92207-8263-43e0-b910-b660e1b0b111', 'en', 'home health', 'fadca076-3690-4a6e-af9e-f1cd68e8c7e8', '402CD339-D0E4-46CE-8FC2-12A4B0E17226');
INSERT INTO REF_TERM_NAME_TBL (REF_TERM_ID, LANG_CS, TERM_NAME, CRT_USR_ID, PHON_ALG_ID) VALUES ('64c4c372-d4d9-4bcc-9838-479e4bc14e96', 'en', 'inpatient encounter', 'fadca076-3690-4a6e-af9e-f1cd68e8c7e8', '402CD339-D0E4-46CE-8FC2-12A4B0E17226');
INSERT INTO REF_TERM_NAME_TBL (REF_TERM_ID, LANG_CS, TERM_NAME, CRT_USR_ID, PHON_ALG_ID) VALUES ('1121942c-5ca4-466f-8bf4-d060d1b13a7e', 'en', 'inpatient acute', 'fadca076-3690-4a6e-af9e-f1cd68e8c7e8', '402CD339-D0E4-46CE-8FC2-12A4B0E17226');
INSERT INTO REF_TERM_NAME_TBL (REF_TERM_ID, LANG_CS, TERM_NAME, CRT_USR_ID, PHON_ALG_ID) VALUES ('0cc77549-2e56-44bc-9c7e-e41119e2fc6e', 'en', 'inpatient non-acute', 'fadca076-3690-4a6e-af9e-f1cd68e8c7e8', '402CD339-D0E4-46CE-8FC2-12A4B0E17226');
INSERT INTO REF_TERM_NAME_TBL (REF_TERM_ID, LANG_CS, TERM_NAME, CRT_USR_ID, PHON_ALG_ID) VALUES ('baf12ffd-24d1-4d44-8bf8-888115e13e32', 'en', 'short stay', 'fadca076-3690-4a6e-af9e-f1cd68e8c7e8', '402CD339-D0E4-46CE-8FC2-12A4B0E17226');
INSERT INTO REF_TERM_NAME_TBL (REF_TERM_ID, LANG_CS, TERM_NAME, CRT_USR_ID, PHON_ALG_ID) VALUES ('15772372-5a16-4a89-95d9-19c710493c3f', 'en', 'virtual', 'fadca076-3690-4a6e-af9e-f1cd68e8c7e8', '402CD339-D0E4-46CE-8FC2-12A4B0E17226');
INSERT INTO REF_TERM_NAME_TBL (REF_TERM_ID, LANG_CS, TERM_NAME, CRT_USR_ID, PHON_ALG_ID) VALUES ('eb93e8af-e880-4684-a553-7651364cee4f', 'en', 'event (occurrence)', 'fadca076-3690-4a6e-af9e-f1cd68e8c7e8', '402CD339-D0E4-46CE-8FC2-12A4B0E17226');
INSERT INTO REF_TERM_NAME_TBL (REF_TERM_ID, LANG_CS, TERM_NAME, CRT_USR_ID, PHON_ALG_ID) VALUES ('a6f1b2c4-0b3f-49fa-87b3-cd9d3e2865e1', 'en', 'has component', 'fadca076-3690-4a6e-af9e-f1cd68e8c7e8', '402CD339-D0E4-46CE-8FC2-12A4B0E17226');
INSERT INTO REF_TERM_NAME_TBL (REF_TERM_ID, LANG_CS, TERM_NAME, CRT_USR_ID, PHON_ALG_ID) VALUES ('16ac17df-955e-4c1e-a1e7-77d60da3e5fd', 'en', 'arrival', 'fadca076-3690-4a6e-af9e-f1cd68e8c7e8', '402CD339-D0E4-46CE-8FC2-12A4B0E17226');
INSERT INTO REF_TERM_NAME_TBL (REF_TERM_ID, LANG_CS, TERM_NAME, CRT_USR_ID, PHON_ALG_ID) VALUES ('efba2a18-2a51-411f-a69c-ef6fcd86a8f4', 'en', 'has control variable', 'fadca076-3690-4a6e-af9e-f1cd68e8c7e8', '402CD339-D0E4-46CE-8FC2-12A4B0E17226');
INSERT INTO REF_TERM_NAME_TBL (REF_TERM_ID, LANG_CS, TERM_NAME, CRT_USR_ID, PHON_ALG_ID) VALUES ('22c7f32c-30e7-4e39-b027-be18d56c0d69', 'en', 'departure', 'fadca076-3690-4a6e-af9e-f1cd68e8c7e8', '402CD339-D0E4-46CE-8FC2-12A4B0E17226');
INSERT INTO REF_TERM_NAME_TBL (REF_TERM_ID, LANG_CS, TERM_NAME, CRT_USR_ID, PHON_ALG_ID) VALUES ('a41b04aa-21a2-4dc3-a1b0-63b6c1abb638', 'en', 'has pre-condition', 'fadca076-3690-4a6e-af9e-f1cd68e8c7e8', '402CD339-D0E4-46CE-8FC2-12A4B0E17226');
INSERT INTO REF_TERM_NAME_TBL (REF_TERM_ID, LANG_CS, TERM_NAME, CRT_USR_ID, PHON_ALG_ID) VALUES ('d820400c-d81c-42bc-8880-2bd8c96bb84c', 'en', 'REFV', 'fadca076-3690-4a6e-af9e-f1cd68e8c7e8', '402CD339-D0E4-46CE-8FC2-12A4B0E17226');
INSERT INTO REF_TERM_NAME_TBL (REF_TERM_ID, LANG_CS, TERM_NAME, CRT_USR_ID, PHON_ALG_ID) VALUES ('7e2a582a-6e75-440a-89a0-34762981052e', 'en', 'Argentine Peso', 'fadca076-3690-4a6e-af9e-f1cd68e8c7e8', '402CD339-D0E4-46CE-8FC2-12A4B0E17226');
INSERT INTO REF_TERM_NAME_TBL (REF_TERM_ID, LANG_CS, TERM_NAME, CRT_USR_ID, PHON_ALG_ID) VALUES ('c5883d98-e0e7-4dca-9a5d-0ec3b3f6cf62', 'en', 'Australian Dollar', 'fadca076-3690-4a6e-af9e-f1cd68e8c7e8', '402CD339-D0E4-46CE-8FC2-12A4B0E17226');
INSERT INTO REF_TERM_NAME_TBL (REF_TERM_ID, LANG_CS, TERM_NAME, CRT_USR_ID, PHON_ALG_ID) VALUES ('57312fe4-0ffc-4935-b957-da64de9c1f41', 'en', 'Brazilian Real', 'fadca076-3690-4a6e-af9e-f1cd68e8c7e8', '402CD339-D0E4-46CE-8FC2-12A4B0E17226');
INSERT INTO REF_TERM_NAME_TBL (REF_TERM_ID, LANG_CS, TERM_NAME, CRT_USR_ID, PHON_ALG_ID) VALUES ('c888fc8b-a2b5-405a-b6f5-997b92737cb0', 'en', 'Canadian Dollar', 'fadca076-3690-4a6e-af9e-f1cd68e8c7e8', '402CD339-D0E4-46CE-8FC2-12A4B0E17226');
INSERT INTO REF_TERM_NAME_TBL (REF_TERM_ID, LANG_CS, TERM_NAME, CRT_USR_ID, PHON_ALG_ID) VALUES ('02c89413-02df-4b0d-99a9-32ad4e8c6a36', 'en', 'Swiss Franc', 'fadca076-3690-4a6e-af9e-f1cd68e8c7e8', '402CD339-D0E4-46CE-8FC2-12A4B0E17226');
INSERT INTO REF_TERM_NAME_TBL (REF_TERM_ID, LANG_CS, TERM_NAME, CRT_USR_ID, PHON_ALG_ID) VALUES ('a65ac557-6bf0-4ca9-970c-97ffd1399800', 'en', 'Unidades de Formento', 'fadca076-3690-4a6e-af9e-f1cd68e8c7e8', '402CD339-D0E4-46CE-8FC2-12A4B0E17226');
INSERT INTO REF_TERM_NAME_TBL (REF_TERM_ID, LANG_CS, TERM_NAME, CRT_USR_ID, PHON_ALG_ID) VALUES ('94e95780-1911-4f67-98c3-1536e561962f', 'en', 'Yuan Renminbi', 'fadca076-3690-4a6e-af9e-f1cd68e8c7e8', '402CD339-D0E4-46CE-8FC2-12A4B0E17226');
INSERT INTO REF_TERM_NAME_TBL (REF_TERM_ID, LANG_CS, TERM_NAME, CRT_USR_ID, PHON_ALG_ID) VALUES ('08fd8ad2-d974-4179-8718-342341b0f498', 'en', 'Deutsche Mark', 'fadca076-3690-4a6e-af9e-f1cd68e8c7e8', '402CD339-D0E4-46CE-8FC2-12A4B0E17226');
INSERT INTO REF_TERM_NAME_TBL (REF_TERM_ID, LANG_CS, TERM_NAME, CRT_USR_ID, PHON_ALG_ID) VALUES ('cfcccba3-aad1-4685-9e0b-39f53b8da4bb', 'en', 'Spanish Peseta', 'fadca076-3690-4a6e-af9e-f1cd68e8c7e8', '402CD339-D0E4-46CE-8FC2-12A4B0E17226');
INSERT INTO REF_TERM_NAME_TBL (REF_TERM_ID, LANG_CS, TERM_NAME, CRT_USR_ID, PHON_ALG_ID) VALUES ('a74279d6-96f0-4cda-94a9-a3e233c58036', 'en', 'Euro', 'fadca076-3690-4a6e-af9e-f1cd68e8c7e8', '402CD339-D0E4-46CE-8FC2-12A4B0E17226');
INSERT INTO REF_TERM_NAME_TBL (REF_TERM_ID, LANG_CS, TERM_NAME, CRT_USR_ID, PHON_ALG_ID) VALUES ('230a62a1-05f1-4f83-8450-48dda67dcd69', 'en', 'Markka', 'fadca076-3690-4a6e-af9e-f1cd68e8c7e8', '402CD339-D0E4-46CE-8FC2-12A4B0E17226');
INSERT INTO REF_TERM_NAME_TBL (REF_TERM_ID, LANG_CS, TERM_NAME, CRT_USR_ID, PHON_ALG_ID) VALUES ('59b90a5a-a72a-4e1f-ae45-2073c357c5be', 'en', 'French Franc', 'fadca076-3690-4a6e-af9e-f1cd68e8c7e8', '402CD339-D0E4-46CE-8FC2-12A4B0E17226');
INSERT INTO REF_TERM_NAME_TBL (REF_TERM_ID, LANG_CS, TERM_NAME, CRT_USR_ID, PHON_ALG_ID) VALUES ('8ccd6a0d-4e2a-4b54-8045-2786eda31b46', 'en', 'Pound Sterling', 'fadca076-3690-4a6e-af9e-f1cd68e8c7e8', '402CD339-D0E4-46CE-8FC2-12A4B0E17226');
INSERT INTO REF_TERM_NAME_TBL (REF_TERM_ID, LANG_CS, TERM_NAME, CRT_USR_ID, PHON_ALG_ID) VALUES ('9da2deff-231f-41d4-a64a-0f4ca0d4e407', 'en', 'Shekel', 'fadca076-3690-4a6e-af9e-f1cd68e8c7e8', '402CD339-D0E4-46CE-8FC2-12A4B0E17226');
INSERT INTO REF_TERM_NAME_TBL (REF_TERM_ID, LANG_CS, TERM_NAME, CRT_USR_ID, PHON_ALG_ID) VALUES ('15fc312c-cb80-40e7-92ab-83a4ee511de4', 'en', 'Indian Rupee', 'fadca076-3690-4a6e-af9e-f1cd68e8c7e8', '402CD339-D0E4-46CE-8FC2-12A4B0E17226');
INSERT INTO REF_TERM_NAME_TBL (REF_TERM_ID, LANG_CS, TERM_NAME, CRT_USR_ID, PHON_ALG_ID) VALUES ('9333fcc0-fecd-413d-8007-5fcf555ede1a', 'en', 'Yen', 'fadca076-3690-4a6e-af9e-f1cd68e8c7e8', '402CD339-D0E4-46CE-8FC2-12A4B0E17226');
INSERT INTO REF_TERM_NAME_TBL (REF_TERM_ID, LANG_CS, TERM_NAME, CRT_USR_ID, PHON_ALG_ID) VALUES ('2cde2dbe-3f75-4549-9bd1-316b133428d9', 'en', 'Won', 'fadca076-3690-4a6e-af9e-f1cd68e8c7e8', '402CD339-D0E4-46CE-8FC2-12A4B0E17226');
INSERT INTO REF_TERM_NAME_TBL (REF_TERM_ID, LANG_CS, TERM_NAME, CRT_USR_ID, PHON_ALG_ID) VALUES ('24a617a5-a5eb-4c6a-8b91-90ba50366082', 'en', 'Mexican Nuevo Peso', 'fadca076-3690-4a6e-af9e-f1cd68e8c7e8', '402CD339-D0E4-46CE-8FC2-12A4B0E17226');
INSERT INTO REF_TERM_NAME_TBL (REF_TERM_ID, LANG_CS, TERM_NAME, CRT_USR_ID, PHON_ALG_ID) VALUES ('999c31b1-e279-4281-a2f0-48bb69af48d6', 'en', 'Netherlands Guilder', 'fadca076-3690-4a6e-af9e-f1cd68e8c7e8', '402CD339-D0E4-46CE-8FC2-12A4B0E17226');
INSERT INTO REF_TERM_NAME_TBL (REF_TERM_ID, LANG_CS, TERM_NAME, CRT_USR_ID, PHON_ALG_ID) VALUES ('22292ed4-8f63-46fb-94fb-eb028fc26282', 'en', 'New Zealand Dollar', 'fadca076-3690-4a6e-af9e-f1cd68e8c7e8', '402CD339-D0E4-46CE-8FC2-12A4B0E17226');
INSERT INTO REF_TERM_NAME_TBL (REF_TERM_ID, LANG_CS, TERM_NAME, CRT_USR_ID, PHON_ALG_ID) VALUES ('113236d8-e96c-49c1-8aba-e1ae73042287', 'en', 'Philippine Peso', 'fadca076-3690-4a6e-af9e-f1cd68e8c7e8', '402CD339-D0E4-46CE-8FC2-12A4B0E17226');
INSERT INTO REF_TERM_NAME_TBL (REF_TERM_ID, LANG_CS, TERM_NAME, CRT_USR_ID, PHON_ALG_ID) VALUES ('c2e7306d-2aea-436a-a36e-c74ec266b39b', 'en', 'Russian Ruble', 'fadca076-3690-4a6e-af9e-f1cd68e8c7e8', '402CD339-D0E4-46CE-8FC2-12A4B0E17226');
INSERT INTO REF_TERM_NAME_TBL (REF_TERM_ID, LANG_CS, TERM_NAME, CRT_USR_ID, PHON_ALG_ID) VALUES ('e202e081-5d3c-42a1-8efd-9f3e068eb87e', 'en', 'Baht', 'fadca076-3690-4a6e-af9e-f1cd68e8c7e8', '402CD339-D0E4-46CE-8FC2-12A4B0E17226');
INSERT INTO REF_TERM_NAME_TBL (REF_TERM_ID, LANG_CS, TERM_NAME, CRT_USR_ID, PHON_ALG_ID) VALUES ('4269be06-e554-4714-8381-287a0edbadbb', 'en', 'Lira', 'fadca076-3690-4a6e-af9e-f1cd68e8c7e8', '402CD339-D0E4-46CE-8FC2-12A4B0E17226');
INSERT INTO REF_TERM_NAME_TBL (REF_TERM_ID, LANG_CS, TERM_NAME, CRT_USR_ID, PHON_ALG_ID) VALUES ('4609e1fb-df75-4209-ac1e-70e14eb18c1e', 'en', 'Taiwan Dollar', 'fadca076-3690-4a6e-af9e-f1cd68e8c7e8', '402CD339-D0E4-46CE-8FC2-12A4B0E17226');
INSERT INTO REF_TERM_NAME_TBL (REF_TERM_ID, LANG_CS, TERM_NAME, CRT_USR_ID, PHON_ALG_ID) VALUES ('2018e5f4-fee1-40ec-a368-350da5fbf212', 'en', 'US Dollar', 'fadca076-3690-4a6e-af9e-f1cd68e8c7e8', '402CD339-D0E4-46CE-8FC2-12A4B0E17226');
INSERT INTO REF_TERM_NAME_TBL (REF_TERM_ID, LANG_CS, TERM_NAME, CRT_USR_ID, PHON_ALG_ID) VALUES ('73f4abdf-9d2a-491b-982e-8e683ff0abdc', 'en', 'Rand', 'fadca076-3690-4a6e-af9e-f1cd68e8c7e8', '402CD339-D0E4-46CE-8FC2-12A4B0E17226');
INSERT INTO REF_TERM_NAME_TBL (REF_TERM_ID, LANG_CS, TERM_NAME, CRT_USR_ID, PHON_ALG_ID) VALUES ('134b5597-e21a-4e98-8f44-97c5df2d4bd9', 'en', 'entity', 'fadca076-3690-4a6e-af9e-f1cd68e8c7e8', '402CD339-D0E4-46CE-8FC2-12A4B0E17226');
INSERT INTO REF_TERM_NAME_TBL (REF_TERM_ID, LANG_CS, TERM_NAME, CRT_USR_ID, PHON_ALG_ID) VALUES ('87f88600-45fe-4cd6-be2f-d52c69a33a42', 'en', 'health chart entity', 'fadca076-3690-4a6e-af9e-f1cd68e8c7e8', '402CD339-D0E4-46CE-8FC2-12A4B0E17226');
INSERT INTO REF_TERM_NAME_TBL (REF_TERM_ID, LANG_CS, TERM_NAME, CRT_USR_ID, PHON_ALG_ID) VALUES ('b2f28b5c-2f30-453f-971c-e0c55a15b3f5', 'en', 'living subject', 'fadca076-3690-4a6e-af9e-f1cd68e8c7e8', '402CD339-D0E4-46CE-8FC2-12A4B0E17226');
INSERT INTO REF_TERM_NAME_TBL (REF_TERM_ID, LANG_CS, TERM_NAME, CRT_USR_ID, PHON_ALG_ID) VALUES ('a12235e5-2361-45c5-8e4a-ab5947d7354d', 'en', 'non-person living subject', 'fadca076-3690-4a6e-af9e-f1cd68e8c7e8', '402CD339-D0E4-46CE-8FC2-12A4B0E17226');
INSERT INTO REF_TERM_NAME_TBL (REF_TERM_ID, LANG_CS, TERM_NAME, CRT_USR_ID, PHON_ALG_ID) VALUES ('47a3eb04-9f55-44ee-abb8-920649ec70cc', 'en', 'animal', 'fadca076-3690-4a6e-af9e-f1cd68e8c7e8', '402CD339-D0E4-46CE-8FC2-12A4B0E17226');
INSERT INTO REF_TERM_NAME_TBL (REF_TERM_ID, LANG_CS, TERM_NAME, CRT_USR_ID, PHON_ALG_ID) VALUES ('064be6eb-73c0-4df4-834b-5e40e4d8de55', 'en', 'microorganism', 'fadca076-3690-4a6e-af9e-f1cd68e8c7e8', '402CD339-D0E4-46CE-8FC2-12A4B0E17226');
INSERT INTO REF_TERM_NAME_TBL (REF_TERM_ID, LANG_CS, TERM_NAME, CRT_USR_ID, PHON_ALG_ID) VALUES ('13b395a2-7f2c-42a8-bf32-234429ffb424', 'en', 'plant', 'fadca076-3690-4a6e-af9e-f1cd68e8c7e8', '402CD339-D0E4-46CE-8FC2-12A4B0E17226');
INSERT INTO REF_TERM_NAME_TBL (REF_TERM_ID, LANG_CS, TERM_NAME, CRT_USR_ID, PHON_ALG_ID) VALUES ('381eac72-38a6-4904-9e6d-a5dcd499ed72', 'en', 'material', 'fadca076-3690-4a6e-af9e-f1cd68e8c7e8', '402CD339-D0E4-46CE-8FC2-12A4B0E17226');
INSERT INTO REF_TERM_NAME_TBL (REF_TERM_ID, LANG_CS, TERM_NAME, CRT_USR_ID, PHON_ALG_ID) VALUES ('187d4148-d9d8-4a0f-b642-ce17dbd9b8a4', 'en', 'chemical substance', 'fadca076-3690-4a6e-af9e-f1cd68e8c7e8', '402CD339-D0E4-46CE-8FC2-12A4B0E17226');
INSERT INTO REF_TERM_NAME_TBL (REF_TERM_ID, LANG_CS, TERM_NAME, CRT_USR_ID, PHON_ALG_ID) VALUES ('c0b026c0-e65f-47c8-8e05-2812a54516af', 'en', 'food', 'fadca076-3690-4a6e-af9e-f1cd68e8c7e8', '402CD339-D0E4-46CE-8FC2-12A4B0E17226');
INSERT INTO REF_TERM_NAME_TBL (REF_TERM_ID, LANG_CS, TERM_NAME, CRT_USR_ID, PHON_ALG_ID) VALUES ('a1d6f704-6f54-4ccf-a189-385b9014b4a9', 'en', 'holder', 'fadca076-3690-4a6e-af9e-f1cd68e8c7e8', '402CD339-D0E4-46CE-8FC2-12A4B0E17226');
INSERT INTO REF_TERM_NAME_TBL (REF_TERM_ID, LANG_CS, TERM_NAME, CRT_USR_ID, PHON_ALG_ID) VALUES ('763f65ac-9735-403d-8826-2d974ac0b371', 'en', 'certificate representation', 'fadca076-3690-4a6e-af9e-f1cd68e8c7e8', '402CD339-D0E4-46CE-8FC2-12A4B0E17226');
INSERT INTO REF_TERM_NAME_TBL (REF_TERM_ID, LANG_CS, TERM_NAME, CRT_USR_ID, PHON_ALG_ID) VALUES ('69bf72cc-d383-45c3-8335-eb8d709e8e58', 'en', 'imaging modality', 'fadca076-3690-4a6e-af9e-f1cd68e8c7e8', '402CD339-D0E4-46CE-8FC2-12A4B0E17226');
INSERT INTO REF_TERM_NAME_TBL (REF_TERM_ID, LANG_CS, TERM_NAME, CRT_USR_ID, PHON_ALG_ID) VALUES ('a05812c1-137b-449c-ad42-ec079cd353da', 'en', 'public institution', 'fadca076-3690-4a6e-af9e-f1cd68e8c7e8', '402CD339-D0E4-46CE-8FC2-12A4B0E17226');
INSERT INTO REF_TERM_NAME_TBL (REF_TERM_ID, LANG_CS, TERM_NAME, CRT_USR_ID, PHON_ALG_ID) VALUES ('53d79a52-fd69-4e10-8a90-7244299ca595', 'en', 'Nation', 'fadca076-3690-4a6e-af9e-f1cd68e8c7e8', '402CD339-D0E4-46CE-8FC2-12A4B0E17226');
INSERT INTO REF_TERM_NAME_TBL (REF_TERM_ID, LANG_CS, TERM_NAME, CRT_USR_ID, PHON_ALG_ID) VALUES ('b7c9f62d-54db-4b6e-8e55-dec103d4aa75', 'en', 'city or town', 'fadca076-3690-4a6e-af9e-f1cd68e8c7e8', '402CD339-D0E4-46CE-8FC2-12A4B0E17226');
INSERT INTO REF_TERM_NAME_TBL (REF_TERM_ID, LANG_CS, TERM_NAME, CRT_USR_ID, PHON_ALG_ID) VALUES ('3fe3ebc2-d0e2-49ea-bd2e-28b4bc4982b1', 'en', 'country', 'fadca076-3690-4a6e-af9e-f1cd68e8c7e8', '402CD339-D0E4-46CE-8FC2-12A4B0E17226');
INSERT INTO REF_TERM_NAME_TBL (REF_TERM_ID, LANG_CS, TERM_NAME, CRT_USR_ID, PHON_ALG_ID) VALUES ('78a9d9f6-b9c3-4ea7-8c74-2d689fca8f2a', 'en', 'county or parish', 'fadca076-3690-4a6e-af9e-f1cd68e8c7e8', '402CD339-D0E4-46CE-8FC2-12A4B0E17226');
INSERT INTO REF_TERM_NAME_TBL (REF_TERM_ID, LANG_CS, TERM_NAME, CRT_USR_ID, PHON_ALG_ID) VALUES ('e9d0f10e-6a79-4104-b5fc-e9d21ef1f9fd', 'en', 'state or province', 'fadca076-3690-4a6e-af9e-f1cd68e8c7e8', '402CD339-D0E4-46CE-8FC2-12A4B0E17226');
INSERT INTO REF_TERM_NAME_TBL (REF_TERM_ID, LANG_CS, TERM_NAME, CRT_USR_ID, PHON_ALG_ID) VALUES ('b8c01e74-19b1-4489-bd96-9e8c2ad44913', 'en', 'group', 'fadca076-3690-4a6e-af9e-f1cd68e8c7e8', '402CD339-D0E4-46CE-8FC2-12A4B0E17226');
INSERT INTO REF_TERM_NAME_TBL (REF_TERM_ID, LANG_CS, TERM_NAME, CRT_USR_ID, PHON_ALG_ID) VALUES ('d5204acd-3bf5-46b3-9ca2-f4fe64034311', 'en', 'specific', 'fadca076-3690-4a6e-af9e-f1cd68e8c7e8', '402CD339-D0E4-46CE-8FC2-12A4B0E17226');
INSERT INTO REF_TERM_NAME_TBL (REF_TERM_ID, LANG_CS, TERM_NAME, CRT_USR_ID, PHON_ALG_ID) VALUES ('25bc74a7-7ab1-4744-aedd-a08962d40021', 'en', 'described', 'fadca076-3690-4a6e-af9e-f1cd68e8c7e8', '402CD339-D0E4-46CE-8FC2-12A4B0E17226');
INSERT INTO REF_TERM_NAME_TBL (REF_TERM_ID, LANG_CS, TERM_NAME, CRT_USR_ID, PHON_ALG_ID) VALUES ('22e3932d-2df5-4313-a6f5-9a47c65075b1', 'en', 'described quantified', 'fadca076-3690-4a6e-af9e-f1cd68e8c7e8', '402CD339-D0E4-46CE-8FC2-12A4B0E17226');
INSERT INTO REF_TERM_NAME_TBL (REF_TERM_ID, LANG_CS, TERM_NAME, CRT_USR_ID, PHON_ALG_ID) VALUES ('c7358a21-d2cc-46d8-8fe9-87c794f72571', 'en', 'author (originator)', 'fadca076-3690-4a6e-af9e-f1cd68e8c7e8', '402CD339-D0E4-46CE-8FC2-12A4B0E17226');
INSERT INTO REF_TERM_NAME_TBL (REF_TERM_ID, LANG_CS, TERM_NAME, CRT_USR_ID, PHON_ALG_ID) VALUES ('11b99d82-95c7-4534-b22b-2201848e128b', 'en', 'informant', 'fadca076-3690-4a6e-af9e-f1cd68e8c7e8', '402CD339-D0E4-46CE-8FC2-12A4B0E17226');
INSERT INTO REF_TERM_NAME_TBL (REF_TERM_ID, LANG_CS, TERM_NAME, CRT_USR_ID, PHON_ALG_ID) VALUES ('2f18c510-1493-4764-b102-7881671586ed', 'en', 'admitter', 'fadca076-3690-4a6e-af9e-f1cd68e8c7e8', '402CD339-D0E4-46CE-8FC2-12A4B0E17226');
INSERT INTO REF_TERM_NAME_TBL (REF_TERM_ID, LANG_CS, TERM_NAME, CRT_USR_ID, PHON_ALG_ID) VALUES ('332f68b4-ab20-443d-a37d-f7d0ec5e44f5', 'en', 'attender', 'fadca076-3690-4a6e-af9e-f1cd68e8c7e8', '402CD339-D0E4-46CE-8FC2-12A4B0E17226');
INSERT INTO REF_TERM_NAME_TBL (REF_TERM_ID, LANG_CS, TERM_NAME, CRT_USR_ID, PHON_ALG_ID) VALUES ('1827607d-80b0-4ea1-9cf5-a4e4d57ee02a', 'en', 'callback contact', 'fadca076-3690-4a6e-af9e-f1cd68e8c7e8', '402CD339-D0E4-46CE-8FC2-12A4B0E17226');
INSERT INTO REF_TERM_NAME_TBL (REF_TERM_ID, LANG_CS, TERM_NAME, CRT_USR_ID, PHON_ALG_ID) VALUES ('33d57233-b119-4925-8235-170e30060ed7', 'en', 'consultant', 'fadca076-3690-4a6e-af9e-f1cd68e8c7e8', '402CD339-D0E4-46CE-8FC2-12A4B0E17226');
INSERT INTO REF_TERM_NAME_TBL (REF_TERM_ID, LANG_CS, TERM_NAME, CRT_USR_ID, PHON_ALG_ID) VALUES ('85721308-da99-4d46-aaa3-054f4576f15e', 'en', 'discharger', 'fadca076-3690-4a6e-af9e-f1cd68e8c7e8', '402CD339-D0E4-46CE-8FC2-12A4B0E17226');
INSERT INTO REF_TERM_NAME_TBL (REF_TERM_ID, LANG_CS, TERM_NAME, CRT_USR_ID, PHON_ALG_ID) VALUES ('eaba31f4-f772-447d-8e67-082e64cdc64f', 'en', 'escort', 'fadca076-3690-4a6e-af9e-f1cd68e8c7e8', '402CD339-D0E4-46CE-8FC2-12A4B0E17226');
INSERT INTO REF_TERM_NAME_TBL (REF_TERM_ID, LANG_CS, TERM_NAME, CRT_USR_ID, PHON_ALG_ID) VALUES ('ee1645a8-1d36-4a6a-a0b0-f262a4b1dff3', 'en', 'Participation', 'fadca076-3690-4a6e-af9e-f1cd68e8c7e8', '402CD339-D0E4-46CE-8FC2-12A4B0E17226');
INSERT INTO REF_TERM_NAME_TBL (REF_TERM_ID, LANG_CS, TERM_NAME, CRT_USR_ID, PHON_ALG_ID) VALUES ('d5977dd7-6ce5-4319-843d-870b83497029', 'en', 'referrer', 'fadca076-3690-4a6e-af9e-f1cd68e8c7e8', '402CD339-D0E4-46CE-8FC2-12A4B0E17226');
INSERT INTO REF_TERM_NAME_TBL (REF_TERM_ID, LANG_CS, TERM_NAME, CRT_USR_ID, PHON_ALG_ID) VALUES ('6d6392ac-cc7b-4bcf-af2f-49534dbd4d63', 'en', 'Transcriber', 'fadca076-3690-4a6e-af9e-f1cd68e8c7e8', '402CD339-D0E4-46CE-8FC2-12A4B0E17226');
INSERT INTO REF_TERM_NAME_TBL (REF_TERM_ID, LANG_CS, TERM_NAME, CRT_USR_ID, PHON_ALG_ID) VALUES ('4242797c-19a5-4ead-8987-54891b80ed26', 'en', 'witness', 'fadca076-3690-4a6e-af9e-f1cd68e8c7e8', '402CD339-D0E4-46CE-8FC2-12A4B0E17226');
INSERT INTO REF_TERM_NAME_TBL (REF_TERM_ID, LANG_CS, TERM_NAME, CRT_USR_ID, PHON_ALG_ID) VALUES ('f7ce8e5b-aa68-4458-a8ec-25d2b7cb26fb', 'en', 'baby', 'fadca076-3690-4a6e-af9e-f1cd68e8c7e8', '402CD339-D0E4-46CE-8FC2-12A4B0E17226');
INSERT INTO REF_TERM_NAME_TBL (REF_TERM_ID, LANG_CS, TERM_NAME, CRT_USR_ID, PHON_ALG_ID) VALUES ('e271da88-767b-4779-8534-4416029faed6', 'en', 'non-reuseable device', 'fadca076-3690-4a6e-af9e-f1cd68e8c7e8', '402CD339-D0E4-46CE-8FC2-12A4B0E17226');
INSERT INTO REF_TERM_NAME_TBL (REF_TERM_ID, LANG_CS, TERM_NAME, CRT_USR_ID, PHON_ALG_ID) VALUES ('95ecfb32-090b-40f8-b7d8-231525b4214f', 'en', 'reusable device', 'fadca076-3690-4a6e-af9e-f1cd68e8c7e8', '402CD339-D0E4-46CE-8FC2-12A4B0E17226');
INSERT INTO REF_TERM_NAME_TBL (REF_TERM_ID, LANG_CS, TERM_NAME, CRT_USR_ID, PHON_ALG_ID) VALUES ('41e9042a-f8e0-4bc9-89cc-64fa7cb0db7d', 'en', 'donor', 'fadca076-3690-4a6e-af9e-f1cd68e8c7e8', '402CD339-D0E4-46CE-8FC2-12A4B0E17226');
INSERT INTO REF_TERM_NAME_TBL (REF_TERM_ID, LANG_CS, TERM_NAME, CRT_USR_ID, PHON_ALG_ID) VALUES ('278988c2-bec3-4ad1-98a9-f66a3a38f6c9', 'en', 'ExposureAgent', 'fadca076-3690-4a6e-af9e-f1cd68e8c7e8', '402CD339-D0E4-46CE-8FC2-12A4B0E17226');
INSERT INTO REF_TERM_NAME_TBL (REF_TERM_ID, LANG_CS, TERM_NAME, CRT_USR_ID, PHON_ALG_ID) VALUES ('cdd00b51-3223-49f8-b8e2-31f213addc87', 'en', 'ExposureTarget', 'fadca076-3690-4a6e-af9e-f1cd68e8c7e8', '402CD339-D0E4-46CE-8FC2-12A4B0E17226');
INSERT INTO REF_TERM_NAME_TBL (REF_TERM_ID, LANG_CS, TERM_NAME, CRT_USR_ID, PHON_ALG_ID) VALUES ('6779b1f1-4e45-4aab-a5dc-cc746e953d73', 'en', 'ExposureSource', 'fadca076-3690-4a6e-af9e-f1cd68e8c7e8', '402CD339-D0E4-46CE-8FC2-12A4B0E17226');
INSERT INTO REF_TERM_NAME_TBL (REF_TERM_ID, LANG_CS, TERM_NAME, CRT_USR_ID, PHON_ALG_ID) VALUES ('0cf19f58-5bd8-4e54-a6ed-c261a3e0d322', 'en', 'beneficiary', 'fadca076-3690-4a6e-af9e-f1cd68e8c7e8', '402CD339-D0E4-46CE-8FC2-12A4B0E17226');
INSERT INTO REF_TERM_NAME_TBL (REF_TERM_ID, LANG_CS, TERM_NAME, CRT_USR_ID, PHON_ALG_ID) VALUES ('5eaafdf9-0d21-4074-9323-6ec92718dd84', 'en', 'causative agent', 'fadca076-3690-4a6e-af9e-f1cd68e8c7e8', '402CD339-D0E4-46CE-8FC2-12A4B0E17226');
INSERT INTO REF_TERM_NAME_TBL (REF_TERM_ID, LANG_CS, TERM_NAME, CRT_USR_ID, PHON_ALG_ID) VALUES ('18490620-c230-4ae4-a0b3-b680c1984ff3', 'en', 'coverage target', 'fadca076-3690-4a6e-af9e-f1cd68e8c7e8', '402CD339-D0E4-46CE-8FC2-12A4B0E17226');
INSERT INTO REF_TERM_NAME_TBL (REF_TERM_ID, LANG_CS, TERM_NAME, CRT_USR_ID, PHON_ALG_ID) VALUES ('4c82cc9e-b292-48a4-91c7-dac3df5e547c', 'en', 'guarantor party', 'fadca076-3690-4a6e-af9e-f1cd68e8c7e8', '402CD339-D0E4-46CE-8FC2-12A4B0E17226');
INSERT INTO REF_TERM_NAME_TBL (REF_TERM_ID, LANG_CS, TERM_NAME, CRT_USR_ID, PHON_ALG_ID) VALUES ('ca0124e4-dbd5-4756-a0bf-f7d84002570e', 'en', 'holder', 'fadca076-3690-4a6e-af9e-f1cd68e8c7e8', '402CD339-D0E4-46CE-8FC2-12A4B0E17226');
INSERT INTO REF_TERM_NAME_TBL (REF_TERM_ID, LANG_CS, TERM_NAME, CRT_USR_ID, PHON_ALG_ID) VALUES ('bdf6fee7-efd1-445b-bfbc-ba192be966d3', 'en', 'receiver', 'fadca076-3690-4a6e-af9e-f1cd68e8c7e8', '402CD339-D0E4-46CE-8FC2-12A4B0E17226');
INSERT INTO REF_TERM_NAME_TBL (REF_TERM_ID, LANG_CS, TERM_NAME, CRT_USR_ID, PHON_ALG_ID) VALUES ('1edfe367-b9d1-4e9c-bb95-83df6e2c20bc', 'en', 'ugent notification contact', 'fadca076-3690-4a6e-af9e-f1cd68e8c7e8', '402CD339-D0E4-46CE-8FC2-12A4B0E17226');
INSERT INTO REF_TERM_NAME_TBL (REF_TERM_ID, LANG_CS, TERM_NAME, CRT_USR_ID, PHON_ALG_ID) VALUES ('8856afda-0386-47d3-82a8-5c3f2cef89c7', 'en', 'primary information recipient', 'fadca076-3690-4a6e-af9e-f1cd68e8c7e8', '402CD339-D0E4-46CE-8FC2-12A4B0E17226');
INSERT INTO REF_TERM_NAME_TBL (REF_TERM_ID, LANG_CS, TERM_NAME, CRT_USR_ID, PHON_ALG_ID) VALUES ('4734e169-33e1-484d-81a4-125acbb701d3', 'en', 'Referred By', 'fadca076-3690-4a6e-af9e-f1cd68e8c7e8', '402CD339-D0E4-46CE-8FC2-12A4B0E17226');
INSERT INTO REF_TERM_NAME_TBL (REF_TERM_ID, LANG_CS, TERM_NAME, CRT_USR_ID, PHON_ALG_ID) VALUES ('d922fc47-1c04-49df-95bd-eb13305c315b', 'en', 'Referred to', 'fadca076-3690-4a6e-af9e-f1cd68e8c7e8', '402CD339-D0E4-46CE-8FC2-12A4B0E17226');
INSERT INTO REF_TERM_NAME_TBL (REF_TERM_ID, LANG_CS, TERM_NAME, CRT_USR_ID, PHON_ALG_ID) VALUES ('d8fbaad0-effe-4fe6-a47b-30daa4b40ae4', 'en', 'tracker', 'fadca076-3690-4a6e-af9e-f1cd68e8c7e8', '402CD339-D0E4-46CE-8FC2-12A4B0E17226');
INSERT INTO REF_TERM_NAME_TBL (REF_TERM_ID, LANG_CS, TERM_NAME, CRT_USR_ID, PHON_ALG_ID) VALUES ('3e852956-ae73-4712-8e2e-c69735297ac1', 'en', 'destination', 'fadca076-3690-4a6e-af9e-f1cd68e8c7e8', '402CD339-D0E4-46CE-8FC2-12A4B0E17226');
INSERT INTO REF_TERM_NAME_TBL (REF_TERM_ID, LANG_CS, TERM_NAME, CRT_USR_ID, PHON_ALG_ID) VALUES ('7230b7e1-153d-4739-b8e6-30c9dafb3514', 'en', 'entry location', 'fadca076-3690-4a6e-af9e-f1cd68e8c7e8', '402CD339-D0E4-46CE-8FC2-12A4B0E17226');
INSERT INTO REF_TERM_NAME_TBL (REF_TERM_ID, LANG_CS, TERM_NAME, CRT_USR_ID, PHON_ALG_ID) VALUES ('fba3674d-1a75-42bf-ac4f-a1d8e4591482', 'en', 'origin', 'fadca076-3690-4a6e-af9e-f1cd68e8c7e8', '402CD339-D0E4-46CE-8FC2-12A4B0E17226');
INSERT INTO REF_TERM_NAME_TBL (REF_TERM_ID, LANG_CS, TERM_NAME, CRT_USR_ID, PHON_ALG_ID) VALUES ('4b40a86a-356f-483c-88d5-0eb6f5029930', 'en', 'remote', 'fadca076-3690-4a6e-af9e-f1cd68e8c7e8', '402CD339-D0E4-46CE-8FC2-12A4B0E17226');
INSERT INTO REF_TERM_NAME_TBL (REF_TERM_ID, LANG_CS, TERM_NAME, CRT_USR_ID, PHON_ALG_ID) VALUES ('fb4ec5be-1e2d-44aa-baa6-171dbec94fc3', 'en', 'via', 'fadca076-3690-4a6e-af9e-f1cd68e8c7e8', '402CD339-D0E4-46CE-8FC2-12A4B0E17226');
INSERT INTO REF_TERM_NAME_TBL (REF_TERM_ID, LANG_CS, TERM_NAME, CRT_USR_ID, PHON_ALG_ID) VALUES ('864e68b3-c143-4b87-b408-56a258289dec', 'en', 'distributor', 'fadca076-3690-4a6e-af9e-f1cd68e8c7e8', '402CD339-D0E4-46CE-8FC2-12A4B0E17226');
INSERT INTO REF_TERM_NAME_TBL (REF_TERM_ID, LANG_CS, TERM_NAME, CRT_USR_ID, PHON_ALG_ID) VALUES ('ad0cc2e5-a1b0-4f00-8a06-933b1960d333', 'en', 'primary performer', 'fadca076-3690-4a6e-af9e-f1cd68e8c7e8', '402CD339-D0E4-46CE-8FC2-12A4B0E17226');
INSERT INTO REF_TERM_NAME_TBL (REF_TERM_ID, LANG_CS, TERM_NAME, CRT_USR_ID, PHON_ALG_ID) VALUES ('2a5db073-202e-4421-9207-60608da4c859', 'en', 'secondary performer', 'fadca076-3690-4a6e-af9e-f1cd68e8c7e8', '402CD339-D0E4-46CE-8FC2-12A4B0E17226');
INSERT INTO REF_TERM_NAME_TBL (REF_TERM_ID, LANG_CS, TERM_NAME, CRT_USR_ID, PHON_ALG_ID) VALUES ('67c0ef65-3ff8-4af2-b8f1-6ea961b67906', 'en', 'verifier', 'fadca076-3690-4a6e-af9e-f1cd68e8c7e8', '402CD339-D0E4-46CE-8FC2-12A4B0E17226');
INSERT INTO REF_TERM_NAME_TBL (REF_TERM_ID, LANG_CS, TERM_NAME, CRT_USR_ID, PHON_ALG_ID) VALUES ('e643f60a-8967-47d8-894e-44b231dbee8e', 'en', 'circle', 'fadca076-3690-4a6e-af9e-f1cd68e8c7e8', '402CD339-D0E4-46CE-8FC2-12A4B0E17226');
INSERT INTO REF_TERM_NAME_TBL (REF_TERM_ID, LANG_CS, TERM_NAME, CRT_USR_ID, PHON_ALG_ID) VALUES ('3d772089-587a-4c93-b7ee-aa43c4fc0985', 'en', 'ellipse', 'fadca076-3690-4a6e-af9e-f1cd68e8c7e8', '402CD339-D0E4-46CE-8FC2-12A4B0E17226');
INSERT INTO REF_TERM_NAME_TBL (REF_TERM_ID, LANG_CS, TERM_NAME, CRT_USR_ID, PHON_ALG_ID) VALUES ('86379a68-fd81-4567-b2cd-8b57d4035c03', 'en', 'point', 'fadca076-3690-4a6e-af9e-f1cd68e8c7e8', '402CD339-D0E4-46CE-8FC2-12A4B0E17226');
INSERT INTO REF_TERM_NAME_TBL (REF_TERM_ID, LANG_CS, TERM_NAME, CRT_USR_ID, PHON_ALG_ID) VALUES ('1318f9be-9571-464c-8eb7-96177b4e7fb9', 'en', 'polyline', 'fadca076-3690-4a6e-af9e-f1cd68e8c7e8', '402CD339-D0E4-46CE-8FC2-12A4B0E17226');
INSERT INTO REF_TERM_NAME_TBL (REF_TERM_ID, LANG_CS, TERM_NAME, CRT_USR_ID, PHON_ALG_ID) VALUES ('8b3b575a-eba2-454b-a087-805f5083b048', 'en', 'ASSIGNED', 'fadca076-3690-4a6e-af9e-f1cd68e8c7e8', '402CD339-D0E4-46CE-8FC2-12A4B0E17226');
INSERT INTO REF_TERM_NAME_TBL (REF_TERM_ID, LANG_CS, TERM_NAME, CRT_USR_ID, PHON_ALG_ID) VALUES ('8936fd76-58bd-42e8-9bf2-21fe275531b8', 'en', 'CON', 'fadca076-3690-4a6e-af9e-f1cd68e8c7e8', '402CD339-D0E4-46CE-8FC2-12A4B0E17226');
INSERT INTO REF_TERM_NAME_TBL (REF_TERM_ID, LANG_CS, TERM_NAME, CRT_USR_ID, PHON_ALG_ID) VALUES ('e2c9f647-eb48-4270-a7b8-77c1ae858bb0', 'en', 'affiliate', 'fadca076-3690-4a6e-af9e-f1cd68e8c7e8', '402CD339-D0E4-46CE-8FC2-12A4B0E17226');
INSERT INTO REF_TERM_NAME_TBL (REF_TERM_ID, LANG_CS, TERM_NAME, CRT_USR_ID, PHON_ALG_ID) VALUES ('1ecadba0-3665-414c-8566-54e5ea9de11c', 'en', 'agent', 'fadca076-3690-4a6e-af9e-f1cd68e8c7e8', '402CD339-D0E4-46CE-8FC2-12A4B0E17226');
INSERT INTO REF_TERM_NAME_TBL (REF_TERM_ID, LANG_CS, TERM_NAME, CRT_USR_ID, PHON_ALG_ID) VALUES ('9a6b3c58-e387-4d87-bc10-545eae914484', 'en', 'commissioning party', 'fadca076-3690-4a6e-af9e-f1cd68e8c7e8', '402CD339-D0E4-46CE-8FC2-12A4B0E17226');
INSERT INTO REF_TERM_NAME_TBL (REF_TERM_ID, LANG_CS, TERM_NAME, CRT_USR_ID, PHON_ALG_ID) VALUES ('c57da98d-d22a-449b-b0fa-315e52676275', 'en', 'signing authority or officer', 'fadca076-3690-4a6e-af9e-f1cd68e8c7e8', '402CD339-D0E4-46CE-8FC2-12A4B0E17226');
INSERT INTO REF_TERM_NAME_TBL (REF_TERM_ID, LANG_CS, TERM_NAME, CRT_USR_ID, PHON_ALG_ID) VALUES ('3f8b819a-5920-4315-a8dd-d6ae323999ac', 'en', 'emergency contact', 'fadca076-3690-4a6e-af9e-f1cd68e8c7e8', '402CD339-D0E4-46CE-8FC2-12A4B0E17226');
INSERT INTO REF_TERM_NAME_TBL (REF_TERM_ID, LANG_CS, TERM_NAME, CRT_USR_ID, PHON_ALG_ID) VALUES ('f0d2e84a-e637-490c-9ed7-d65d411d7c86', 'en', 'next of kin', 'fadca076-3690-4a6e-af9e-f1cd68e8c7e8', '402CD339-D0E4-46CE-8FC2-12A4B0E17226');
INSERT INTO REF_TERM_NAME_TBL (REF_TERM_ID, LANG_CS, TERM_NAME, CRT_USR_ID, PHON_ALG_ID) VALUES ('fa067e46-55b3-4b1e-909e-a8464dc77c64', 'en', 'guardian', 'fadca076-3690-4a6e-af9e-f1cd68e8c7e8', '402CD339-D0E4-46CE-8FC2-12A4B0E17226');
INSERT INTO REF_TERM_NAME_TBL (REF_TERM_ID, LANG_CS, TERM_NAME, CRT_USR_ID, PHON_ALG_ID) VALUES ('110695e0-f60a-4327-9ecd-e2462abaae67', 'en', 'citizen', 'fadca076-3690-4a6e-af9e-f1cd68e8c7e8', '402CD339-D0E4-46CE-8FC2-12A4B0E17226');
INSERT INTO REF_TERM_NAME_TBL (REF_TERM_ID, LANG_CS, TERM_NAME, CRT_USR_ID, PHON_ALG_ID) VALUES ('6ca03348-fb5f-42ba-a6cf-d453b36fcc94', 'en', 'covered party', 'fadca076-3690-4a6e-af9e-f1cd68e8c7e8', '402CD339-D0E4-46CE-8FC2-12A4B0E17226');
INSERT INTO REF_TERM_NAME_TBL (REF_TERM_ID, LANG_CS, TERM_NAME, CRT_USR_ID, PHON_ALG_ID) VALUES ('e0ff836c-ebee-4c08-9baf-fda73e900f4e', 'en', 'claimant', 'fadca076-3690-4a6e-af9e-f1cd68e8c7e8', '402CD339-D0E4-46CE-8FC2-12A4B0E17226');
INSERT INTO REF_TERM_NAME_TBL (REF_TERM_ID, LANG_CS, TERM_NAME, CRT_USR_ID, PHON_ALG_ID) VALUES ('fca0dda5-f132-4b2a-8b05-1feca58272c9', 'en', 'named insured', 'fadca076-3690-4a6e-af9e-f1cd68e8c7e8', '402CD339-D0E4-46CE-8FC2-12A4B0E17226');
INSERT INTO REF_TERM_NAME_TBL (REF_TERM_ID, LANG_CS, TERM_NAME, CRT_USR_ID, PHON_ALG_ID) VALUES ('0a4e2112-0d7e-40a0-8b77-b3b5dfac6c87', 'en', 'dependent', 'fadca076-3690-4a6e-af9e-f1cd68e8c7e8', '402CD339-D0E4-46CE-8FC2-12A4B0E17226');
INSERT INTO REF_TERM_NAME_TBL (REF_TERM_ID, LANG_CS, TERM_NAME, CRT_USR_ID, PHON_ALG_ID) VALUES ('342d57bc-87df-475d-85e3-04690e9901a0', 'en', 'individual', 'fadca076-3690-4a6e-af9e-f1cd68e8c7e8', '402CD339-D0E4-46CE-8FC2-12A4B0E17226');
INSERT INTO REF_TERM_NAME_TBL (REF_TERM_ID, LANG_CS, TERM_NAME, CRT_USR_ID, PHON_ALG_ID) VALUES ('662aa4be-a671-43ab-86fb-9ec88d87b07f', 'en', 'subscriber', 'fadca076-3690-4a6e-af9e-f1cd68e8c7e8', '402CD339-D0E4-46CE-8FC2-12A4B0E17226');
INSERT INTO REF_TERM_NAME_TBL (REF_TERM_ID, LANG_CS, TERM_NAME, CRT_USR_ID, PHON_ALG_ID) VALUES ('8bed4875-70f5-4301-b65e-55bb54ea6b93', 'en', 'program eligible', 'fadca076-3690-4a6e-af9e-f1cd68e8c7e8', '402CD339-D0E4-46CE-8FC2-12A4B0E17226');
INSERT INTO REF_TERM_NAME_TBL (REF_TERM_ID, LANG_CS, TERM_NAME, CRT_USR_ID, PHON_ALG_ID) VALUES ('90ef33da-42bf-402a-803c-5d8d366fe3a7', 'en', 'clinical research investigator', 'fadca076-3690-4a6e-af9e-f1cd68e8c7e8', '402CD339-D0E4-46CE-8FC2-12A4B0E17226');
INSERT INTO REF_TERM_NAME_TBL (REF_TERM_ID, LANG_CS, TERM_NAME, CRT_USR_ID, PHON_ALG_ID) VALUES ('c1f895d2-ef88-42cc-91c5-4ab2c80e0700', 'en', 'clinical research sponsor', 'fadca076-3690-4a6e-af9e-f1cd68e8c7e8', '402CD339-D0E4-46CE-8FC2-12A4B0E17226');
INSERT INTO REF_TERM_NAME_TBL (REF_TERM_ID, LANG_CS, TERM_NAME, CRT_USR_ID, PHON_ALG_ID) VALUES ('ee215548-b8c6-4b63-b47b-da29c4e23b5e', 'en', 'employee', 'fadca076-3690-4a6e-af9e-f1cd68e8c7e8', '402CD339-D0E4-46CE-8FC2-12A4B0E17226');
INSERT INTO REF_TERM_NAME_TBL (REF_TERM_ID, LANG_CS, TERM_NAME, CRT_USR_ID, PHON_ALG_ID) VALUES ('eb49a695-72b7-4a36-a64a-9a2560068f14', 'en', 'military person', 'fadca076-3690-4a6e-af9e-f1cd68e8c7e8', '402CD339-D0E4-46CE-8FC2-12A4B0E17226');
INSERT INTO REF_TERM_NAME_TBL (REF_TERM_ID, LANG_CS, TERM_NAME, CRT_USR_ID, PHON_ALG_ID) VALUES ('ccc12c7d-9f2b-450e-a29b-441c6262b1a2', 'en', 'guarantor', 'fadca076-3690-4a6e-af9e-f1cd68e8c7e8', '402CD339-D0E4-46CE-8FC2-12A4B0E17226');
INSERT INTO REF_TERM_NAME_TBL (REF_TERM_ID, LANG_CS, TERM_NAME, CRT_USR_ID, PHON_ALG_ID) VALUES ('d39e3305-f1b5-4340-a611-3a50423d3fe0', 'en', 'Investigation Subject', 'fadca076-3690-4a6e-af9e-f1cd68e8c7e8', '402CD339-D0E4-46CE-8FC2-12A4B0E17226');
INSERT INTO REF_TERM_NAME_TBL (REF_TERM_ID, LANG_CS, TERM_NAME, CRT_USR_ID, PHON_ALG_ID) VALUES ('ccfbf201-de03-40ee-8739-4f0f32b2b7c1', 'en', 'Case Subject', 'fadca076-3690-4a6e-af9e-f1cd68e8c7e8', '402CD339-D0E4-46CE-8FC2-12A4B0E17226');
INSERT INTO REF_TERM_NAME_TBL (REF_TERM_ID, LANG_CS, TERM_NAME, CRT_USR_ID, PHON_ALG_ID) VALUES ('2ec3092d-0090-421e-b01f-37fea0805f7e', 'en', 'research subject', 'fadca076-3690-4a6e-af9e-f1cd68e8c7e8', '402CD339-D0E4-46CE-8FC2-12A4B0E17226');
INSERT INTO REF_TERM_NAME_TBL (REF_TERM_ID, LANG_CS, TERM_NAME, CRT_USR_ID, PHON_ALG_ID) VALUES ('14b79963-aff8-46a8-98f3-065bd572b4d2', 'en', 'licensed entity', 'fadca076-3690-4a6e-af9e-f1cd68e8c7e8', '402CD339-D0E4-46CE-8FC2-12A4B0E17226');
INSERT INTO REF_TERM_NAME_TBL (REF_TERM_ID, LANG_CS, TERM_NAME, CRT_USR_ID, PHON_ALG_ID) VALUES ('38f6b214-ed35-4233-a262-71dd30e4a826', 'en', 'notary public', 'fadca076-3690-4a6e-af9e-f1cd68e8c7e8', '402CD339-D0E4-46CE-8FC2-12A4B0E17226');
INSERT INTO REF_TERM_NAME_TBL (REF_TERM_ID, LANG_CS, TERM_NAME, CRT_USR_ID, PHON_ALG_ID) VALUES ('6d4886c2-86a8-40b6-ac0a-46aeead4d060', 'en', 'healthcare provider', 'fadca076-3690-4a6e-af9e-f1cd68e8c7e8', '402CD339-D0E4-46CE-8FC2-12A4B0E17226');
INSERT INTO REF_TERM_NAME_TBL (REF_TERM_ID, LANG_CS, TERM_NAME, CRT_USR_ID, PHON_ALG_ID) VALUES ('266cdd72-5657-44f8-8109-432a43e368f4', 'en', 'patient', 'fadca076-3690-4a6e-af9e-f1cd68e8c7e8', '402CD339-D0E4-46CE-8FC2-12A4B0E17226');
INSERT INTO REF_TERM_NAME_TBL (REF_TERM_ID, LANG_CS, TERM_NAME, CRT_USR_ID, PHON_ALG_ID) VALUES ('85788bcc-c03c-4a29-8847-954f0c5988f2', 'en', 'payee', 'fadca076-3690-4a6e-af9e-f1cd68e8c7e8', '402CD339-D0E4-46CE-8FC2-12A4B0E17226');
INSERT INTO REF_TERM_NAME_TBL (REF_TERM_ID, LANG_CS, TERM_NAME, CRT_USR_ID, PHON_ALG_ID) VALUES ('0a37a1c5-0265-4579-a252-b040601905c0', 'en', 'invoice payor', 'fadca076-3690-4a6e-af9e-f1cd68e8c7e8', '402CD339-D0E4-46CE-8FC2-12A4B0E17226');
INSERT INTO REF_TERM_NAME_TBL (REF_TERM_ID, LANG_CS, TERM_NAME, CRT_USR_ID, PHON_ALG_ID) VALUES ('9299a99f-f92d-4af8-aac9-f1f14868a31a', 'en', 'policy holder', 'fadca076-3690-4a6e-af9e-f1cd68e8c7e8', '402CD339-D0E4-46CE-8FC2-12A4B0E17226');
INSERT INTO REF_TERM_NAME_TBL (REF_TERM_ID, LANG_CS, TERM_NAME, CRT_USR_ID, PHON_ALG_ID) VALUES ('4fd0f42e-45ae-49b9-bf0e-b8f1817aaac4', 'en', 'qualified entity', 'fadca076-3690-4a6e-af9e-f1cd68e8c7e8', '402CD339-D0E4-46CE-8FC2-12A4B0E17226');
INSERT INTO REF_TERM_NAME_TBL (REF_TERM_ID, LANG_CS, TERM_NAME, CRT_USR_ID, PHON_ALG_ID) VALUES ('0daf6c3e-5801-45d3-8792-eb8b1d172889', 'en', 'coverage sponsor', 'fadca076-3690-4a6e-af9e-f1cd68e8c7e8', '402CD339-D0E4-46CE-8FC2-12A4B0E17226');
INSERT INTO REF_TERM_NAME_TBL (REF_TERM_ID, LANG_CS, TERM_NAME, CRT_USR_ID, PHON_ALG_ID) VALUES ('fb832e06-e0fc-482c-a063-bc238f20802d', 'en', 'student', 'fadca076-3690-4a6e-af9e-f1cd68e8c7e8', '402CD339-D0E4-46CE-8FC2-12A4B0E17226');
INSERT INTO REF_TERM_NAME_TBL (REF_TERM_ID, LANG_CS, TERM_NAME, CRT_USR_ID, PHON_ALG_ID) VALUES ('284d75fc-7779-439f-8d7a-27a2537d688f', 'en', 'underwriter', 'fadca076-3690-4a6e-af9e-f1cd68e8c7e8', '402CD339-D0E4-46CE-8FC2-12A4B0E17226');
INSERT INTO REF_TERM_NAME_TBL (REF_TERM_ID, LANG_CS, TERM_NAME, CRT_USR_ID, PHON_ALG_ID) VALUES ('b30eb677-1dd2-4dd4-8d93-03104c814c44', 'en', 'access', 'fadca076-3690-4a6e-af9e-f1cd68e8c7e8', '402CD339-D0E4-46CE-8FC2-12A4B0E17226');
INSERT INTO REF_TERM_NAME_TBL (REF_TERM_ID, LANG_CS, TERM_NAME, CRT_USR_ID, PHON_ALG_ID) VALUES ('ba25f207-2539-4758-826f-94e18cd982ad', 'en', 'Administerable Material', 'fadca076-3690-4a6e-af9e-f1cd68e8c7e8', '402CD339-D0E4-46CE-8FC2-12A4B0E17226');
INSERT INTO REF_TERM_NAME_TBL (REF_TERM_ID, LANG_CS, TERM_NAME, CRT_USR_ID, PHON_ALG_ID) VALUES ('5ad438fb-96ea-49b6-8c2b-e4f8b19ae895', 'en', 'birthplace', 'fadca076-3690-4a6e-af9e-f1cd68e8c7e8', '402CD339-D0E4-46CE-8FC2-12A4B0E17226');
INSERT INTO REF_TERM_NAME_TBL (REF_TERM_ID, LANG_CS, TERM_NAME, CRT_USR_ID, PHON_ALG_ID) VALUES ('9ef1cd8c-1c7c-41f3-8f91-36bde9313507', 'en', 'caregiver', 'fadca076-3690-4a6e-af9e-f1cd68e8c7e8', '402CD339-D0E4-46CE-8FC2-12A4B0E17226');
INSERT INTO REF_TERM_NAME_TBL (REF_TERM_ID, LANG_CS, TERM_NAME, CRT_USR_ID, PHON_ALG_ID) VALUES ('7a02741e-a1cd-4a78-8e2c-d77be33ba8f0', 'en', 'place of death', 'fadca076-3690-4a6e-af9e-f1cd68e8c7e8', '402CD339-D0E4-46CE-8FC2-12A4B0E17226');
INSERT INTO REF_TERM_NAME_TBL (REF_TERM_ID, LANG_CS, TERM_NAME, CRT_USR_ID, PHON_ALG_ID) VALUES ('4be4ad81-0ac1-478b-b6d4-bcfb9ab822c0', 'en', 'distributed material', 'fadca076-3690-4a6e-af9e-f1cd68e8c7e8', '402CD339-D0E4-46CE-8FC2-12A4B0E17226');
INSERT INTO REF_TERM_NAME_TBL (REF_TERM_ID, LANG_CS, TERM_NAME, CRT_USR_ID, PHON_ALG_ID) VALUES ('c1787d5e-f168-48bf-9589-894b7813aa07', 'en', 'retailed material', 'fadca076-3690-4a6e-af9e-f1cd68e8c7e8', '402CD339-D0E4-46CE-8FC2-12A4B0E17226');
INSERT INTO REF_TERM_NAME_TBL (REF_TERM_ID, LANG_CS, TERM_NAME, CRT_USR_ID, PHON_ALG_ID) VALUES ('bbaacea3-9283-4d90-9f2c-6a6f32976858', 'en', 'exposed entity', 'fadca076-3690-4a6e-af9e-f1cd68e8c7e8', '402CD339-D0E4-46CE-8FC2-12A4B0E17226');
INSERT INTO REF_TERM_NAME_TBL (REF_TERM_ID, LANG_CS, TERM_NAME, CRT_USR_ID, PHON_ALG_ID) VALUES ('c070096f-6011-495e-9887-377221165dc7', 'en', 'held entity', 'fadca076-3690-4a6e-af9e-f1cd68e8c7e8', '402CD339-D0E4-46CE-8FC2-12A4B0E17226');
INSERT INTO REF_TERM_NAME_TBL (REF_TERM_ID, LANG_CS, TERM_NAME, CRT_USR_ID, PHON_ALG_ID) VALUES ('6385e2a7-8a69-4420-bb4b-5b8ad3243e8b', 'en', 'health chart', 'fadca076-3690-4a6e-af9e-f1cd68e8c7e8', '402CD339-D0E4-46CE-8FC2-12A4B0E17226');
INSERT INTO REF_TERM_NAME_TBL (REF_TERM_ID, LANG_CS, TERM_NAME, CRT_USR_ID, PHON_ALG_ID) VALUES ('778a328d-ce87-4897-b46b-d563c968b944', 'en', 'identified entity', 'fadca076-3690-4a6e-af9e-f1cd68e8c7e8', '402CD339-D0E4-46CE-8FC2-12A4B0E17226');
INSERT INTO REF_TERM_NAME_TBL (REF_TERM_ID, LANG_CS, TERM_NAME, CRT_USR_ID, PHON_ALG_ID) VALUES ('548a1fad-f5d5-4162-94a4-641d1885bb0e', 'en', 'manufactured product', 'fadca076-3690-4a6e-af9e-f1cd68e8c7e8', '402CD339-D0E4-46CE-8FC2-12A4B0E17226');
INSERT INTO REF_TERM_NAME_TBL (REF_TERM_ID, LANG_CS, TERM_NAME, CRT_USR_ID, PHON_ALG_ID) VALUES ('5cb86675-ade9-4c22-8ff7-071a8550a957', 'en', 'therapeutic agent', 'fadca076-3690-4a6e-af9e-f1cd68e8c7e8', '402CD339-D0E4-46CE-8FC2-12A4B0E17226');
INSERT INTO REF_TERM_NAME_TBL (REF_TERM_ID, LANG_CS, TERM_NAME, CRT_USR_ID, PHON_ALG_ID) VALUES ('c9796abf-f537-4b07-ab02-476c1948f2b8', 'en', 'maintained entity', 'fadca076-3690-4a6e-af9e-f1cd68e8c7e8', '402CD339-D0E4-46CE-8FC2-12A4B0E17226');
INSERT INTO REF_TERM_NAME_TBL (REF_TERM_ID, LANG_CS, TERM_NAME, CRT_USR_ID, PHON_ALG_ID) VALUES ('5286d9b4-4b77-4154-a3eb-cf40cd51f26c', 'en', 'owned entity', 'fadca076-3690-4a6e-af9e-f1cd68e8c7e8', '402CD339-D0E4-46CE-8FC2-12A4B0E17226');
INSERT INTO REF_TERM_NAME_TBL (REF_TERM_ID, LANG_CS, TERM_NAME, CRT_USR_ID, PHON_ALG_ID) VALUES ('ae48ba4f-a9ac-4f9b-bfa6-78d7921012fe', 'en', 'personal relationship', 'fadca076-3690-4a6e-af9e-f1cd68e8c7e8', '402CD339-D0E4-46CE-8FC2-12A4B0E17226');
INSERT INTO REF_TERM_NAME_TBL (REF_TERM_ID, LANG_CS, TERM_NAME, CRT_USR_ID, PHON_ALG_ID) VALUES ('9d7e751c-7169-4dc5-9d90-7c1d9b2643fa', 'en', 'regulated product', 'fadca076-3690-4a6e-af9e-f1cd68e8c7e8', '402CD339-D0E4-46CE-8FC2-12A4B0E17226');
INSERT INTO REF_TERM_NAME_TBL (REF_TERM_ID, LANG_CS, TERM_NAME, CRT_USR_ID, PHON_ALG_ID) VALUES ('4e7add04-ad21-4ae7-bccc-0a6424bd4701', 'en', 'service delivery location', 'fadca076-3690-4a6e-af9e-f1cd68e8c7e8', '402CD339-D0E4-46CE-8FC2-12A4B0E17226');
INSERT INTO REF_TERM_NAME_TBL (REF_TERM_ID, LANG_CS, TERM_NAME, CRT_USR_ID, PHON_ALG_ID) VALUES ('93863719-f048-4000-92d0-4d9fcb3a32f7', 'en', 'dedicated service delivery location', 'fadca076-3690-4a6e-af9e-f1cd68e8c7e8', '402CD339-D0E4-46CE-8FC2-12A4B0E17226');
INSERT INTO REF_TERM_NAME_TBL (REF_TERM_ID, LANG_CS, TERM_NAME, CRT_USR_ID, PHON_ALG_ID) VALUES ('872c2705-a17d-4ec4-b2ae-039b76a292a2', 'en', 'incidental service delivery location', 'fadca076-3690-4a6e-af9e-f1cd68e8c7e8', '402CD339-D0E4-46CE-8FC2-12A4B0E17226');
INSERT INTO REF_TERM_NAME_TBL (REF_TERM_ID, LANG_CS, TERM_NAME, CRT_USR_ID, PHON_ALG_ID) VALUES ('ed52ddd0-98e3-4b35-9136-8bbad2e4dab1', 'en', 'territory of authority', 'fadca076-3690-4a6e-af9e-f1cd68e8c7e8', '402CD339-D0E4-46CE-8FC2-12A4B0E17226');
INSERT INTO REF_TERM_NAME_TBL (REF_TERM_ID, LANG_CS, TERM_NAME, CRT_USR_ID, PHON_ALG_ID) VALUES ('0349d8ab-d5ea-43b8-9d04-92c24cfa04d4', 'en', 'used entity', 'fadca076-3690-4a6e-af9e-f1cd68e8c7e8', '402CD339-D0E4-46CE-8FC2-12A4B0E17226');
INSERT INTO REF_TERM_NAME_TBL (REF_TERM_ID, LANG_CS, TERM_NAME, CRT_USR_ID, PHON_ALG_ID) VALUES ('8160f62b-732f-434f-be24-dd5ff96c4ed3', 'en', 'warranted product', 'fadca076-3690-4a6e-af9e-f1cd68e8c7e8', '402CD339-D0E4-46CE-8FC2-12A4B0E17226');
INSERT INTO REF_TERM_NAME_TBL (REF_TERM_ID, LANG_CS, TERM_NAME, CRT_USR_ID, PHON_ALG_ID) VALUES ('ca290ed0-330c-49e7-a644-3e52728cfc0f', 'en', 'part', 'fadca076-3690-4a6e-af9e-f1cd68e8c7e8', '402CD339-D0E4-46CE-8FC2-12A4B0E17226');
INSERT INTO REF_TERM_NAME_TBL (REF_TERM_ID, LANG_CS, TERM_NAME, CRT_USR_ID, PHON_ALG_ID) VALUES ('9cc5465d-8617-4595-ab40-b3c2776451fd', 'en', 'active moiety', 'fadca076-3690-4a6e-af9e-f1cd68e8c7e8', '402CD339-D0E4-46CE-8FC2-12A4B0E17226');
INSERT INTO REF_TERM_NAME_TBL (REF_TERM_ID, LANG_CS, TERM_NAME, CRT_USR_ID, PHON_ALG_ID) VALUES ('5414f742-0854-4a0b-838d-772272fbbf1b', 'en', 'specimen', 'fadca076-3690-4a6e-af9e-f1cd68e8c7e8', '402CD339-D0E4-46CE-8FC2-12A4B0E17226');
INSERT INTO REF_TERM_NAME_TBL (REF_TERM_ID, LANG_CS, TERM_NAME, CRT_USR_ID, PHON_ALG_ID) VALUES ('2092fce9-9396-4651-81d6-e3a8a28a60d3', 'en', 'aliquot', 'fadca076-3690-4a6e-af9e-f1cd68e8c7e8', '402CD339-D0E4-46CE-8FC2-12A4B0E17226');
INSERT INTO REF_TERM_NAME_TBL (REF_TERM_ID, LANG_CS, TERM_NAME, CRT_USR_ID, PHON_ALG_ID) VALUES ('45d889e4-655c-46f4-9b9f-697bed99a221', 'en', 'isolate', 'fadca076-3690-4a6e-af9e-f1cd68e8c7e8', '402CD339-D0E4-46CE-8FC2-12A4B0E17226');
INSERT INTO REF_TERM_NAME_TBL (REF_TERM_ID, LANG_CS, TERM_NAME, CRT_USR_ID, PHON_ALG_ID) VALUES ('f7abb63f-2f58-4d3b-834c-0687fd07c401', 'en', 'ACCM', 'fadca076-3690-4a6e-af9e-f1cd68e8c7e8', '402CD339-D0E4-46CE-8FC2-12A4B0E17226');
INSERT INTO REF_TERM_NAME_TBL (REF_TERM_ID, LANG_CS, TERM_NAME, CRT_USR_ID, PHON_ALG_ID) VALUES ('81607aae-ece1-4bba-8cb3-d2a9f5d35067', 'en', 'act', 'fadca076-3690-4a6e-af9e-f1cd68e8c7e8', '402CD339-D0E4-46CE-8FC2-12A4B0E17226');
INSERT INTO REF_TERM_NAME_TBL (REF_TERM_ID, LANG_CS, TERM_NAME, CRT_USR_ID, PHON_ALG_ID) VALUES ('67207706-263c-4c71-958a-e96b0a9aaa3d', 'en', 'definition', 'fadca076-3690-4a6e-af9e-f1cd68e8c7e8', '402CD339-D0E4-46CE-8FC2-12A4B0E17226');
INSERT INTO REF_TERM_NAME_TBL (REF_TERM_ID, LANG_CS, TERM_NAME, CRT_USR_ID, PHON_ALG_ID) VALUES ('9c8b956b-ceac-49a7-bcd3-ea8a8b111b72', 'en', 'Goal', 'fadca076-3690-4a6e-af9e-f1cd68e8c7e8', '402CD339-D0E4-46CE-8FC2-12A4B0E17226');
INSERT INTO REF_TERM_NAME_TBL (REF_TERM_ID, LANG_CS, TERM_NAME, CRT_USR_ID, PHON_ALG_ID) VALUES ('ccb14398-0b75-40f4-b3f3-c7af49ef1518', 'en', 'intent', 'fadca076-3690-4a6e-af9e-f1cd68e8c7e8', '402CD339-D0E4-46CE-8FC2-12A4B0E17226');
INSERT INTO REF_TERM_NAME_TBL (REF_TERM_ID, LANG_CS, TERM_NAME, CRT_USR_ID, PHON_ALG_ID) VALUES ('6d3c7931-e873-47b7-9de7-2dea769e08a2', 'en', 'has reason', 'fadca076-3690-4a6e-af9e-f1cd68e8c7e8', '402CD339-D0E4-46CE-8FC2-12A4B0E17226');
INSERT INTO REF_TERM_NAME_TBL (REF_TERM_ID, LANG_CS, TERM_NAME, CRT_USR_ID, PHON_ALG_ID) VALUES ('f453d868-844e-4d65-ad77-0c6c15ea7291', 'en', 'starts after start of', 'fadca076-3690-4a6e-af9e-f1cd68e8c7e8', '402CD339-D0E4-46CE-8FC2-12A4B0E17226');
INSERT INTO REF_TERM_NAME_TBL (REF_TERM_ID, LANG_CS, TERM_NAME, CRT_USR_ID, PHON_ALG_ID) VALUES ('8d03dbb0-69e0-43cc-82fd-ad39e9154a2e', 'en', 'adjudicated with adjustments', 'fadca076-3690-4a6e-af9e-f1cd68e8c7e8', '402CD339-D0E4-46CE-8FC2-12A4B0E17226');
INSERT INTO REF_TERM_NAME_TBL (REF_TERM_ID, LANG_CS, TERM_NAME, CRT_USR_ID, PHON_ALG_ID) VALUES ('ebc2299c-2e0c-49f2-bacb-56284e0086dd', 'en', 'adjudicated with adjustments and no financial impact', 'fadca076-3690-4a6e-af9e-f1cd68e8c7e8', '402CD339-D0E4-46CE-8FC2-12A4B0E17226');
INSERT INTO REF_TERM_NAME_TBL (REF_TERM_ID, LANG_CS, TERM_NAME, CRT_USR_ID, PHON_ALG_ID) VALUES ('fe521c73-4e74-4d5a-a35d-0c51d404b3aa', 'en', 'adjudicated as refused', 'fadca076-3690-4a6e-af9e-f1cd68e8c7e8', '402CD339-D0E4-46CE-8FC2-12A4B0E17226');
INSERT INTO REF_TERM_NAME_TBL (REF_TERM_ID, LANG_CS, TERM_NAME, CRT_USR_ID, PHON_ALG_ID) VALUES ('c6e0672a-7872-4a0b-abca-12f6c512cea5', 'en', 'adjudicated as submitted', 'fadca076-3690-4a6e-af9e-f1cd68e8c7e8', '402CD339-D0E4-46CE-8FC2-12A4B0E17226');
INSERT INTO REF_TERM_NAME_TBL (REF_TERM_ID, LANG_CS, TERM_NAME, CRT_USR_ID, PHON_ALG_ID) VALUES ('04d1a312-46ae-46ab-ab2a-d10998fd91cc', 'en', 'Display', 'fadca076-3690-4a6e-af9e-f1cd68e8c7e8', '402CD339-D0E4-46CE-8FC2-12A4B0E17226');
INSERT INTO REF_TERM_NAME_TBL (REF_TERM_ID, LANG_CS, TERM_NAME, CRT_USR_ID, PHON_ALG_ID) VALUES ('29a3310f-e0fb-4ed9-a262-06a7d60f14d4', 'en', 'Print on Form', 'fadca076-3690-4a6e-af9e-f1cd68e8c7e8', '402CD339-D0E4-46CE-8FC2-12A4B0E17226');
INSERT INTO REF_TERM_NAME_TBL (REF_TERM_ID, LANG_CS, TERM_NAME, CRT_USR_ID, PHON_ALG_ID) VALUES ('dd2d9f32-71a1-415b-bde1-ed38cd92dec7', 'en', 'automobile', 'fadca076-3690-4a6e-af9e-f1cd68e8c7e8', '402CD339-D0E4-46CE-8FC2-12A4B0E17226');
INSERT INTO REF_TERM_NAME_TBL (REF_TERM_ID, LANG_CS, TERM_NAME, CRT_USR_ID, PHON_ALG_ID) VALUES ('197ac8d7-ce96-4d6d-adf6-514e5ce5c551', 'en', 'disease program', 'fadca076-3690-4a6e-af9e-f1cd68e8c7e8', '402CD339-D0E4-46CE-8FC2-12A4B0E17226');
INSERT INTO REF_TERM_NAME_TBL (REF_TERM_ID, LANG_CS, TERM_NAME, CRT_USR_ID, PHON_ALG_ID) VALUES ('ac512be2-ee9b-4be8-a77d-81907fefe6f8', 'en', 'collision coverage policy', 'fadca076-3690-4a6e-af9e-f1cd68e8c7e8', '402CD339-D0E4-46CE-8FC2-12A4B0E17226');
INSERT INTO REF_TERM_NAME_TBL (REF_TERM_ID, LANG_CS, TERM_NAME, CRT_USR_ID, PHON_ALG_ID) VALUES ('6d2fc3dc-401b-4dc9-92aa-f2223abd4ede', 'en', 'dental program', 'fadca076-3690-4a6e-af9e-f1cd68e8c7e8', '402CD339-D0E4-46CE-8FC2-12A4B0E17226');
INSERT INTO REF_TERM_NAME_TBL (REF_TERM_ID, LANG_CS, TERM_NAME, CRT_USR_ID, PHON_ALG_ID) VALUES ('53f71a94-b2bc-4b09-b9b9-6c0f5c006438', 'en', 'extended healthcare', 'fadca076-3690-4a6e-af9e-f1cd68e8c7e8', '402CD339-D0E4-46CE-8FC2-12A4B0E17226');
INSERT INTO REF_TERM_NAME_TBL (REF_TERM_ID, LANG_CS, TERM_NAME, CRT_USR_ID, PHON_ALG_ID) VALUES ('f765cd10-ab36-4baa-9241-8ff9c54f8cc4', 'en', 'end renal program', 'fadca076-3690-4a6e-af9e-f1cd68e8c7e8', '402CD339-D0E4-46CE-8FC2-12A4B0E17226');
INSERT INTO REF_TERM_NAME_TBL (REF_TERM_ID, LANG_CS, TERM_NAME, CRT_USR_ID, PHON_ALG_ID) VALUES ('18d8648c-09c1-461e-81a5-82d1aedfed8b', 'en', 'HIV-AIDS program', 'fadca076-3690-4a6e-af9e-f1cd68e8c7e8', '402CD339-D0E4-46CE-8FC2-12A4B0E17226');
INSERT INTO REF_TERM_NAME_TBL (REF_TERM_ID, LANG_CS, TERM_NAME, CRT_USR_ID, PHON_ALG_ID) VALUES ('8da500d6-a896-47e0-801d-9b25c0c021c7', 'en', 'health spending account', 'fadca076-3690-4a6e-af9e-f1cd68e8c7e8', '402CD339-D0E4-46CE-8FC2-12A4B0E17226');
INSERT INTO REF_TERM_NAME_TBL (REF_TERM_ID, LANG_CS, TERM_NAME, CRT_USR_ID, PHON_ALG_ID) VALUES ('f6155c7a-b295-4e94-b2b7-45c01f0de1a6', 'en', 'mandatory health program', 'fadca076-3690-4a6e-af9e-f1cd68e8c7e8', '402CD339-D0E4-46CE-8FC2-12A4B0E17226');
INSERT INTO REF_TERM_NAME_TBL (REF_TERM_ID, LANG_CS, TERM_NAME, CRT_USR_ID, PHON_ALG_ID) VALUES ('202a7cec-87c2-4d71-8ad8-e781b25e1504', 'en', 'mental health program', 'fadca076-3690-4a6e-af9e-f1cd68e8c7e8', '402CD339-D0E4-46CE-8FC2-12A4B0E17226');
INSERT INTO REF_TERM_NAME_TBL (REF_TERM_ID, LANG_CS, TERM_NAME, CRT_USR_ID, PHON_ALG_ID) VALUES ('42e2d90d-abe8-40de-bf90-0a2f6153a855', 'en', 'public healthcare', 'fadca076-3690-4a6e-af9e-f1cd68e8c7e8', '402CD339-D0E4-46CE-8FC2-12A4B0E17226');
INSERT INTO REF_TERM_NAME_TBL (REF_TERM_ID, LANG_CS, TERM_NAME, CRT_USR_ID, PHON_ALG_ID) VALUES ('a350c94b-5980-4c1f-8363-8664898c895d', 'en', 'safety net clinic program', 'fadca076-3690-4a6e-af9e-f1cd68e8c7e8', '402CD339-D0E4-46CE-8FC2-12A4B0E17226');
INSERT INTO REF_TERM_NAME_TBL (REF_TERM_ID, LANG_CS, TERM_NAME, CRT_USR_ID, PHON_ALG_ID) VALUES ('177f4c88-ea90-4401-8b96-e3b66f3d45f9', 'en', 'substance use program', 'fadca076-3690-4a6e-af9e-f1cd68e8c7e8', '402CD339-D0E4-46CE-8FC2-12A4B0E17226');
INSERT INTO REF_TERM_NAME_TBL (REF_TERM_ID, LANG_CS, TERM_NAME, CRT_USR_ID, PHON_ALG_ID) VALUES ('fb8fe134-f4a5-462b-9dc0-2d87589249ce', 'en', 'subsidized health program', 'fadca076-3690-4a6e-af9e-f1cd68e8c7e8', '402CD339-D0E4-46CE-8FC2-12A4B0E17226');
INSERT INTO REF_TERM_NAME_TBL (REF_TERM_ID, LANG_CS, TERM_NAME, CRT_USR_ID, PHON_ALG_ID) VALUES ('58b32723-e2a4-4531-8df5-3800b653389c', 'en', 'subsidized managed care program', 'fadca076-3690-4a6e-af9e-f1cd68e8c7e8', '402CD339-D0E4-46CE-8FC2-12A4B0E17226');
INSERT INTO REF_TERM_NAME_TBL (REF_TERM_ID, LANG_CS, TERM_NAME, CRT_USR_ID, PHON_ALG_ID) VALUES ('77b1ee28-3918-43fc-b3e9-28ec6a7f1d2f', 'en', 'subsidized supplemental health program', 'fadca076-3690-4a6e-af9e-f1cd68e8c7e8', '402CD339-D0E4-46CE-8FC2-12A4B0E17226');
INSERT INTO REF_TERM_NAME_TBL (REF_TERM_ID, LANG_CS, TERM_NAME, CRT_USR_ID, PHON_ALG_ID) VALUES ('7af06377-1a5b-4737-8e02-0c3855471086', 'en', 'uninsured motorist policy', 'fadca076-3690-4a6e-af9e-f1cd68e8c7e8', '402CD339-D0E4-46CE-8FC2-12A4B0E17226');
INSERT INTO REF_TERM_NAME_TBL (REF_TERM_ID, LANG_CS, TERM_NAME, CRT_USR_ID, PHON_ALG_ID) VALUES ('89c2bb65-45cb-4f04-82a7-ac16e2b3d547', 'en', 'worker''s compensation', 'fadca076-3690-4a6e-af9e-f1cd68e8c7e8', '402CD339-D0E4-46CE-8FC2-12A4B0E17226');
INSERT INTO REF_TERM_NAME_TBL (REF_TERM_ID, LANG_CS, TERM_NAME, CRT_USR_ID, PHON_ALG_ID) VALUES ('9a76d8a7-3a4e-4b54-9242-bd0456b95cbe', 'en', 'federal sales tax', 'fadca076-3690-4a6e-af9e-f1cd68e8c7e8', '402CD339-D0E4-46CE-8FC2-12A4B0E17226');
INSERT INTO REF_TERM_NAME_TBL (REF_TERM_ID, LANG_CS, TERM_NAME, CRT_USR_ID, PHON_ALG_ID) VALUES ('afc0155b-d2a7-4257-ade1-ba2b2071c231', 'en', 'harmonized sales Tax', 'fadca076-3690-4a6e-af9e-f1cd68e8c7e8', '402CD339-D0E4-46CE-8FC2-12A4B0E17226');
INSERT INTO REF_TERM_NAME_TBL (REF_TERM_ID, LANG_CS, TERM_NAME, CRT_USR_ID, PHON_ALG_ID) VALUES ('7903d460-1339-4c44-8017-c3191f14f664', 'en', 'provincial/state sales tax', 'fadca076-3690-4a6e-af9e-f1cd68e8c7e8', '402CD339-D0E4-46CE-8FC2-12A4B0E17226');
INSERT INTO REF_TERM_NAME_TBL (REF_TERM_ID, LANG_CS, TERM_NAME, CRT_USR_ID, PHON_ALG_ID) VALUES ('a4468ec4-243a-42d7-aebc-4d4908ece836', 'en', 'adjud. nullified prior-period electronic amount', 'fadca076-3690-4a6e-af9e-f1cd68e8c7e8', '402CD339-D0E4-46CE-8FC2-12A4B0E17226');
INSERT INTO REF_TERM_NAME_TBL (REF_TERM_ID, LANG_CS, TERM_NAME, CRT_USR_ID, PHON_ALG_ID) VALUES ('71e2b1dc-52f7-4154-8836-636818bd3eb5', 'en', 'adjud. nullified prior-period electronic count', 'fadca076-3690-4a6e-af9e-f1cd68e8c7e8', '402CD339-D0E4-46CE-8FC2-12A4B0E17226');
INSERT INTO REF_TERM_NAME_TBL (REF_TERM_ID, LANG_CS, TERM_NAME, CRT_USR_ID, PHON_ALG_ID) VALUES ('742fa676-159d-488a-9398-113d2fd4e5fd', 'en', 'adjud. nullified prior-period manual amount', 'fadca076-3690-4a6e-af9e-f1cd68e8c7e8', '402CD339-D0E4-46CE-8FC2-12A4B0E17226');
INSERT INTO REF_TERM_NAME_TBL (REF_TERM_ID, LANG_CS, TERM_NAME, CRT_USR_ID, PHON_ALG_ID) VALUES ('08e38be3-619d-4947-8bde-d79026cf0511', 'en', 'adjud. nullified prior-period manual count', 'fadca076-3690-4a6e-af9e-f1cd68e8c7e8', '402CD339-D0E4-46CE-8FC2-12A4B0E17226');
INSERT INTO REF_TERM_NAME_TBL (REF_TERM_ID, LANG_CS, TERM_NAME, CRT_USR_ID, PHON_ALG_ID) VALUES ('a7003d5c-40a4-454a-8fab-b6884b8c0abe', 'en', 'adjud. nullified same-period electronic amount', 'fadca076-3690-4a6e-af9e-f1cd68e8c7e8', '402CD339-D0E4-46CE-8FC2-12A4B0E17226');
INSERT INTO REF_TERM_NAME_TBL (REF_TERM_ID, LANG_CS, TERM_NAME, CRT_USR_ID, PHON_ALG_ID) VALUES ('5df735aa-b467-4a19-8ac9-52fedbb964d1', 'en', 'adjud. nullified same-period electronic count', 'fadca076-3690-4a6e-af9e-f1cd68e8c7e8', '402CD339-D0E4-46CE-8FC2-12A4B0E17226');
INSERT INTO REF_TERM_NAME_TBL (REF_TERM_ID, LANG_CS, TERM_NAME, CRT_USR_ID, PHON_ALG_ID) VALUES ('0d8fb68a-566e-4c68-b893-893ed8b4a737', 'en', 'adjud. nullified same-period manual amount', 'fadca076-3690-4a6e-af9e-f1cd68e8c7e8', '402CD339-D0E4-46CE-8FC2-12A4B0E17226');
INSERT INTO REF_TERM_NAME_TBL (REF_TERM_ID, LANG_CS, TERM_NAME, CRT_USR_ID, PHON_ALG_ID) VALUES ('305ac977-4630-4120-a558-909acf65e5d3', 'en', 'adjud. nullified same-period manual count', 'fadca076-3690-4a6e-af9e-f1cd68e8c7e8', '402CD339-D0E4-46CE-8FC2-12A4B0E17226');
INSERT INTO REF_TERM_NAME_TBL (REF_TERM_ID, LANG_CS, TERM_NAME, CRT_USR_ID, PHON_ALG_ID) VALUES ('33c3da27-f665-40f1-b510-667600259efc', 'en', 'adjud. non-payee payable prior-period electronic amount', 'fadca076-3690-4a6e-af9e-f1cd68e8c7e8', '402CD339-D0E4-46CE-8FC2-12A4B0E17226');
INSERT INTO REF_TERM_NAME_TBL (REF_TERM_ID, LANG_CS, TERM_NAME, CRT_USR_ID, PHON_ALG_ID) VALUES ('b74d1bcc-3dd5-4160-9dbb-5fa8d2ca0694', 'en', 'adjud. non-payee payable prior-period electronic count', 'fadca076-3690-4a6e-af9e-f1cd68e8c7e8', '402CD339-D0E4-46CE-8FC2-12A4B0E17226');
INSERT INTO REF_TERM_NAME_TBL (REF_TERM_ID, LANG_CS, TERM_NAME, CRT_USR_ID, PHON_ALG_ID) VALUES ('e51dbd55-21a7-4bf4-80d8-9c5dbcc1d332', 'en', 'adjud. non-payee payable prior-period manual amount', 'fadca076-3690-4a6e-af9e-f1cd68e8c7e8', '402CD339-D0E4-46CE-8FC2-12A4B0E17226');
INSERT INTO REF_TERM_NAME_TBL (REF_TERM_ID, LANG_CS, TERM_NAME, CRT_USR_ID, PHON_ALG_ID) VALUES ('1d549605-2811-4a5a-a0eb-c8789910dd2f', 'en', 'adjud. non-payee payable prior-period manual count', 'fadca076-3690-4a6e-af9e-f1cd68e8c7e8', '402CD339-D0E4-46CE-8FC2-12A4B0E17226');
INSERT INTO REF_TERM_NAME_TBL (REF_TERM_ID, LANG_CS, TERM_NAME, CRT_USR_ID, PHON_ALG_ID) VALUES ('9a0aee14-03b0-42a6-90fa-4347776349f6', 'en', 'adjud. non-payee payable same-period electronic amount', 'fadca076-3690-4a6e-af9e-f1cd68e8c7e8', '402CD339-D0E4-46CE-8FC2-12A4B0E17226');
INSERT INTO REF_TERM_NAME_TBL (REF_TERM_ID, LANG_CS, TERM_NAME, CRT_USR_ID, PHON_ALG_ID) VALUES ('5a2f6675-71a4-460b-b3fc-b868f06552d7', 'en', 'adjud. non-payee payable same-period electronic count', 'fadca076-3690-4a6e-af9e-f1cd68e8c7e8', '402CD339-D0E4-46CE-8FC2-12A4B0E17226');
INSERT INTO REF_TERM_NAME_TBL (REF_TERM_ID, LANG_CS, TERM_NAME, CRT_USR_ID, PHON_ALG_ID) VALUES ('ef835147-74c2-40ac-8dfa-32c7153a15a8', 'en', 'adjud. non-payee payable same-period manual amount', 'fadca076-3690-4a6e-af9e-f1cd68e8c7e8', '402CD339-D0E4-46CE-8FC2-12A4B0E17226');
INSERT INTO REF_TERM_NAME_TBL (REF_TERM_ID, LANG_CS, TERM_NAME, CRT_USR_ID, PHON_ALG_ID) VALUES ('79a23f40-ef70-48a1-9068-86577b465c29', 'en', 'adjud. non-payee payable same-period manual count', 'fadca076-3690-4a6e-af9e-f1cd68e8c7e8', '402CD339-D0E4-46CE-8FC2-12A4B0E17226');
INSERT INTO REF_TERM_NAME_TBL (REF_TERM_ID, LANG_CS, TERM_NAME, CRT_USR_ID, PHON_ALG_ID) VALUES ('e0f13a43-1708-4ade-9edd-791b05397a53', 'en', 'adjud. payee payable prior-period electronic amount', 'fadca076-3690-4a6e-af9e-f1cd68e8c7e8', '402CD339-D0E4-46CE-8FC2-12A4B0E17226');
INSERT INTO REF_TERM_NAME_TBL (REF_TERM_ID, LANG_CS, TERM_NAME, CRT_USR_ID, PHON_ALG_ID) VALUES ('eb8a75e4-3092-4cd9-9394-805f8aa9d51d', 'en', 'adjud. payee payable prior-period electronic count', 'fadca076-3690-4a6e-af9e-f1cd68e8c7e8', '402CD339-D0E4-46CE-8FC2-12A4B0E17226');
INSERT INTO REF_TERM_NAME_TBL (REF_TERM_ID, LANG_CS, TERM_NAME, CRT_USR_ID, PHON_ALG_ID) VALUES ('b7ddc7e7-514c-4f4c-90c9-6edd65628612', 'en', 'adjud. payee payable prior-period manual amout', 'fadca076-3690-4a6e-af9e-f1cd68e8c7e8', '402CD339-D0E4-46CE-8FC2-12A4B0E17226');
INSERT INTO REF_TERM_NAME_TBL (REF_TERM_ID, LANG_CS, TERM_NAME, CRT_USR_ID, PHON_ALG_ID) VALUES ('1c3f5e09-cce9-4af8-acef-3f6aebe6cf34', 'en', 'adjud. payee payable prior-period manual count', 'fadca076-3690-4a6e-af9e-f1cd68e8c7e8', '402CD339-D0E4-46CE-8FC2-12A4B0E17226');
INSERT INTO REF_TERM_NAME_TBL (REF_TERM_ID, LANG_CS, TERM_NAME, CRT_USR_ID, PHON_ALG_ID) VALUES ('a8e2b4de-57fd-486d-b808-d4e4808ba20d', 'en', 'adjud. payee payable same-period electronic amount', 'fadca076-3690-4a6e-af9e-f1cd68e8c7e8', '402CD339-D0E4-46CE-8FC2-12A4B0E17226');
INSERT INTO REF_TERM_NAME_TBL (REF_TERM_ID, LANG_CS, TERM_NAME, CRT_USR_ID, PHON_ALG_ID) VALUES ('10d57feb-dac4-4daf-beac-08b86f8ee700', 'en', 'adjud. payee payable same-period electronic count', 'fadca076-3690-4a6e-af9e-f1cd68e8c7e8', '402CD339-D0E4-46CE-8FC2-12A4B0E17226');
INSERT INTO REF_TERM_NAME_TBL (REF_TERM_ID, LANG_CS, TERM_NAME, CRT_USR_ID, PHON_ALG_ID) VALUES ('71d4756a-8c63-40ea-8581-61dba54aa484', 'en', 'adjud. payee payable same-period manual amount', 'fadca076-3690-4a6e-af9e-f1cd68e8c7e8', '402CD339-D0E4-46CE-8FC2-12A4B0E17226');
INSERT INTO REF_TERM_NAME_TBL (REF_TERM_ID, LANG_CS, TERM_NAME, CRT_USR_ID, PHON_ALG_ID) VALUES ('8a1ea4f9-f710-4b24-8210-1bcea5815330', 'en', 'adjud. payee payable same-period manual count', 'fadca076-3690-4a6e-af9e-f1cd68e8c7e8', '402CD339-D0E4-46CE-8FC2-12A4B0E17226');
INSERT INTO REF_TERM_NAME_TBL (REF_TERM_ID, LANG_CS, TERM_NAME, CRT_USR_ID, PHON_ALG_ID) VALUES ('26f284dc-2035-4ebb-aed8-8d531054cae9', 'en', 'adjud. refused prior-period electronic amount', 'fadca076-3690-4a6e-af9e-f1cd68e8c7e8', '402CD339-D0E4-46CE-8FC2-12A4B0E17226');
INSERT INTO REF_TERM_NAME_TBL (REF_TERM_ID, LANG_CS, TERM_NAME, CRT_USR_ID, PHON_ALG_ID) VALUES ('85b16ac4-cd58-4a3a-89e6-2017b18783df', 'en', 'adjud. refused prior-period electronic count', 'fadca076-3690-4a6e-af9e-f1cd68e8c7e8', '402CD339-D0E4-46CE-8FC2-12A4B0E17226');
INSERT INTO REF_TERM_NAME_TBL (REF_TERM_ID, LANG_CS, TERM_NAME, CRT_USR_ID, PHON_ALG_ID) VALUES ('8ee3e76f-ec2c-4b46-b8ce-5c2d1be58fbf', 'en', 'adjud. refused prior-period manual amount', 'fadca076-3690-4a6e-af9e-f1cd68e8c7e8', '402CD339-D0E4-46CE-8FC2-12A4B0E17226');
INSERT INTO REF_TERM_NAME_TBL (REF_TERM_ID, LANG_CS, TERM_NAME, CRT_USR_ID, PHON_ALG_ID) VALUES ('0f24fe4c-1e7a-4a91-95ce-9be09638c2a5', 'en', 'adjud. refused prior-period manual count', 'fadca076-3690-4a6e-af9e-f1cd68e8c7e8', '402CD339-D0E4-46CE-8FC2-12A4B0E17226');
INSERT INTO REF_TERM_NAME_TBL (REF_TERM_ID, LANG_CS, TERM_NAME, CRT_USR_ID, PHON_ALG_ID) VALUES ('16ab7fd0-677d-4266-ab10-b33c24f43e19', 'en', 'adjud. refused same-period electronic amount', 'fadca076-3690-4a6e-af9e-f1cd68e8c7e8', '402CD339-D0E4-46CE-8FC2-12A4B0E17226');
INSERT INTO REF_TERM_NAME_TBL (REF_TERM_ID, LANG_CS, TERM_NAME, CRT_USR_ID, PHON_ALG_ID) VALUES ('0dfd6724-6311-4abe-b876-53daa2275ac1', 'en', 'adjud. refused same-period electronic count', 'fadca076-3690-4a6e-af9e-f1cd68e8c7e8', '402CD339-D0E4-46CE-8FC2-12A4B0E17226');
INSERT INTO REF_TERM_NAME_TBL (REF_TERM_ID, LANG_CS, TERM_NAME, CRT_USR_ID, PHON_ALG_ID) VALUES ('eb958c4a-3342-41fc-83db-1916ae8d870e', 'en', 'adjud. refused same-period manual amount', 'fadca076-3690-4a6e-af9e-f1cd68e8c7e8', '402CD339-D0E4-46CE-8FC2-12A4B0E17226');
INSERT INTO REF_TERM_NAME_TBL (REF_TERM_ID, LANG_CS, TERM_NAME, CRT_USR_ID, PHON_ALG_ID) VALUES ('8068508d-9ebc-45bf-a535-3d31952e0ee9', 'en', 'adjud. refused same-period manual count', 'fadca076-3690-4a6e-af9e-f1cd68e8c7e8', '402CD339-D0E4-46CE-8FC2-12A4B0E17226');
INSERT INTO REF_TERM_NAME_TBL (REF_TERM_ID, LANG_CS, TERM_NAME, CRT_USR_ID, PHON_ALG_ID) VALUES ('2269e3e9-b9c7-436d-9a6d-c0ee4fe0a4ff', 'en', 'paid nullified prior-period electronic amount', 'fadca076-3690-4a6e-af9e-f1cd68e8c7e8', '402CD339-D0E4-46CE-8FC2-12A4B0E17226');
INSERT INTO REF_TERM_NAME_TBL (REF_TERM_ID, LANG_CS, TERM_NAME, CRT_USR_ID, PHON_ALG_ID) VALUES ('18a78998-bf3f-43ec-8437-12cfc3132972', 'en', 'paid nullified prior-period electronic count', 'fadca076-3690-4a6e-af9e-f1cd68e8c7e8', '402CD339-D0E4-46CE-8FC2-12A4B0E17226');
INSERT INTO REF_TERM_NAME_TBL (REF_TERM_ID, LANG_CS, TERM_NAME, CRT_USR_ID, PHON_ALG_ID) VALUES ('30eadccb-e3da-4239-87e8-cee633ccaf61', 'en', 'paid nullified prior-period manual amount', 'fadca076-3690-4a6e-af9e-f1cd68e8c7e8', '402CD339-D0E4-46CE-8FC2-12A4B0E17226');
INSERT INTO REF_TERM_NAME_TBL (REF_TERM_ID, LANG_CS, TERM_NAME, CRT_USR_ID, PHON_ALG_ID) VALUES ('ee0ca467-5d42-485d-9952-25a20df854f4', 'en', 'paid nullified prior-period manual count', 'fadca076-3690-4a6e-af9e-f1cd68e8c7e8', '402CD339-D0E4-46CE-8FC2-12A4B0E17226');
INSERT INTO REF_TERM_NAME_TBL (REF_TERM_ID, LANG_CS, TERM_NAME, CRT_USR_ID, PHON_ALG_ID) VALUES ('b1d34568-5b4e-4f74-9b4c-f7463e229c47', 'en', 'paid nullified same-period electronic amount', 'fadca076-3690-4a6e-af9e-f1cd68e8c7e8', '402CD339-D0E4-46CE-8FC2-12A4B0E17226');
INSERT INTO REF_TERM_NAME_TBL (REF_TERM_ID, LANG_CS, TERM_NAME, CRT_USR_ID, PHON_ALG_ID) VALUES ('21b24bdc-ec46-4bb3-aae5-44be6e3a748c', 'en', 'paid nullified same-period electronic count', 'fadca076-3690-4a6e-af9e-f1cd68e8c7e8', '402CD339-D0E4-46CE-8FC2-12A4B0E17226');
INSERT INTO REF_TERM_NAME_TBL (REF_TERM_ID, LANG_CS, TERM_NAME, CRT_USR_ID, PHON_ALG_ID) VALUES ('8015f29f-a0b6-43c5-9c78-dfa4cf416cbb', 'en', 'paid nullified same-period manual amount', 'fadca076-3690-4a6e-af9e-f1cd68e8c7e8', '402CD339-D0E4-46CE-8FC2-12A4B0E17226');
INSERT INTO REF_TERM_NAME_TBL (REF_TERM_ID, LANG_CS, TERM_NAME, CRT_USR_ID, PHON_ALG_ID) VALUES ('6306d725-8031-40fc-8e14-0b5a01030b6d', 'en', 'paid nullified same-period manual count', 'fadca076-3690-4a6e-af9e-f1cd68e8c7e8', '402CD339-D0E4-46CE-8FC2-12A4B0E17226');
INSERT INTO REF_TERM_NAME_TBL (REF_TERM_ID, LANG_CS, TERM_NAME, CRT_USR_ID, PHON_ALG_ID) VALUES ('46128966-be6b-470b-8299-0e7cd67dca06', 'en', 'paid non-payee payable prior-period electronic amount', 'fadca076-3690-4a6e-af9e-f1cd68e8c7e8', '402CD339-D0E4-46CE-8FC2-12A4B0E17226');
INSERT INTO REF_TERM_NAME_TBL (REF_TERM_ID, LANG_CS, TERM_NAME, CRT_USR_ID, PHON_ALG_ID) VALUES ('1368f02a-c2f4-4175-aa48-a3806eca662c', 'en', 'paid non-payee payable prior-period electronic count', 'fadca076-3690-4a6e-af9e-f1cd68e8c7e8', '402CD339-D0E4-46CE-8FC2-12A4B0E17226');
INSERT INTO REF_TERM_NAME_TBL (REF_TERM_ID, LANG_CS, TERM_NAME, CRT_USR_ID, PHON_ALG_ID) VALUES ('ae18e981-257a-44a1-81a4-6e15b240bd96', 'en', 'paid non-payee payable prior-period manual amount', 'fadca076-3690-4a6e-af9e-f1cd68e8c7e8', '402CD339-D0E4-46CE-8FC2-12A4B0E17226');
INSERT INTO REF_TERM_NAME_TBL (REF_TERM_ID, LANG_CS, TERM_NAME, CRT_USR_ID, PHON_ALG_ID) VALUES ('b7b73d4d-60e7-4668-b0e2-31b547a8e3ff', 'en', 'paid non-payee payable prior-period manual count', 'fadca076-3690-4a6e-af9e-f1cd68e8c7e8', '402CD339-D0E4-46CE-8FC2-12A4B0E17226');
INSERT INTO REF_TERM_NAME_TBL (REF_TERM_ID, LANG_CS, TERM_NAME, CRT_USR_ID, PHON_ALG_ID) VALUES ('acb6cb87-e297-489a-9f0a-8e71dfa8e06b', 'en', 'paid non-payee payable same-period electronic amount', 'fadca076-3690-4a6e-af9e-f1cd68e8c7e8', '402CD339-D0E4-46CE-8FC2-12A4B0E17226');
INSERT INTO REF_TERM_NAME_TBL (REF_TERM_ID, LANG_CS, TERM_NAME, CRT_USR_ID, PHON_ALG_ID) VALUES ('a5b80ee4-db62-45dc-b61d-fc56bbd66f85', 'en', 'paid non-payee payable same-period electronic count', 'fadca076-3690-4a6e-af9e-f1cd68e8c7e8', '402CD339-D0E4-46CE-8FC2-12A4B0E17226');
INSERT INTO REF_TERM_NAME_TBL (REF_TERM_ID, LANG_CS, TERM_NAME, CRT_USR_ID, PHON_ALG_ID) VALUES ('10b3d1ad-c77b-4222-bae7-12c846afc462', 'en', 'paid non-payee payable same-period manual amount', 'fadca076-3690-4a6e-af9e-f1cd68e8c7e8', '402CD339-D0E4-46CE-8FC2-12A4B0E17226');
INSERT INTO REF_TERM_NAME_TBL (REF_TERM_ID, LANG_CS, TERM_NAME, CRT_USR_ID, PHON_ALG_ID) VALUES ('ed766984-b95f-4812-affa-66bfd47ce023', 'en', 'paid non-payee payable same-period manual count', 'fadca076-3690-4a6e-af9e-f1cd68e8c7e8', '402CD339-D0E4-46CE-8FC2-12A4B0E17226');
INSERT INTO REF_TERM_NAME_TBL (REF_TERM_ID, LANG_CS, TERM_NAME, CRT_USR_ID, PHON_ALG_ID) VALUES ('e23688f8-0eb2-4e5c-84a9-8db838301574', 'en', 'paid payee payable prior-period electronic amount', 'fadca076-3690-4a6e-af9e-f1cd68e8c7e8', '402CD339-D0E4-46CE-8FC2-12A4B0E17226');
INSERT INTO REF_TERM_NAME_TBL (REF_TERM_ID, LANG_CS, TERM_NAME, CRT_USR_ID, PHON_ALG_ID) VALUES ('4e53b94a-9212-4bc5-a341-914ad879c6ee', 'en', 'paid payee payable prior-period electronic count', 'fadca076-3690-4a6e-af9e-f1cd68e8c7e8', '402CD339-D0E4-46CE-8FC2-12A4B0E17226');
INSERT INTO REF_TERM_NAME_TBL (REF_TERM_ID, LANG_CS, TERM_NAME, CRT_USR_ID, PHON_ALG_ID) VALUES ('f5f76984-b678-4316-81f9-57cf7e857453', 'en', 'paid payee payable prior-period manual amount', 'fadca076-3690-4a6e-af9e-f1cd68e8c7e8', '402CD339-D0E4-46CE-8FC2-12A4B0E17226');
INSERT INTO REF_TERM_NAME_TBL (REF_TERM_ID, LANG_CS, TERM_NAME, CRT_USR_ID, PHON_ALG_ID) VALUES ('93563fa3-d1f2-4248-8b9e-6362bf49f6dc', 'en', 'paid payee payable prior-period manual count', 'fadca076-3690-4a6e-af9e-f1cd68e8c7e8', '402CD339-D0E4-46CE-8FC2-12A4B0E17226');
INSERT INTO REF_TERM_NAME_TBL (REF_TERM_ID, LANG_CS, TERM_NAME, CRT_USR_ID, PHON_ALG_ID) VALUES ('5b08dc3b-9ee6-452f-bf93-4c6bfd17b1ea', 'en', 'paid payee payable same-period electronic amount', 'fadca076-3690-4a6e-af9e-f1cd68e8c7e8', '402CD339-D0E4-46CE-8FC2-12A4B0E17226');
INSERT INTO REF_TERM_NAME_TBL (REF_TERM_ID, LANG_CS, TERM_NAME, CRT_USR_ID, PHON_ALG_ID) VALUES ('18095cc9-9e62-49b8-b96a-af5a063935a6', 'en', 'paid payee payable same-period electronic count', 'fadca076-3690-4a6e-af9e-f1cd68e8c7e8', '402CD339-D0E4-46CE-8FC2-12A4B0E17226');
INSERT INTO REF_TERM_NAME_TBL (REF_TERM_ID, LANG_CS, TERM_NAME, CRT_USR_ID, PHON_ALG_ID) VALUES ('e1d8aee2-62d4-416e-983f-81e006198cd3', 'en', 'paid payee payable same-period manual amount', 'fadca076-3690-4a6e-af9e-f1cd68e8c7e8', '402CD339-D0E4-46CE-8FC2-12A4B0E17226');
INSERT INTO REF_TERM_NAME_TBL (REF_TERM_ID, LANG_CS, TERM_NAME, CRT_USR_ID, PHON_ALG_ID) VALUES ('937e5c54-4b18-4e0b-aaa9-06e97260b96c', 'en', 'paid payee payable same-period manual count', 'fadca076-3690-4a6e-af9e-f1cd68e8c7e8', '402CD339-D0E4-46CE-8FC2-12A4B0E17226');
INSERT INTO REF_TERM_NAME_TBL (REF_TERM_ID, LANG_CS, TERM_NAME, CRT_USR_ID, PHON_ALG_ID) VALUES ('a3aacd8f-39b6-4455-8f1c-5232de05ab56', 'en', 'submitted billed electronic amount', 'fadca076-3690-4a6e-af9e-f1cd68e8c7e8', '402CD339-D0E4-46CE-8FC2-12A4B0E17226');
INSERT INTO REF_TERM_NAME_TBL (REF_TERM_ID, LANG_CS, TERM_NAME, CRT_USR_ID, PHON_ALG_ID) VALUES ('f766e171-ac0d-4a29-ba7d-d6b308e214de', 'en', 'submitted billed electronic count', 'fadca076-3690-4a6e-af9e-f1cd68e8c7e8', '402CD339-D0E4-46CE-8FC2-12A4B0E17226');
INSERT INTO REF_TERM_NAME_TBL (REF_TERM_ID, LANG_CS, TERM_NAME, CRT_USR_ID, PHON_ALG_ID) VALUES ('beb0f18a-5637-4975-bf9c-aecd89e7813d', 'en', 'submitted nullified electronic amount', 'fadca076-3690-4a6e-af9e-f1cd68e8c7e8', '402CD339-D0E4-46CE-8FC2-12A4B0E17226');
INSERT INTO REF_TERM_NAME_TBL (REF_TERM_ID, LANG_CS, TERM_NAME, CRT_USR_ID, PHON_ALG_ID) VALUES ('371b4b38-079f-4a0e-bc6e-8239c84cadfc', 'en', 'submitted cancelled electronic count', 'fadca076-3690-4a6e-af9e-f1cd68e8c7e8', '402CD339-D0E4-46CE-8FC2-12A4B0E17226');
INSERT INTO REF_TERM_NAME_TBL (REF_TERM_ID, LANG_CS, TERM_NAME, CRT_USR_ID, PHON_ALG_ID) VALUES ('d5e82b3c-841e-4058-a613-5a04b111b3a1', 'en', 'submitted pending electronic amount', 'fadca076-3690-4a6e-af9e-f1cd68e8c7e8', '402CD339-D0E4-46CE-8FC2-12A4B0E17226');
INSERT INTO REF_TERM_NAME_TBL (REF_TERM_ID, LANG_CS, TERM_NAME, CRT_USR_ID, PHON_ALG_ID) VALUES ('bd9a5ad5-5eeb-4535-b98b-57529c53e9f3', 'en', 'submitted pending electronic count', 'fadca076-3690-4a6e-af9e-f1cd68e8c7e8', '402CD339-D0E4-46CE-8FC2-12A4B0E17226');
INSERT INTO REF_TERM_NAME_TBL (REF_TERM_ID, LANG_CS, TERM_NAME, CRT_USR_ID, PHON_ALG_ID) VALUES ('0fd87977-c371-409a-8029-3392adf03ad0', 'en', 'clinical product invoice', 'fadca076-3690-4a6e-af9e-f1cd68e8c7e8', '402CD339-D0E4-46CE-8FC2-12A4B0E17226');
INSERT INTO REF_TERM_NAME_TBL (REF_TERM_ID, LANG_CS, TERM_NAME, CRT_USR_ID, PHON_ALG_ID) VALUES ('ab06b931-b47e-4b2b-bd6b-7d02c7d7c836', 'en', 'compound drug invoice group', 'fadca076-3690-4a6e-af9e-f1cd68e8c7e8', '402CD339-D0E4-46CE-8FC2-12A4B0E17226');
INSERT INTO REF_TERM_NAME_TBL (REF_TERM_ID, LANG_CS, TERM_NAME, CRT_USR_ID, PHON_ALG_ID) VALUES ('61881223-b24f-4c65-bc76-6ec3d7efdb78', 'en', 'compound ingredient invoice group', 'fadca076-3690-4a6e-af9e-f1cd68e8c7e8', '402CD339-D0E4-46CE-8FC2-12A4B0E17226');
INSERT INTO REF_TERM_NAME_TBL (REF_TERM_ID, LANG_CS, TERM_NAME, CRT_USR_ID, PHON_ALG_ID) VALUES ('d2b9e86b-14f1-4a3b-aab7-005f1e3a3392', 'en', 'compound supply invoice group', 'fadca076-3690-4a6e-af9e-f1cd68e8c7e8', '402CD339-D0E4-46CE-8FC2-12A4B0E17226');
INSERT INTO REF_TERM_NAME_TBL (REF_TERM_ID, LANG_CS, TERM_NAME, CRT_USR_ID, PHON_ALG_ID) VALUES ('d582f480-a75e-4a0d-9e07-753c9f6571a8', 'en', 'clinical service invoice', 'fadca076-3690-4a6e-af9e-f1cd68e8c7e8', '402CD339-D0E4-46CE-8FC2-12A4B0E17226');
INSERT INTO REF_TERM_NAME_TBL (REF_TERM_ID, LANG_CS, TERM_NAME, CRT_USR_ID, PHON_ALG_ID) VALUES ('d4e96699-1788-41af-aca3-45ee0c005ab4', 'en', 'clinical service and product', 'fadca076-3690-4a6e-af9e-f1cd68e8c7e8', '402CD339-D0E4-46CE-8FC2-12A4B0E17226');
INSERT INTO REF_TERM_NAME_TBL (REF_TERM_ID, LANG_CS, TERM_NAME, CRT_USR_ID, PHON_ALG_ID) VALUES ('3e84bbf5-dd64-41ee-951d-56a4cf89e967', 'en', 'drug invoice group', 'fadca076-3690-4a6e-af9e-f1cd68e8c7e8', '402CD339-D0E4-46CE-8FC2-12A4B0E17226');
INSERT INTO REF_TERM_NAME_TBL (REF_TERM_ID, LANG_CS, TERM_NAME, CRT_USR_ID, PHON_ALG_ID) VALUES ('ad35e3a8-337e-44a3-b4e5-dadbdb292bca', 'en', 'financial invoice', 'fadca076-3690-4a6e-af9e-f1cd68e8c7e8', '402CD339-D0E4-46CE-8FC2-12A4B0E17226');
INSERT INTO REF_TERM_NAME_TBL (REF_TERM_ID, LANG_CS, TERM_NAME, CRT_USR_ID, PHON_ALG_ID) VALUES ('cb80dcf4-4da0-4763-bcb8-f57aa2c5538c', 'en', 'frame invoice group', 'fadca076-3690-4a6e-af9e-f1cd68e8c7e8', '402CD339-D0E4-46CE-8FC2-12A4B0E17226');
INSERT INTO REF_TERM_NAME_TBL (REF_TERM_ID, LANG_CS, TERM_NAME, CRT_USR_ID, PHON_ALG_ID) VALUES ('bbe0d322-a131-4afa-8150-d9ef9ed41d1f', 'en', 'lens invoice group', 'fadca076-3690-4a6e-af9e-f1cd68e8c7e8', '402CD339-D0E4-46CE-8FC2-12A4B0E17226');
INSERT INTO REF_TERM_NAME_TBL (REF_TERM_ID, LANG_CS, TERM_NAME, CRT_USR_ID, PHON_ALG_ID) VALUES ('3b0bff93-fcec-4127-a632-0fc760c9834d', 'en', 'oral health service', 'fadca076-3690-4a6e-af9e-f1cd68e8c7e8', '402CD339-D0E4-46CE-8FC2-12A4B0E17226');
INSERT INTO REF_TERM_NAME_TBL (REF_TERM_ID, LANG_CS, TERM_NAME, CRT_USR_ID, PHON_ALG_ID) VALUES ('dcdc83bb-b2e3-4903-b84e-d47ca04f4ea2', 'en', 'preferred accommodation invoice', 'fadca076-3690-4a6e-af9e-f1cd68e8c7e8', '402CD339-D0E4-46CE-8FC2-12A4B0E17226');
INSERT INTO REF_TERM_NAME_TBL (REF_TERM_ID, LANG_CS, TERM_NAME, CRT_USR_ID, PHON_ALG_ID) VALUES ('a94c2eb7-88b7-415c-b4a8-ac5702fecc33', 'en', 'product invoice group', 'fadca076-3690-4a6e-af9e-f1cd68e8c7e8', '402CD339-D0E4-46CE-8FC2-12A4B0E17226');
INSERT INTO REF_TERM_NAME_TBL (REF_TERM_ID, LANG_CS, TERM_NAME, CRT_USR_ID, PHON_ALG_ID) VALUES ('08517749-66d3-49ee-99fe-17b64fe60ac7', 'en', 'Rx compound invoice', 'fadca076-3690-4a6e-af9e-f1cd68e8c7e8', '402CD339-D0E4-46CE-8FC2-12A4B0E17226');
INSERT INTO REF_TERM_NAME_TBL (REF_TERM_ID, LANG_CS, TERM_NAME, CRT_USR_ID, PHON_ALG_ID) VALUES ('3953c152-d8ca-4375-add6-f76f9f12e683', 'en', 'Rx dispense invoice', 'fadca076-3690-4a6e-af9e-f1cd68e8c7e8', '402CD339-D0E4-46CE-8FC2-12A4B0E17226');
INSERT INTO REF_TERM_NAME_TBL (REF_TERM_ID, LANG_CS, TERM_NAME, CRT_USR_ID, PHON_ALG_ID) VALUES ('d6daf579-d366-40ef-adad-21887f9ebad3', 'en', 'sessional or block fee invoice', 'fadca076-3690-4a6e-af9e-f1cd68e8c7e8', '402CD339-D0E4-46CE-8FC2-12A4B0E17226');
INSERT INTO REF_TERM_NAME_TBL (REF_TERM_ID, LANG_CS, TERM_NAME, CRT_USR_ID, PHON_ALG_ID) VALUES ('d77fd655-f4dc-4964-bf52-aaa7db116cb4', 'en', 'vision dispense invoice', 'fadca076-3690-4a6e-af9e-f1cd68e8c7e8', '402CD339-D0E4-46CE-8FC2-12A4B0E17226');
INSERT INTO REF_TERM_NAME_TBL (REF_TERM_ID, LANG_CS, TERM_NAME, CRT_USR_ID, PHON_ALG_ID) VALUES ('26de1119-d2d2-49f1-b7b6-2329ff23d49e', 'en', 'Booster Immunization', 'fadca076-3690-4a6e-af9e-f1cd68e8c7e8', '402CD339-D0E4-46CE-8FC2-12A4B0E17226');
INSERT INTO REF_TERM_NAME_TBL (REF_TERM_ID, LANG_CS, TERM_NAME, CRT_USR_ID, PHON_ALG_ID) VALUES ('51e53697-64eb-4cc7-a548-cf603881046a', 'en', 'drug therapy', 'fadca076-3690-4a6e-af9e-f1cd68e8c7e8', '402CD339-D0E4-46CE-8FC2-12A4B0E17226');
INSERT INTO REF_TERM_NAME_TBL (REF_TERM_ID, LANG_CS, TERM_NAME, CRT_USR_ID, PHON_ALG_ID) VALUES ('8accce19-d2e3-4f49-986e-eb2e2d7785a2', 'en', 'immunization', 'fadca076-3690-4a6e-af9e-f1cd68e8c7e8', '402CD339-D0E4-46CE-8FC2-12A4B0E17226');
INSERT INTO REF_TERM_NAME_TBL (REF_TERM_ID, LANG_CS, TERM_NAME, CRT_USR_ID, PHON_ALG_ID) VALUES ('195f4fcc-ee4e-4132-ba6d-222fb86cf4e7', 'en', 'Initial Immunization', 'fadca076-3690-4a6e-af9e-f1cd68e8c7e8', '402CD339-D0E4-46CE-8FC2-12A4B0E17226');
INSERT INTO REF_TERM_NAME_TBL (REF_TERM_ID, LANG_CS, TERM_NAME, CRT_USR_ID, PHON_ALG_ID) VALUES ('bc832e84-491f-41fa-a53a-46770cd2697d', 'en', 'female', 'fadca076-3690-4a6e-af9e-f1cd68e8c7e8', '402CD339-D0E4-46CE-8FC2-12A4B0E17226');
INSERT INTO REF_TERM_NAME_TBL (REF_TERM_ID, LANG_CS, TERM_NAME, CRT_USR_ID, PHON_ALG_ID) VALUES ('505aae7d-16f6-4600-9172-89e0ca36a3c1', 'en', 'male', 'fadca076-3690-4a6e-af9e-f1cd68e8c7e8', '402CD339-D0E4-46CE-8FC2-12A4B0E17226');
INSERT INTO REF_TERM_NAME_TBL (REF_TERM_ID, LANG_CS, TERM_NAME, CRT_USR_ID, PHON_ALG_ID) VALUES ('d6e851a7-2d7e-4c63-81dc-efef7d12e9a1', 'en', 'undifferentiated', 'fadca076-3690-4a6e-af9e-f1cd68e8c7e8', '402CD339-D0E4-46CE-8FC2-12A4B0E17226');
INSERT INTO REF_TERM_NAME_TBL (REF_TERM_ID, LANG_CS, TERM_NAME, CRT_USR_ID, PHON_ALG_ID) VALUES ('fe55da81-df44-43c7-aa18-9283ffc38362', 'en', 'aunt', 'fadca076-3690-4a6e-af9e-f1cd68e8c7e8', '402CD339-D0E4-46CE-8FC2-12A4B0E17226');
INSERT INTO REF_TERM_NAME_TBL (REF_TERM_ID, LANG_CS, TERM_NAME, CRT_USR_ID, PHON_ALG_ID) VALUES ('d8382b1a-2c20-4048-98c0-36cca22db74b', 'en', 'Brother', 'fadca076-3690-4a6e-af9e-f1cd68e8c7e8', '402CD339-D0E4-46CE-8FC2-12A4B0E17226');
INSERT INTO REF_TERM_NAME_TBL (REF_TERM_ID, LANG_CS, TERM_NAME, CRT_USR_ID, PHON_ALG_ID) VALUES ('2a35f977-0a36-468c-8edc-f8a742450170', 'en', 'brother-in-law', 'fadca076-3690-4a6e-af9e-f1cd68e8c7e8', '402CD339-D0E4-46CE-8FC2-12A4B0E17226');
INSERT INTO REF_TERM_NAME_TBL (REF_TERM_ID, LANG_CS, TERM_NAME, CRT_USR_ID, PHON_ALG_ID) VALUES ('61afe90c-d752-42cf-a8d0-5a928c97b38c', 'en', 'Child', 'fadca076-3690-4a6e-af9e-f1cd68e8c7e8', '402CD339-D0E4-46CE-8FC2-12A4B0E17226');
INSERT INTO REF_TERM_NAME_TBL (REF_TERM_ID, LANG_CS, TERM_NAME, CRT_USR_ID, PHON_ALG_ID) VALUES ('b1e7070d-4b88-45fd-bccc-eff7316c15d9', 'en', 'adopted child', 'fadca076-3690-4a6e-af9e-f1cd68e8c7e8', '402CD339-D0E4-46CE-8FC2-12A4B0E17226');
INSERT INTO REF_TERM_NAME_TBL (REF_TERM_ID, LANG_CS, TERM_NAME, CRT_USR_ID, PHON_ALG_ID) VALUES ('5f63a762-4793-4f9d-826e-87612a6a2bbe', 'en', 'foster child', 'fadca076-3690-4a6e-af9e-f1cd68e8c7e8', '402CD339-D0E4-46CE-8FC2-12A4B0E17226');
INSERT INTO REF_TERM_NAME_TBL (REF_TERM_ID, LANG_CS, TERM_NAME, CRT_USR_ID, PHON_ALG_ID) VALUES ('a3748d6d-cc9c-4686-acba-a0946e758ab5', 'en', 'child in-law', 'fadca076-3690-4a6e-af9e-f1cd68e8c7e8', '402CD339-D0E4-46CE-8FC2-12A4B0E17226');
INSERT INTO REF_TERM_NAME_TBL (REF_TERM_ID, LANG_CS, TERM_NAME, CRT_USR_ID, PHON_ALG_ID) VALUES ('354a9766-c8e5-4b7a-bd6c-4440d9e9e389', 'en', 'cousin', 'fadca076-3690-4a6e-af9e-f1cd68e8c7e8', '402CD339-D0E4-46CE-8FC2-12A4B0E17226');
INSERT INTO REF_TERM_NAME_TBL (REF_TERM_ID, LANG_CS, TERM_NAME, CRT_USR_ID, PHON_ALG_ID) VALUES ('40ca0162-c12b-458b-97d6-fbc386e6fcc1', 'en', 'natural daughter', 'fadca076-3690-4a6e-af9e-f1cd68e8c7e8', '402CD339-D0E4-46CE-8FC2-12A4B0E17226');
INSERT INTO REF_TERM_NAME_TBL (REF_TERM_ID, LANG_CS, TERM_NAME, CRT_USR_ID, PHON_ALG_ID) VALUES ('1193070f-3d8c-4b26-9d7d-8ef3d69ceb92', 'en', 'adopted daughter', 'fadca076-3690-4a6e-af9e-f1cd68e8c7e8', '402CD339-D0E4-46CE-8FC2-12A4B0E17226');
INSERT INTO REF_TERM_NAME_TBL (REF_TERM_ID, LANG_CS, TERM_NAME, CRT_USR_ID, PHON_ALG_ID) VALUES ('e122710f-e39f-40ec-be48-6972b1356046', 'en', 'Daughter', 'fadca076-3690-4a6e-af9e-f1cd68e8c7e8', '402CD339-D0E4-46CE-8FC2-12A4B0E17226');
INSERT INTO REF_TERM_NAME_TBL (REF_TERM_ID, LANG_CS, TERM_NAME, CRT_USR_ID, PHON_ALG_ID) VALUES ('33dcaee0-1476-4c79-80a4-96a6e6f720e3', 'en', 'foster daughter', 'fadca076-3690-4a6e-af9e-f1cd68e8c7e8', '402CD339-D0E4-46CE-8FC2-12A4B0E17226');
INSERT INTO REF_TERM_NAME_TBL (REF_TERM_ID, LANG_CS, TERM_NAME, CRT_USR_ID, PHON_ALG_ID) VALUES ('93ca6c84-3ed5-4c55-afcd-8bdb1b7689e7', 'en', 'daughter in-law', 'fadca076-3690-4a6e-af9e-f1cd68e8c7e8', '402CD339-D0E4-46CE-8FC2-12A4B0E17226');
INSERT INTO REF_TERM_NAME_TBL (REF_TERM_ID, LANG_CS, TERM_NAME, CRT_USR_ID, PHON_ALG_ID) VALUES ('d8a535fc-e463-4564-a4fe-9ae7a94dddbe', 'en', 'domestic partner', 'fadca076-3690-4a6e-af9e-f1cd68e8c7e8', '402CD339-D0E4-46CE-8FC2-12A4B0E17226');
INSERT INTO REF_TERM_NAME_TBL (REF_TERM_ID, LANG_CS, TERM_NAME, CRT_USR_ID, PHON_ALG_ID) VALUES ('4335ccc0-0ce4-4576-934f-e9eb1377e726', 'en', 'Family Member', 'fadca076-3690-4a6e-af9e-f1cd68e8c7e8', '402CD339-D0E4-46CE-8FC2-12A4B0E17226');
INSERT INTO REF_TERM_NAME_TBL (REF_TERM_ID, LANG_CS, TERM_NAME, CRT_USR_ID, PHON_ALG_ID) VALUES ('879c0084-a30a-4e55-b3eb-9cdb302caad3', 'en', 'Father', 'fadca076-3690-4a6e-af9e-f1cd68e8c7e8', '402CD339-D0E4-46CE-8FC2-12A4B0E17226');
INSERT INTO REF_TERM_NAME_TBL (REF_TERM_ID, LANG_CS, TERM_NAME, CRT_USR_ID, PHON_ALG_ID) VALUES ('b8838483-dcc7-4e43-a6e5-63823b37d5da', 'en', 'father-in-law', 'fadca076-3690-4a6e-af9e-f1cd68e8c7e8', '402CD339-D0E4-46CE-8FC2-12A4B0E17226');
INSERT INTO REF_TERM_NAME_TBL (REF_TERM_ID, LANG_CS, TERM_NAME, CRT_USR_ID, PHON_ALG_ID) VALUES ('30c6a13b-9fb0-4986-84d6-8afff8fe4e02', 'en', 'great grandfather', 'fadca076-3690-4a6e-af9e-f1cd68e8c7e8', '402CD339-D0E4-46CE-8FC2-12A4B0E17226');
INSERT INTO REF_TERM_NAME_TBL (REF_TERM_ID, LANG_CS, TERM_NAME, CRT_USR_ID, PHON_ALG_ID) VALUES ('e1b8007e-2e65-4502-a5b8-b0d8e6242147', 'en', 'great grandmother', 'fadca076-3690-4a6e-af9e-f1cd68e8c7e8', '402CD339-D0E4-46CE-8FC2-12A4B0E17226');
INSERT INTO REF_TERM_NAME_TBL (REF_TERM_ID, LANG_CS, TERM_NAME, CRT_USR_ID, PHON_ALG_ID) VALUES ('f0fa827f-9de1-4199-9f4d-e90d69b3f24f', 'en', 'great grandparent', 'fadca076-3690-4a6e-af9e-f1cd68e8c7e8', '402CD339-D0E4-46CE-8FC2-12A4B0E17226');
INSERT INTO REF_TERM_NAME_TBL (REF_TERM_ID, LANG_CS, TERM_NAME, CRT_USR_ID, PHON_ALG_ID) VALUES ('473e61b2-83f6-4114-89c6-d556846e45da', 'en', 'Grandfather', 'fadca076-3690-4a6e-af9e-f1cd68e8c7e8', '402CD339-D0E4-46CE-8FC2-12A4B0E17226');
INSERT INTO REF_TERM_NAME_TBL (REF_TERM_ID, LANG_CS, TERM_NAME, CRT_USR_ID, PHON_ALG_ID) VALUES ('c459c266-6e8f-4933-b39c-d55450f32341', 'en', 'Grandmother', 'fadca076-3690-4a6e-af9e-f1cd68e8c7e8', '402CD339-D0E4-46CE-8FC2-12A4B0E17226');
INSERT INTO REF_TERM_NAME_TBL (REF_TERM_ID, LANG_CS, TERM_NAME, CRT_USR_ID, PHON_ALG_ID) VALUES ('e043df5c-b5d9-44b6-bd4c-d4901accb63c', 'en', 'grandchild', 'fadca076-3690-4a6e-af9e-f1cd68e8c7e8', '402CD339-D0E4-46CE-8FC2-12A4B0E17226');
INSERT INTO REF_TERM_NAME_TBL (REF_TERM_ID, LANG_CS, TERM_NAME, CRT_USR_ID, PHON_ALG_ID) VALUES ('aee1d6f8-878e-4209-88df-4e06d8a453a4', 'en', 'granddaughter', 'fadca076-3690-4a6e-af9e-f1cd68e8c7e8', '402CD339-D0E4-46CE-8FC2-12A4B0E17226');
INSERT INTO REF_TERM_NAME_TBL (REF_TERM_ID, LANG_CS, TERM_NAME, CRT_USR_ID, PHON_ALG_ID) VALUES ('3554927b-357e-41cc-8034-1d25ccaf1f9c', 'en', 'grandson', 'fadca076-3690-4a6e-af9e-f1cd68e8c7e8', '402CD339-D0E4-46CE-8FC2-12A4B0E17226');
INSERT INTO REF_TERM_NAME_TBL (REF_TERM_ID, LANG_CS, TERM_NAME, CRT_USR_ID, PHON_ALG_ID) VALUES ('e7f76349-5953-4945-8a62-91781c612367', 'en', 'Grandparent', 'fadca076-3690-4a6e-af9e-f1cd68e8c7e8', '402CD339-D0E4-46CE-8FC2-12A4B0E17226');
INSERT INTO REF_TERM_NAME_TBL (REF_TERM_ID, LANG_CS, TERM_NAME, CRT_USR_ID, PHON_ALG_ID) VALUES ('110c6e8f-a7c6-4695-8a3c-fb100b116920', 'en', 'half-brother', 'fadca076-3690-4a6e-af9e-f1cd68e8c7e8', '402CD339-D0E4-46CE-8FC2-12A4B0E17226');
INSERT INTO REF_TERM_NAME_TBL (REF_TERM_ID, LANG_CS, TERM_NAME, CRT_USR_ID, PHON_ALG_ID) VALUES ('825c4ed0-c877-4beb-b679-a5968b81e29f', 'en', 'half-sibling', 'fadca076-3690-4a6e-af9e-f1cd68e8c7e8', '402CD339-D0E4-46CE-8FC2-12A4B0E17226');
INSERT INTO REF_TERM_NAME_TBL (REF_TERM_ID, LANG_CS, TERM_NAME, CRT_USR_ID, PHON_ALG_ID) VALUES ('3c5873bd-9014-4239-9062-4c2c1c3e852e', 'en', 'half-sister', 'fadca076-3690-4a6e-af9e-f1cd68e8c7e8', '402CD339-D0E4-46CE-8FC2-12A4B0E17226');
INSERT INTO REF_TERM_NAME_TBL (REF_TERM_ID, LANG_CS, TERM_NAME, CRT_USR_ID, PHON_ALG_ID) VALUES ('c851390a-50ae-4a37-8ecf-6938b31d1620', 'en', 'husband', 'fadca076-3690-4a6e-af9e-f1cd68e8c7e8', '402CD339-D0E4-46CE-8FC2-12A4B0E17226');
INSERT INTO REF_TERM_NAME_TBL (REF_TERM_ID, LANG_CS, TERM_NAME, CRT_USR_ID, PHON_ALG_ID) VALUES ('8f27937b-75c1-4349-b641-e7d08b064a0e', 'en', 'MaternalAunt', 'fadca076-3690-4a6e-af9e-f1cd68e8c7e8', '402CD339-D0E4-46CE-8FC2-12A4B0E17226');
INSERT INTO REF_TERM_NAME_TBL (REF_TERM_ID, LANG_CS, TERM_NAME, CRT_USR_ID, PHON_ALG_ID) VALUES ('436f5020-0473-4596-aa08-1ef19bedb905', 'en', 'MaternalCousin', 'fadca076-3690-4a6e-af9e-f1cd68e8c7e8', '402CD339-D0E4-46CE-8FC2-12A4B0E17226');
INSERT INTO REF_TERM_NAME_TBL (REF_TERM_ID, LANG_CS, TERM_NAME, CRT_USR_ID, PHON_ALG_ID) VALUES ('55eefd51-0a82-418f-a3dd-80e1282313d2', 'en', 'MaternalGreatgrandfather', 'fadca076-3690-4a6e-af9e-f1cd68e8c7e8', '402CD339-D0E4-46CE-8FC2-12A4B0E17226');
INSERT INTO REF_TERM_NAME_TBL (REF_TERM_ID, LANG_CS, TERM_NAME, CRT_USR_ID, PHON_ALG_ID) VALUES ('995d9763-a0b1-4bc5-90aa-4656f3787116', 'en', 'MaternalGreatgrandmother', 'fadca076-3690-4a6e-af9e-f1cd68e8c7e8', '402CD339-D0E4-46CE-8FC2-12A4B0E17226');
INSERT INTO REF_TERM_NAME_TBL (REF_TERM_ID, LANG_CS, TERM_NAME, CRT_USR_ID, PHON_ALG_ID) VALUES ('3dcccb69-00f5-407a-b272-640342c4f625', 'en', 'MaternalGreatgrandparent', 'fadca076-3690-4a6e-af9e-f1cd68e8c7e8', '402CD339-D0E4-46CE-8FC2-12A4B0E17226');
INSERT INTO REF_TERM_NAME_TBL (REF_TERM_ID, LANG_CS, TERM_NAME, CRT_USR_ID, PHON_ALG_ID) VALUES ('f99ad0cf-9a13-436d-88a8-c98255272ed0', 'en', 'MaternalGrandfather', 'fadca076-3690-4a6e-af9e-f1cd68e8c7e8', '402CD339-D0E4-46CE-8FC2-12A4B0E17226');
INSERT INTO REF_TERM_NAME_TBL (REF_TERM_ID, LANG_CS, TERM_NAME, CRT_USR_ID, PHON_ALG_ID) VALUES ('ea152fb7-1218-4bf0-87e4-5d88ec76f8a1', 'en', 'MaternalGrandmother', 'fadca076-3690-4a6e-af9e-f1cd68e8c7e8', '402CD339-D0E4-46CE-8FC2-12A4B0E17226');
INSERT INTO REF_TERM_NAME_TBL (REF_TERM_ID, LANG_CS, TERM_NAME, CRT_USR_ID, PHON_ALG_ID) VALUES ('cf1ea9c7-88c2-4a37-b3d1-ff54403aa9c9', 'en', 'MaternalGrandparent', 'fadca076-3690-4a6e-af9e-f1cd68e8c7e8', '402CD339-D0E4-46CE-8FC2-12A4B0E17226');
INSERT INTO REF_TERM_NAME_TBL (REF_TERM_ID, LANG_CS, TERM_NAME, CRT_USR_ID, PHON_ALG_ID) VALUES ('ece41d56-6915-4324-922c-f85178db8f65', 'en', 'Mother', 'fadca076-3690-4a6e-af9e-f1cd68e8c7e8', '402CD339-D0E4-46CE-8FC2-12A4B0E17226');
INSERT INTO REF_TERM_NAME_TBL (REF_TERM_ID, LANG_CS, TERM_NAME, CRT_USR_ID, PHON_ALG_ID) VALUES ('ba97f1f6-8a49-4788-8f54-4aa84bfc6139', 'en', 'mother-in-law', 'fadca076-3690-4a6e-af9e-f1cd68e8c7e8', '402CD339-D0E4-46CE-8FC2-12A4B0E17226');
INSERT INTO REF_TERM_NAME_TBL (REF_TERM_ID, LANG_CS, TERM_NAME, CRT_USR_ID, PHON_ALG_ID) VALUES ('5f675080-c748-4650-b4a1-4d798b324128', 'en', 'MaternalUncle', 'fadca076-3690-4a6e-af9e-f1cd68e8c7e8', '402CD339-D0E4-46CE-8FC2-12A4B0E17226');
INSERT INTO REF_TERM_NAME_TBL (REF_TERM_ID, LANG_CS, TERM_NAME, CRT_USR_ID, PHON_ALG_ID) VALUES ('b3e5d4ff-cdab-4a54-89dd-3721539313c2', 'en', 'natural brother', 'fadca076-3690-4a6e-af9e-f1cd68e8c7e8', '402CD339-D0E4-46CE-8FC2-12A4B0E17226');
INSERT INTO REF_TERM_NAME_TBL (REF_TERM_ID, LANG_CS, TERM_NAME, CRT_USR_ID, PHON_ALG_ID) VALUES ('86a693bb-f2f8-4f4a-a522-c06eb63eec3c', 'en', 'natural child', 'fadca076-3690-4a6e-af9e-f1cd68e8c7e8', '402CD339-D0E4-46CE-8FC2-12A4B0E17226');
INSERT INTO REF_TERM_NAME_TBL (REF_TERM_ID, LANG_CS, TERM_NAME, CRT_USR_ID, PHON_ALG_ID) VALUES ('592802fb-5c5b-4519-975b-262454d669d5', 'en', 'nephew', 'fadca076-3690-4a6e-af9e-f1cd68e8c7e8', '402CD339-D0E4-46CE-8FC2-12A4B0E17226');
INSERT INTO REF_TERM_NAME_TBL (REF_TERM_ID, LANG_CS, TERM_NAME, CRT_USR_ID, PHON_ALG_ID) VALUES ('bff1c242-9767-43a6-bef0-28596435046c', 'en', 'natural father', 'fadca076-3690-4a6e-af9e-f1cd68e8c7e8', '402CD339-D0E4-46CE-8FC2-12A4B0E17226');
INSERT INTO REF_TERM_NAME_TBL (REF_TERM_ID, LANG_CS, TERM_NAME, CRT_USR_ID, PHON_ALG_ID) VALUES ('0367c3d8-3453-4b9c-9589-60dd4ba6ae09', 'en', 'natural father of fetus', 'fadca076-3690-4a6e-af9e-f1cd68e8c7e8', '402CD339-D0E4-46CE-8FC2-12A4B0E17226');
INSERT INTO REF_TERM_NAME_TBL (REF_TERM_ID, LANG_CS, TERM_NAME, CRT_USR_ID, PHON_ALG_ID) VALUES ('d5a3874c-8145-4b44-980b-0c35a7e47aa5', 'en', 'niece', 'fadca076-3690-4a6e-af9e-f1cd68e8c7e8', '402CD339-D0E4-46CE-8FC2-12A4B0E17226');
INSERT INTO REF_TERM_NAME_TBL (REF_TERM_ID, LANG_CS, TERM_NAME, CRT_USR_ID, PHON_ALG_ID) VALUES ('5b1a7098-3da5-4877-880f-935d2ef73e15', 'en', 'niece/nephew', 'fadca076-3690-4a6e-af9e-f1cd68e8c7e8', '402CD339-D0E4-46CE-8FC2-12A4B0E17226');
INSERT INTO REF_TERM_NAME_TBL (REF_TERM_ID, LANG_CS, TERM_NAME, CRT_USR_ID, PHON_ALG_ID) VALUES ('f11a352a-ca4b-42b1-b0dc-c2f3c04c8e29', 'en', 'natural mother', 'fadca076-3690-4a6e-af9e-f1cd68e8c7e8', '402CD339-D0E4-46CE-8FC2-12A4B0E17226');
INSERT INTO REF_TERM_NAME_TBL (REF_TERM_ID, LANG_CS, TERM_NAME, CRT_USR_ID, PHON_ALG_ID) VALUES ('1bec4c5f-ea04-4398-8a56-c18425de229e', 'en', 'natural parent', 'fadca076-3690-4a6e-af9e-f1cd68e8c7e8', '402CD339-D0E4-46CE-8FC2-12A4B0E17226');
INSERT INTO REF_TERM_NAME_TBL (REF_TERM_ID, LANG_CS, TERM_NAME, CRT_USR_ID, PHON_ALG_ID) VALUES ('9219dd59-27d4-405b-9536-07097d5e7b8f', 'en', 'natural sibling', 'fadca076-3690-4a6e-af9e-f1cd68e8c7e8', '402CD339-D0E4-46CE-8FC2-12A4B0E17226');
INSERT INTO REF_TERM_NAME_TBL (REF_TERM_ID, LANG_CS, TERM_NAME, CRT_USR_ID, PHON_ALG_ID) VALUES ('ce3377ec-f6fe-4469-9c2d-44e7a8b4fadd', 'en', 'natural sister', 'fadca076-3690-4a6e-af9e-f1cd68e8c7e8', '402CD339-D0E4-46CE-8FC2-12A4B0E17226');
INSERT INTO REF_TERM_NAME_TBL (REF_TERM_ID, LANG_CS, TERM_NAME, CRT_USR_ID, PHON_ALG_ID) VALUES ('1fa96925-2fc9-4f8c-8777-d355550928dc', 'en', 'PaternalAunt', 'fadca076-3690-4a6e-af9e-f1cd68e8c7e8', '402CD339-D0E4-46CE-8FC2-12A4B0E17226');
INSERT INTO REF_TERM_NAME_TBL (REF_TERM_ID, LANG_CS, TERM_NAME, CRT_USR_ID, PHON_ALG_ID) VALUES ('978d9e11-ef5a-4c5a-835f-7bae6a1eb7ff', 'en', 'PaternalCousin', 'fadca076-3690-4a6e-af9e-f1cd68e8c7e8', '402CD339-D0E4-46CE-8FC2-12A4B0E17226');
INSERT INTO REF_TERM_NAME_TBL (REF_TERM_ID, LANG_CS, TERM_NAME, CRT_USR_ID, PHON_ALG_ID) VALUES ('97342d87-19d9-4fed-84cc-98326864ccfe', 'en', 'PaternalGreatgrandfather', 'fadca076-3690-4a6e-af9e-f1cd68e8c7e8', '402CD339-D0E4-46CE-8FC2-12A4B0E17226');
INSERT INTO REF_TERM_NAME_TBL (REF_TERM_ID, LANG_CS, TERM_NAME, CRT_USR_ID, PHON_ALG_ID) VALUES ('24f4399c-4f90-4701-85f0-28cf4a46b141', 'en', 'PaternalGreatgrandmother', 'fadca076-3690-4a6e-af9e-f1cd68e8c7e8', '402CD339-D0E4-46CE-8FC2-12A4B0E17226');
INSERT INTO REF_TERM_NAME_TBL (REF_TERM_ID, LANG_CS, TERM_NAME, CRT_USR_ID, PHON_ALG_ID) VALUES ('e9e03c6d-a93c-450a-8bcb-a09815e8bb11', 'en', 'PaternalGreatgrandparent', 'fadca076-3690-4a6e-af9e-f1cd68e8c7e8', '402CD339-D0E4-46CE-8FC2-12A4B0E17226');
INSERT INTO REF_TERM_NAME_TBL (REF_TERM_ID, LANG_CS, TERM_NAME, CRT_USR_ID, PHON_ALG_ID) VALUES ('edc84a2b-e402-468f-9d4e-864a36b2c143', 'en', 'PaternalGrandfather', 'fadca076-3690-4a6e-af9e-f1cd68e8c7e8', '402CD339-D0E4-46CE-8FC2-12A4B0E17226');
INSERT INTO REF_TERM_NAME_TBL (REF_TERM_ID, LANG_CS, TERM_NAME, CRT_USR_ID, PHON_ALG_ID) VALUES ('4f62efe5-2219-44b2-a347-65748d36560d', 'en', 'PaternalGrandmother', 'fadca076-3690-4a6e-af9e-f1cd68e8c7e8', '402CD339-D0E4-46CE-8FC2-12A4B0E17226');
INSERT INTO REF_TERM_NAME_TBL (REF_TERM_ID, LANG_CS, TERM_NAME, CRT_USR_ID, PHON_ALG_ID) VALUES ('50b71872-6ff0-4c1a-8902-177cf765b264', 'en', 'PaternalGrandparent', 'fadca076-3690-4a6e-af9e-f1cd68e8c7e8', '402CD339-D0E4-46CE-8FC2-12A4B0E17226');
INSERT INTO REF_TERM_NAME_TBL (REF_TERM_ID, LANG_CS, TERM_NAME, CRT_USR_ID, PHON_ALG_ID) VALUES ('80012f60-29d0-435e-a2e8-999e87c6d603', 'en', 'Parent', 'fadca076-3690-4a6e-af9e-f1cd68e8c7e8', '402CD339-D0E4-46CE-8FC2-12A4B0E17226');
INSERT INTO REF_TERM_NAME_TBL (REF_TERM_ID, LANG_CS, TERM_NAME, CRT_USR_ID, PHON_ALG_ID) VALUES ('a3e33a20-0051-4a3b-a66c-bf394ce77369', 'en', 'parent in-law', 'fadca076-3690-4a6e-af9e-f1cd68e8c7e8', '402CD339-D0E4-46CE-8FC2-12A4B0E17226');
INSERT INTO REF_TERM_NAME_TBL (REF_TERM_ID, LANG_CS, TERM_NAME, CRT_USR_ID, PHON_ALG_ID) VALUES ('89e2ba5d-e125-4a03-8369-eacf75aa7741', 'en', 'PaternalUncle', 'fadca076-3690-4a6e-af9e-f1cd68e8c7e8', '402CD339-D0E4-46CE-8FC2-12A4B0E17226');
INSERT INTO REF_TERM_NAME_TBL (REF_TERM_ID, LANG_CS, TERM_NAME, CRT_USR_ID, PHON_ALG_ID) VALUES ('f81fdd52-10cb-4e15-8228-8db4b4b612a2', 'en', 'Roomate', 'fadca076-3690-4a6e-af9e-f1cd68e8c7e8', '402CD339-D0E4-46CE-8FC2-12A4B0E17226');
INSERT INTO REF_TERM_NAME_TBL (REF_TERM_ID, LANG_CS, TERM_NAME, CRT_USR_ID, PHON_ALG_ID) VALUES ('038f56a3-5169-4ef9-be2e-a1a439427f01', 'en', 'Sibling', 'fadca076-3690-4a6e-af9e-f1cd68e8c7e8', '402CD339-D0E4-46CE-8FC2-12A4B0E17226');
INSERT INTO REF_TERM_NAME_TBL (REF_TERM_ID, LANG_CS, TERM_NAME, CRT_USR_ID, PHON_ALG_ID) VALUES ('3430a356-8d2f-4de1-9aee-921cf64e45ff', 'en', 'sibling in-law', 'fadca076-3690-4a6e-af9e-f1cd68e8c7e8', '402CD339-D0E4-46CE-8FC2-12A4B0E17226');
INSERT INTO REF_TERM_NAME_TBL (REF_TERM_ID, LANG_CS, TERM_NAME, CRT_USR_ID, PHON_ALG_ID) VALUES ('c94e83a7-a566-4fb4-bfc5-ef18434fc5d0', 'en', 'significant other', 'fadca076-3690-4a6e-af9e-f1cd68e8c7e8', '402CD339-D0E4-46CE-8FC2-12A4B0E17226');
INSERT INTO REF_TERM_NAME_TBL (REF_TERM_ID, LANG_CS, TERM_NAME, CRT_USR_ID, PHON_ALG_ID) VALUES ('62cc7dd9-af57-4eb7-a425-667b631975a1', 'en', 'Sister', 'fadca076-3690-4a6e-af9e-f1cd68e8c7e8', '402CD339-D0E4-46CE-8FC2-12A4B0E17226');
INSERT INTO REF_TERM_NAME_TBL (REF_TERM_ID, LANG_CS, TERM_NAME, CRT_USR_ID, PHON_ALG_ID) VALUES ('23da8443-94a4-4d25-b76e-5c02b380e081', 'en', 'sister-in-law', 'fadca076-3690-4a6e-af9e-f1cd68e8c7e8', '402CD339-D0E4-46CE-8FC2-12A4B0E17226');
INSERT INTO REF_TERM_NAME_TBL (REF_TERM_ID, LANG_CS, TERM_NAME, CRT_USR_ID, PHON_ALG_ID) VALUES ('ca6bf75e-905b-4802-849c-e4be95fe97fc', 'en', 'natural son', 'fadca076-3690-4a6e-af9e-f1cd68e8c7e8', '402CD339-D0E4-46CE-8FC2-12A4B0E17226');
INSERT INTO REF_TERM_NAME_TBL (REF_TERM_ID, LANG_CS, TERM_NAME, CRT_USR_ID, PHON_ALG_ID) VALUES ('a70df556-dd53-4d03-9414-17a1aeedf2df', 'en', 'adopted son', 'fadca076-3690-4a6e-af9e-f1cd68e8c7e8', '402CD339-D0E4-46CE-8FC2-12A4B0E17226');
INSERT INTO REF_TERM_NAME_TBL (REF_TERM_ID, LANG_CS, TERM_NAME, CRT_USR_ID, PHON_ALG_ID) VALUES ('491f214d-a47f-4059-a340-ed7fc06d9920', 'en', 'Son', 'fadca076-3690-4a6e-af9e-f1cd68e8c7e8', '402CD339-D0E4-46CE-8FC2-12A4B0E17226');
INSERT INTO REF_TERM_NAME_TBL (REF_TERM_ID, LANG_CS, TERM_NAME, CRT_USR_ID, PHON_ALG_ID) VALUES ('be4804b9-034a-4e0f-91ca-bfc74988b41b', 'en', 'foster son', 'fadca076-3690-4a6e-af9e-f1cd68e8c7e8', '402CD339-D0E4-46CE-8FC2-12A4B0E17226');
INSERT INTO REF_TERM_NAME_TBL (REF_TERM_ID, LANG_CS, TERM_NAME, CRT_USR_ID, PHON_ALG_ID) VALUES ('4a9bef50-079b-47e1-b694-a3614ea6f71f', 'en', 'son in-law', 'fadca076-3690-4a6e-af9e-f1cd68e8c7e8', '402CD339-D0E4-46CE-8FC2-12A4B0E17226');
INSERT INTO REF_TERM_NAME_TBL (REF_TERM_ID, LANG_CS, TERM_NAME, CRT_USR_ID, PHON_ALG_ID) VALUES ('f217f97f-bdc3-430e-b5de-086c2c52dbd0', 'en', 'spouse', 'fadca076-3690-4a6e-af9e-f1cd68e8c7e8', '402CD339-D0E4-46CE-8FC2-12A4B0E17226');
INSERT INTO REF_TERM_NAME_TBL (REF_TERM_ID, LANG_CS, TERM_NAME, CRT_USR_ID, PHON_ALG_ID) VALUES ('fabee839-47cd-4f16-9a1c-a6f66782fe0e', 'en', 'stepbrother', 'fadca076-3690-4a6e-af9e-f1cd68e8c7e8', '402CD339-D0E4-46CE-8FC2-12A4B0E17226');
INSERT INTO REF_TERM_NAME_TBL (REF_TERM_ID, LANG_CS, TERM_NAME, CRT_USR_ID, PHON_ALG_ID) VALUES ('4e91efae-95ec-470d-86b2-a3a5202b651a', 'en', 'step child', 'fadca076-3690-4a6e-af9e-f1cd68e8c7e8', '402CD339-D0E4-46CE-8FC2-12A4B0E17226');
INSERT INTO REF_TERM_NAME_TBL (REF_TERM_ID, LANG_CS, TERM_NAME, CRT_USR_ID, PHON_ALG_ID) VALUES ('897e3c92-efb1-469b-8014-aca72b90ed3d', 'en', 'stepdaughter', 'fadca076-3690-4a6e-af9e-f1cd68e8c7e8', '402CD339-D0E4-46CE-8FC2-12A4B0E17226');
INSERT INTO REF_TERM_NAME_TBL (REF_TERM_ID, LANG_CS, TERM_NAME, CRT_USR_ID, PHON_ALG_ID) VALUES ('165ca910-6a2c-4fa2-b511-1d004de75a7b', 'en', 'stepfather', 'fadca076-3690-4a6e-af9e-f1cd68e8c7e8', '402CD339-D0E4-46CE-8FC2-12A4B0E17226');
INSERT INTO REF_TERM_NAME_TBL (REF_TERM_ID, LANG_CS, TERM_NAME, CRT_USR_ID, PHON_ALG_ID) VALUES ('465ab53f-616b-4231-8915-48dda5ee3f3b', 'en', 'stepmother', 'fadca076-3690-4a6e-af9e-f1cd68e8c7e8', '402CD339-D0E4-46CE-8FC2-12A4B0E17226');
INSERT INTO REF_TERM_NAME_TBL (REF_TERM_ID, LANG_CS, TERM_NAME, CRT_USR_ID, PHON_ALG_ID) VALUES ('3a68b733-a635-492f-bc39-558913c8b348', 'en', 'step parent', 'fadca076-3690-4a6e-af9e-f1cd68e8c7e8', '402CD339-D0E4-46CE-8FC2-12A4B0E17226');
INSERT INTO REF_TERM_NAME_TBL (REF_TERM_ID, LANG_CS, TERM_NAME, CRT_USR_ID, PHON_ALG_ID) VALUES ('3bd8dd0c-dca1-4e54-a402-75193e75461d', 'en', 'step sibling', 'fadca076-3690-4a6e-af9e-f1cd68e8c7e8', '402CD339-D0E4-46CE-8FC2-12A4B0E17226');
INSERT INTO REF_TERM_NAME_TBL (REF_TERM_ID, LANG_CS, TERM_NAME, CRT_USR_ID, PHON_ALG_ID) VALUES ('8c4fb863-090c-4ea7-b315-faafb1718a3e', 'en', 'stepsister', 'fadca076-3690-4a6e-af9e-f1cd68e8c7e8', '402CD339-D0E4-46CE-8FC2-12A4B0E17226');
INSERT INTO REF_TERM_NAME_TBL (REF_TERM_ID, LANG_CS, TERM_NAME, CRT_USR_ID, PHON_ALG_ID) VALUES ('d388f8e5-18ab-43d9-9184-7dd3502093b9', 'en', 'stepson', 'fadca076-3690-4a6e-af9e-f1cd68e8c7e8', '402CD339-D0E4-46CE-8FC2-12A4B0E17226');
INSERT INTO REF_TERM_NAME_TBL (REF_TERM_ID, LANG_CS, TERM_NAME, CRT_USR_ID, PHON_ALG_ID) VALUES ('b9fc7529-e47d-4980-a441-81f0392eabcb', 'en', 'uncle', 'fadca076-3690-4a6e-af9e-f1cd68e8c7e8', '402CD339-D0E4-46CE-8FC2-12A4B0E17226');
INSERT INTO REF_TERM_NAME_TBL (REF_TERM_ID, LANG_CS, TERM_NAME, CRT_USR_ID, PHON_ALG_ID) VALUES ('bdb39719-830b-4d78-b0b6-d76cb645695d', 'en', 'wife', 'fadca076-3690-4a6e-af9e-f1cd68e8c7e8', '402CD339-D0E4-46CE-8FC2-12A4B0E17226');
INSERT INTO REF_TERM_NAME_TBL (REF_TERM_ID, LANG_CS, TERM_NAME, CRT_USR_ID, PHON_ALG_ID) VALUES ('4e0814cf-f66f-400b-98aa-b69de7d24b99', 'en', 'representative half-life', 'fadca076-3690-4a6e-af9e-f1cd68e8c7e8', '402CD339-D0E4-46CE-8FC2-12A4B0E17226');
INSERT INTO REF_TERM_NAME_TBL (REF_TERM_ID, LANG_CS, TERM_NAME, CRT_USR_ID, PHON_ALG_ID) VALUES ('8c35ec18-20f6-44ea-94db-2d209373a5d3', 'en', 'coating', 'fadca076-3690-4a6e-af9e-f1cd68e8c7e8', '402CD339-D0E4-46CE-8FC2-12A4B0E17226');
INSERT INTO REF_TERM_NAME_TBL (REF_TERM_ID, LANG_CS, TERM_NAME, CRT_USR_ID, PHON_ALG_ID) VALUES ('fdc0a8e1-3241-4bbd-9390-32f2f30dfbb4', 'en', 'color', 'fadca076-3690-4a6e-af9e-f1cd68e8c7e8', '402CD339-D0E4-46CE-8FC2-12A4B0E17226');
INSERT INTO REF_TERM_NAME_TBL (REF_TERM_ID, LANG_CS, TERM_NAME, CRT_USR_ID, PHON_ALG_ID) VALUES ('0f2f2fa4-6426-48c2-89a9-d406f8004a94', 'en', 'image', 'fadca076-3690-4a6e-af9e-f1cd68e8c7e8', '402CD339-D0E4-46CE-8FC2-12A4B0E17226');
INSERT INTO REF_TERM_NAME_TBL (REF_TERM_ID, LANG_CS, TERM_NAME, CRT_USR_ID, PHON_ALG_ID) VALUES ('3acd1096-f64e-4275-a5b9-271e9a4eee28', 'en', 'imprint code', 'fadca076-3690-4a6e-af9e-f1cd68e8c7e8', '402CD339-D0E4-46CE-8FC2-12A4B0E17226');
INSERT INTO REF_TERM_NAME_TBL (REF_TERM_ID, LANG_CS, TERM_NAME, CRT_USR_ID, PHON_ALG_ID) VALUES ('a48c8730-70e4-4f6c-bb4a-bf4a5aae0a20', 'en', 'scoring', 'fadca076-3690-4a6e-af9e-f1cd68e8c7e8', '402CD339-D0E4-46CE-8FC2-12A4B0E17226');
INSERT INTO REF_TERM_NAME_TBL (REF_TERM_ID, LANG_CS, TERM_NAME, CRT_USR_ID, PHON_ALG_ID) VALUES ('52609c95-960d-45ec-8351-53e378ade473', 'en', 'shape', 'fadca076-3690-4a6e-af9e-f1cd68e8c7e8', '402CD339-D0E4-46CE-8FC2-12A4B0E17226');
INSERT INTO REF_TERM_NAME_TBL (REF_TERM_ID, LANG_CS, TERM_NAME, CRT_USR_ID, PHON_ALG_ID) VALUES ('539ae587-0ed7-446d-8e48-1b3735e6c423', 'en', 'size', 'fadca076-3690-4a6e-af9e-f1cd68e8c7e8', '402CD339-D0E4-46CE-8FC2-12A4B0E17226');
INSERT INTO REF_TERM_NAME_TBL (REF_TERM_ID, LANG_CS, TERM_NAME, CRT_USR_ID, PHON_ALG_ID) VALUES ('fb314812-1d33-414b-84b1-dd7b1a16d770', 'en', 'symbol', 'fadca076-3690-4a6e-af9e-f1cd68e8c7e8', '402CD339-D0E4-46CE-8FC2-12A4B0E17226');

-- Concept Reference Terms
INSERT INTO CD_NAME_TBL (CD_ID, EFFT_VRSN_SEQ_ID, LANG_CS, VAL, PHON_ALG_ID) SELECT 'bbd960a1-3853-4b13-b62a-d768f93a08c5', VRSN_SEQ_ID, 'en', 'Clinical Document', '402CD339-D0E4-46CE-8FC2-12A4B0E17226' FROM CD_VRSN_TBL WHERE CD_ID = 'bbd960a1-3853-4b13-b62a-d768f93a08c5' AND OBSLT_UTC IS NULL;
INSERT INTO CD_NAME_TBL (CD_ID, EFFT_VRSN_SEQ_ID, LANG_CS, VAL, PHON_ALG_ID) SELECT '846c2ccf-5b02-4b3f-beb4-3d69ce7830dd', VRSN_SEQ_ID, 'en', 'Consumable', '402CD339-D0E4-46CE-8FC2-12A4B0E17226' FROM CD_VRSN_TBL WHERE CD_ID = '846c2ccf-5b02-4b3f-beb4-3d69ce7830dd' AND OBSLT_UTC IS NULL;
INSERT INTO CD_NAME_TBL (CD_ID, EFFT_VRSN_SEQ_ID, LANG_CS, VAL, PHON_ALG_ID) SELECT '0f4ba634-5107-4eab-9658-25be293cd831', VRSN_SEQ_ID, 'en', 'Document', '402CD339-D0E4-46CE-8FC2-12A4B0E17226' FROM CD_VRSN_TBL WHERE CD_ID = '0f4ba634-5107-4eab-9658-25be293cd831' AND OBSLT_UTC IS NULL;
INSERT INTO CD_NAME_TBL (CD_ID, EFFT_VRSN_SEQ_ID, LANG_CS, VAL, PHON_ALG_ID) SELECT '2557f7b4-e465-4965-b016-766f192131ab', VRSN_SEQ_ID, 'en', 'Document body', '402CD339-D0E4-46CE-8FC2-12A4B0E17226' FROM CD_VRSN_TBL WHERE CD_ID = '2557f7b4-e465-4965-b016-766f192131ab' AND OBSLT_UTC IS NULL;
INSERT INTO CD_NAME_TBL (CD_ID, EFFT_VRSN_SEQ_ID, LANG_CS, VAL, PHON_ALG_ID) SELECT '4b98c47f-eaa5-472c-a2c6-97dddc0cb68c', VRSN_SEQ_ID, 'en', 'Document section', '402CD339-D0E4-46CE-8FC2-12A4B0E17226' FROM CD_VRSN_TBL WHERE CD_ID = '4b98c47f-eaa5-472c-a2c6-97dddc0cb68c' AND OBSLT_UTC IS NULL;
INSERT INTO CD_NAME_TBL (CD_ID, EFFT_VRSN_SEQ_ID, LANG_CS, VAL, PHON_ALG_ID) SELECT '54b52119-1709-4098-8911-5df6d6c84140', VRSN_SEQ_ID, 'en', 'Encounter', '402CD339-D0E4-46CE-8FC2-12A4B0E17226' FROM CD_VRSN_TBL WHERE CD_ID = '54b52119-1709-4098-8911-5df6d6c84140' AND OBSLT_UTC IS NULL;
INSERT INTO CD_NAME_TBL (CD_ID, EFFT_VRSN_SEQ_ID, LANG_CS, VAL, PHON_ALG_ID) SELECT 'be84b6d3-446d-4e7e-b35d-2925f9f93434', VRSN_SEQ_ID, 'en', 'Case', '402CD339-D0E4-46CE-8FC2-12A4B0E17226' FROM CD_VRSN_TBL WHERE CD_ID = 'be84b6d3-446d-4e7e-b35d-2925f9f93434' AND OBSLT_UTC IS NULL;
INSERT INTO CD_NAME_TBL (CD_ID, EFFT_VRSN_SEQ_ID, LANG_CS, VAL, PHON_ALG_ID) SELECT '1987c53c-7ab8-4461-9ebc-0d428744a8c0', VRSN_SEQ_ID, 'en', 'Condition', '402CD339-D0E4-46CE-8FC2-12A4B0E17226' FROM CD_VRSN_TBL WHERE CD_ID = '1987c53c-7ab8-4461-9ebc-0d428744a8c0' AND OBSLT_UTC IS NULL;
INSERT INTO CD_NAME_TBL (CD_ID, EFFT_VRSN_SEQ_ID, LANG_CS, VAL, PHON_ALG_ID) SELECT '43a9642c-a054-45df-9bee-99274b4635cd', VRSN_SEQ_ID, 'en', 'General', '402CD339-D0E4-46CE-8FC2-12A4B0E17226' FROM CD_VRSN_TBL WHERE CD_ID = '43a9642c-a054-45df-9bee-99274b4635cd' AND OBSLT_UTC IS NULL;
INSERT INTO CD_NAME_TBL (CD_ID, EFFT_VRSN_SEQ_ID, LANG_CS, VAL, PHON_ALG_ID) SELECT '57619b4a-2c8a-4674-a7fc-8e4f9aeb4903', VRSN_SEQ_ID, 'en', 'left lateral decubitus', '402CD339-D0E4-46CE-8FC2-12A4B0E17226' FROM CD_VRSN_TBL WHERE CD_ID = '57619b4a-2c8a-4674-a7fc-8e4f9aeb4903' AND OBSLT_UTC IS NULL;
INSERT INTO CD_NAME_TBL (CD_ID, EFFT_VRSN_SEQ_ID, LANG_CS, VAL, PHON_ALG_ID) SELECT '28d022c6-8a8b-47c4-9e6a-2bc67308739e', VRSN_SEQ_ID, 'en', 'Observation', '402CD339-D0E4-46CE-8FC2-12A4B0E17226' FROM CD_VRSN_TBL WHERE CD_ID = '28d022c6-8a8b-47c4-9e6a-2bc67308739e' AND OBSLT_UTC IS NULL;
INSERT INTO CD_NAME_TBL (CD_ID, EFFT_VRSN_SEQ_ID, LANG_CS, VAL, PHON_ALG_ID) SELECT '118e2293-0f46-4b78-8252-ab078afb32d3', VRSN_SEQ_ID, 'en', 'OBSSER', '402CD339-D0E4-46CE-8FC2-12A4B0E17226' FROM CD_VRSN_TBL WHERE CD_ID = '118e2293-0f46-4b78-8252-ab078afb32d3' AND OBSLT_UTC IS NULL;
INSERT INTO CD_NAME_TBL (CD_ID, EFFT_VRSN_SEQ_ID, LANG_CS, VAL, PHON_ALG_ID) SELECT '40829e76-33ec-420c-ae79-c9b9dc5a3481', VRSN_SEQ_ID, 'en', 'Position', '402CD339-D0E4-46CE-8FC2-12A4B0E17226' FROM CD_VRSN_TBL WHERE CD_ID = '40829e76-33ec-420c-ae79-c9b9dc5a3481' AND OBSLT_UTC IS NULL;
INSERT INTO CD_NAME_TBL (CD_ID, EFFT_VRSN_SEQ_ID, LANG_CS, VAL, PHON_ALG_ID) SELECT '0804e3a1-abe6-4bfb-9ad3-5484f170d181', VRSN_SEQ_ID, 'en', 'prone', '402CD339-D0E4-46CE-8FC2-12A4B0E17226' FROM CD_VRSN_TBL WHERE CD_ID = '0804e3a1-abe6-4bfb-9ad3-5484f170d181' AND OBSLT_UTC IS NULL;
INSERT INTO CD_NAME_TBL (CD_ID, EFFT_VRSN_SEQ_ID, LANG_CS, VAL, PHON_ALG_ID) SELECT '80c58da9-917c-450b-843f-de21e4ae41a9', VRSN_SEQ_ID, 'en', 'right lateral decubitus', '402CD339-D0E4-46CE-8FC2-12A4B0E17226' FROM CD_VRSN_TBL WHERE CD_ID = '80c58da9-917c-450b-843f-de21e4ae41a9' AND OBSLT_UTC IS NULL;
INSERT INTO CD_NAME_TBL (CD_ID, EFFT_VRSN_SEQ_ID, LANG_CS, VAL, PHON_ALG_ID) SELECT '22304ab0-b133-494a-ad30-4d9170176f99', VRSN_SEQ_ID, 'en', 'Semi-Fowler''s', '402CD339-D0E4-46CE-8FC2-12A4B0E17226' FROM CD_VRSN_TBL WHERE CD_ID = '22304ab0-b133-494a-ad30-4d9170176f99' AND OBSLT_UTC IS NULL;
INSERT INTO CD_NAME_TBL (CD_ID, EFFT_VRSN_SEQ_ID, LANG_CS, VAL, PHON_ALG_ID) SELECT '487e2e90-c2ab-4693-b190-2c4e2f0e7cec', VRSN_SEQ_ID, 'en', 'sitting', '402CD339-D0E4-46CE-8FC2-12A4B0E17226' FROM CD_VRSN_TBL WHERE CD_ID = '487e2e90-c2ab-4693-b190-2c4e2f0e7cec' AND OBSLT_UTC IS NULL;
INSERT INTO CD_NAME_TBL (CD_ID, EFFT_VRSN_SEQ_ID, LANG_CS, VAL, PHON_ALG_ID) SELECT '7ce22b9d-e062-447c-a921-71e690ebd5cf', VRSN_SEQ_ID, 'en', 'standing', '402CD339-D0E4-46CE-8FC2-12A4B0E17226' FROM CD_VRSN_TBL WHERE CD_ID = '7ce22b9d-e062-447c-a921-71e690ebd5cf' AND OBSLT_UTC IS NULL;
INSERT INTO CD_NAME_TBL (CD_ID, EFFT_VRSN_SEQ_ID, LANG_CS, VAL, PHON_ALG_ID) SELECT 'ec38d31f-a187-4921-9fb6-ff9d227e9e9c', VRSN_SEQ_ID, 'en', 'supine', '402CD339-D0E4-46CE-8FC2-12A4B0E17226' FROM CD_VRSN_TBL WHERE CD_ID = 'ec38d31f-a187-4921-9fb6-ff9d227e9e9c' AND OBSLT_UTC IS NULL;
INSERT INTO CD_NAME_TBL (CD_ID, EFFT_VRSN_SEQ_ID, LANG_CS, VAL, PHON_ALG_ID) SELECT 'bc6b2fc6-6542-4bec-96eb-8573a606dbb4', VRSN_SEQ_ID, 'en', 'reverse trendelenburg', '402CD339-D0E4-46CE-8FC2-12A4B0E17226' FROM CD_VRSN_TBL WHERE CD_ID = 'bc6b2fc6-6542-4bec-96eb-8573a606dbb4' AND OBSLT_UTC IS NULL;
INSERT INTO CD_NAME_TBL (CD_ID, EFFT_VRSN_SEQ_ID, LANG_CS, VAL, PHON_ALG_ID) SELECT 'ab94417b-0d1a-4c46-8d55-6c3fba04ed7e', VRSN_SEQ_ID, 'en', 'trendelenburg', '402CD339-D0E4-46CE-8FC2-12A4B0E17226' FROM CD_VRSN_TBL WHERE CD_ID = 'ab94417b-0d1a-4c46-8d55-6c3fba04ed7e' AND OBSLT_UTC IS NULL;
INSERT INTO CD_NAME_TBL (CD_ID, EFFT_VRSN_SEQ_ID, LANG_CS, VAL, PHON_ALG_ID) SELECT '82d09e9e-9b12-47dd-acba-0557cc025bd7', VRSN_SEQ_ID, 'en', 'overlay ROI', '402CD339-D0E4-46CE-8FC2-12A4B0E17226' FROM CD_VRSN_TBL WHERE CD_ID = '82d09e9e-9b12-47dd-acba-0557cc025bd7' AND OBSLT_UTC IS NULL;
INSERT INTO CD_NAME_TBL (CD_ID, EFFT_VRSN_SEQ_ID, LANG_CS, VAL, PHON_ALG_ID) SELECT '932a3c7e-ad77-450a-8a1f-030fc2855450', VRSN_SEQ_ID, 'en', 'Substance administration', '402CD339-D0E4-46CE-8FC2-12A4B0E17226' FROM CD_VRSN_TBL WHERE CD_ID = '932a3c7e-ad77-450a-8a1f-030fc2855450' AND OBSLT_UTC IS NULL;
INSERT INTO CD_NAME_TBL (CD_ID, EFFT_VRSN_SEQ_ID, LANG_CS, VAL, PHON_ALG_ID) SELECT 'a064984f-9847-4480-8bea-dddf64b3c77c', VRSN_SEQ_ID, 'en', 'Supply', '402CD339-D0E4-46CE-8FC2-12A4B0E17226' FROM CD_VRSN_TBL WHERE CD_ID = 'a064984f-9847-4480-8bea-dddf64b3c77c' AND OBSLT_UTC IS NULL;
INSERT INTO CD_NAME_TBL (CD_ID, EFFT_VRSN_SEQ_ID, LANG_CS, VAL, PHON_ALG_ID) SELECT '73a70eea-06cd-4865-a5f7-f010e33ba4f3', VRSN_SEQ_ID, 'en', 'ambulatory', '402CD339-D0E4-46CE-8FC2-12A4B0E17226' FROM CD_VRSN_TBL WHERE CD_ID = '73a70eea-06cd-4865-a5f7-f010e33ba4f3' AND OBSLT_UTC IS NULL;
INSERT INTO CD_NAME_TBL (CD_ID, EFFT_VRSN_SEQ_ID, LANG_CS, VAL, PHON_ALG_ID) SELECT 'b47f044d-a9c8-4a65-9f84-d99d913beb97', VRSN_SEQ_ID, 'en', 'emergency', '402CD339-D0E4-46CE-8FC2-12A4B0E17226' FROM CD_VRSN_TBL WHERE CD_ID = 'b47f044d-a9c8-4a65-9f84-d99d913beb97' AND OBSLT_UTC IS NULL;
INSERT INTO CD_NAME_TBL (CD_ID, EFFT_VRSN_SEQ_ID, LANG_CS, VAL, PHON_ALG_ID) SELECT '21a61f18-1fc5-47c0-a235-721d2f965e33', VRSN_SEQ_ID, 'en', 'field', '402CD339-D0E4-46CE-8FC2-12A4B0E17226' FROM CD_VRSN_TBL WHERE CD_ID = '21a61f18-1fc5-47c0-a235-721d2f965e33' AND OBSLT_UTC IS NULL;
INSERT INTO CD_NAME_TBL (CD_ID, EFFT_VRSN_SEQ_ID, LANG_CS, VAL, PHON_ALG_ID) SELECT 'f38f409f-3e92-4e6b-b8fd-b2abc7e6c177', VRSN_SEQ_ID, 'en', 'home health', '402CD339-D0E4-46CE-8FC2-12A4B0E17226' FROM CD_VRSN_TBL WHERE CD_ID = 'f38f409f-3e92-4e6b-b8fd-b2abc7e6c177' AND OBSLT_UTC IS NULL;
INSERT INTO CD_NAME_TBL (CD_ID, EFFT_VRSN_SEQ_ID, LANG_CS, VAL, PHON_ALG_ID) SELECT 'fdae49aa-6fcb-40ae-9653-744e87fdd692', VRSN_SEQ_ID, 'en', 'inpatient encounter', '402CD339-D0E4-46CE-8FC2-12A4B0E17226' FROM CD_VRSN_TBL WHERE CD_ID = 'fdae49aa-6fcb-40ae-9653-744e87fdd692' AND OBSLT_UTC IS NULL;
INSERT INTO CD_NAME_TBL (CD_ID, EFFT_VRSN_SEQ_ID, LANG_CS, VAL, PHON_ALG_ID) SELECT '9613f16a-f962-4c27-8489-b78aebd7e2ec', VRSN_SEQ_ID, 'en', 'inpatient acute', '402CD339-D0E4-46CE-8FC2-12A4B0E17226' FROM CD_VRSN_TBL WHERE CD_ID = '9613f16a-f962-4c27-8489-b78aebd7e2ec' AND OBSLT_UTC IS NULL;
INSERT INTO CD_NAME_TBL (CD_ID, EFFT_VRSN_SEQ_ID, LANG_CS, VAL, PHON_ALG_ID) SELECT '90c2f40c-784e-4260-8b91-66bb032d3652', VRSN_SEQ_ID, 'en', 'inpatient non-acute', '402CD339-D0E4-46CE-8FC2-12A4B0E17226' FROM CD_VRSN_TBL WHERE CD_ID = '90c2f40c-784e-4260-8b91-66bb032d3652' AND OBSLT_UTC IS NULL;
INSERT INTO CD_NAME_TBL (CD_ID, EFFT_VRSN_SEQ_ID, LANG_CS, VAL, PHON_ALG_ID) SELECT '1a76e650-0242-4b40-9267-bf3a5b386c96', VRSN_SEQ_ID, 'en', 'short stay', '402CD339-D0E4-46CE-8FC2-12A4B0E17226' FROM CD_VRSN_TBL WHERE CD_ID = '1a76e650-0242-4b40-9267-bf3a5b386c96' AND OBSLT_UTC IS NULL;
INSERT INTO CD_NAME_TBL (CD_ID, EFFT_VRSN_SEQ_ID, LANG_CS, VAL, PHON_ALG_ID) SELECT '5a5023c9-9a53-4f4f-a9b2-5938c71041e7', VRSN_SEQ_ID, 'en', 'virtual', '402CD339-D0E4-46CE-8FC2-12A4B0E17226' FROM CD_VRSN_TBL WHERE CD_ID = '5a5023c9-9a53-4f4f-a9b2-5938c71041e7' AND OBSLT_UTC IS NULL;
INSERT INTO CD_NAME_TBL (CD_ID, EFFT_VRSN_SEQ_ID, LANG_CS, VAL, PHON_ALG_ID) SELECT '7a4a0c9c-cf1c-423a-987e-d2a5717ac74e', VRSN_SEQ_ID, 'en', 'Event (critereon)', '402CD339-D0E4-46CE-8FC2-12A4B0E17226' FROM CD_VRSN_TBL WHERE CD_ID = '7a4a0c9c-cf1c-423a-987e-d2a5717ac74e' AND OBSLT_UTC IS NULL;
INSERT INTO CD_NAME_TBL (CD_ID, EFFT_VRSN_SEQ_ID, LANG_CS, VAL, PHON_ALG_ID) SELECT 'ec74541f-87c4-4327-a4b9-97f325501747', VRSN_SEQ_ID, 'en', 'event (occurrence)', '402CD339-D0E4-46CE-8FC2-12A4B0E17226' FROM CD_VRSN_TBL WHERE CD_ID = 'ec74541f-87c4-4327-a4b9-97f325501747' AND OBSLT_UTC IS NULL;
INSERT INTO CD_NAME_TBL (CD_ID, EFFT_VRSN_SEQ_ID, LANG_CS, VAL, PHON_ALG_ID) SELECT '29894070-a76b-47ef-8c16-d84e0acd9ea6', VRSN_SEQ_ID, 'en', 'Authenticates', '402CD339-D0E4-46CE-8FC2-12A4B0E17226' FROM CD_VRSN_TBL WHERE CD_ID = '29894070-a76b-47ef-8c16-d84e0acd9ea6' AND OBSLT_UTC IS NULL;
INSERT INTO CD_NAME_TBL (CD_ID, EFFT_VRSN_SEQ_ID, LANG_CS, VAL, PHON_ALG_ID) SELECT '646542bc-72e4-488b-bbf4-865d452e62ec', VRSN_SEQ_ID, 'en', 'Fulfills', '402CD339-D0E4-46CE-8FC2-12A4B0E17226' FROM CD_VRSN_TBL WHERE CD_ID = '646542bc-72e4-488b-bbf4-865d452e62ec' AND OBSLT_UTC IS NULL;
INSERT INTO CD_NAME_TBL (CD_ID, EFFT_VRSN_SEQ_ID, LANG_CS, VAL, PHON_ALG_ID) SELECT '78b9540f-438b-4b6f-8d83-aaf4979dbc64', VRSN_SEQ_ID, 'en', 'has component', '402CD339-D0E4-46CE-8FC2-12A4B0E17226' FROM CD_VRSN_TBL WHERE CD_ID = '78b9540f-438b-4b6f-8d83-aaf4979dbc64' AND OBSLT_UTC IS NULL;
INSERT INTO CD_NAME_TBL (CD_ID, EFFT_VRSN_SEQ_ID, LANG_CS, VAL, PHON_ALG_ID) SELECT '26fe590c-3684-4574-9359-057fdd06ba61', VRSN_SEQ_ID, 'en', 'arrival', '402CD339-D0E4-46CE-8FC2-12A4B0E17226' FROM CD_VRSN_TBL WHERE CD_ID = '26fe590c-3684-4574-9359-057fdd06ba61' AND OBSLT_UTC IS NULL;
INSERT INTO CD_NAME_TBL (CD_ID, EFFT_VRSN_SEQ_ID, LANG_CS, VAL, PHON_ALG_ID) SELECT '85f68168-2a43-4532-bc79-191fa0b47c8b', VRSN_SEQ_ID, 'en', 'has control variable', '402CD339-D0E4-46CE-8FC2-12A4B0E17226' FROM CD_VRSN_TBL WHERE CD_ID = '85f68168-2a43-4532-bc79-191fa0b47c8b' AND OBSLT_UTC IS NULL;
INSERT INTO CD_NAME_TBL (CD_ID, EFFT_VRSN_SEQ_ID, LANG_CS, VAL, PHON_ALG_ID) SELECT '28c81cdc-ca56-4c92-b691-094e89630642', VRSN_SEQ_ID, 'en', 'departure', '402CD339-D0E4-46CE-8FC2-12A4B0E17226' FROM CD_VRSN_TBL WHERE CD_ID = '28c81cdc-ca56-4c92-b691-094e89630642' AND OBSLT_UTC IS NULL;
INSERT INTO CD_NAME_TBL (CD_ID, EFFT_VRSN_SEQ_ID, LANG_CS, VAL, PHON_ALG_ID) SELECT '5a280fc0-8c26-4191-b204-b1b1e4e19462', VRSN_SEQ_ID, 'en', 'has pre-condition', '402CD339-D0E4-46CE-8FC2-12A4B0E17226' FROM CD_VRSN_TBL WHERE CD_ID = '5a280fc0-8c26-4191-b204-b1b1e4e19462' AND OBSLT_UTC IS NULL;
INSERT INTO CD_NAME_TBL (CD_ID, EFFT_VRSN_SEQ_ID, LANG_CS, VAL, PHON_ALG_ID) SELECT '99488a1d-6d97-4013-8c91-ded6ad3b8e89', VRSN_SEQ_ID, 'en', 'REFV', '402CD339-D0E4-46CE-8FC2-12A4B0E17226' FROM CD_VRSN_TBL WHERE CD_ID = '99488a1d-6d97-4013-8c91-ded6ad3b8e89' AND OBSLT_UTC IS NULL;
INSERT INTO CD_NAME_TBL (CD_ID, EFFT_VRSN_SEQ_ID, LANG_CS, VAL, PHON_ALG_ID) SELECT '07e4d325-63b9-487d-a22c-9b194c09a6ba', VRSN_SEQ_ID, 'en', 'Argentine Peso', '402CD339-D0E4-46CE-8FC2-12A4B0E17226' FROM CD_VRSN_TBL WHERE CD_ID = '07e4d325-63b9-487d-a22c-9b194c09a6ba' AND OBSLT_UTC IS NULL;
INSERT INTO CD_NAME_TBL (CD_ID, EFFT_VRSN_SEQ_ID, LANG_CS, VAL, PHON_ALG_ID) SELECT 'c3b1a717-74d0-4ae3-830c-efddcc57bb92', VRSN_SEQ_ID, 'en', 'Australian Dollar', '402CD339-D0E4-46CE-8FC2-12A4B0E17226' FROM CD_VRSN_TBL WHERE CD_ID = 'c3b1a717-74d0-4ae3-830c-efddcc57bb92' AND OBSLT_UTC IS NULL;
INSERT INTO CD_NAME_TBL (CD_ID, EFFT_VRSN_SEQ_ID, LANG_CS, VAL, PHON_ALG_ID) SELECT '16d4c8a8-5776-4c34-b189-018d236f1cb6', VRSN_SEQ_ID, 'en', 'Brazilian Real', '402CD339-D0E4-46CE-8FC2-12A4B0E17226' FROM CD_VRSN_TBL WHERE CD_ID = '16d4c8a8-5776-4c34-b189-018d236f1cb6' AND OBSLT_UTC IS NULL;
INSERT INTO CD_NAME_TBL (CD_ID, EFFT_VRSN_SEQ_ID, LANG_CS, VAL, PHON_ALG_ID) SELECT '802ae6bb-31b8-401a-9d40-9ce3c3da227c', VRSN_SEQ_ID, 'en', 'Canadian Dollar', '402CD339-D0E4-46CE-8FC2-12A4B0E17226' FROM CD_VRSN_TBL WHERE CD_ID = '802ae6bb-31b8-401a-9d40-9ce3c3da227c' AND OBSLT_UTC IS NULL;
INSERT INTO CD_NAME_TBL (CD_ID, EFFT_VRSN_SEQ_ID, LANG_CS, VAL, PHON_ALG_ID) SELECT '2ca49a5f-af50-402d-9263-7725071c3ed9', VRSN_SEQ_ID, 'en', 'Swiss Franc', '402CD339-D0E4-46CE-8FC2-12A4B0E17226' FROM CD_VRSN_TBL WHERE CD_ID = '2ca49a5f-af50-402d-9263-7725071c3ed9' AND OBSLT_UTC IS NULL;
INSERT INTO CD_NAME_TBL (CD_ID, EFFT_VRSN_SEQ_ID, LANG_CS, VAL, PHON_ALG_ID) SELECT 'f81e1097-ed9e-461b-9e1f-52bd7ed47236', VRSN_SEQ_ID, 'en', 'Unidades de Formento', '402CD339-D0E4-46CE-8FC2-12A4B0E17226' FROM CD_VRSN_TBL WHERE CD_ID = 'f81e1097-ed9e-461b-9e1f-52bd7ed47236' AND OBSLT_UTC IS NULL;
INSERT INTO CD_NAME_TBL (CD_ID, EFFT_VRSN_SEQ_ID, LANG_CS, VAL, PHON_ALG_ID) SELECT '31a56b8d-b358-453a-a3c8-b1d60ee52578', VRSN_SEQ_ID, 'en', 'Yuan Renminbi', '402CD339-D0E4-46CE-8FC2-12A4B0E17226' FROM CD_VRSN_TBL WHERE CD_ID = '31a56b8d-b358-453a-a3c8-b1d60ee52578' AND OBSLT_UTC IS NULL;
INSERT INTO CD_NAME_TBL (CD_ID, EFFT_VRSN_SEQ_ID, LANG_CS, VAL, PHON_ALG_ID) SELECT '50829a86-6643-423c-bbae-eb3119575349', VRSN_SEQ_ID, 'en', 'Deutsche Mark', '402CD339-D0E4-46CE-8FC2-12A4B0E17226' FROM CD_VRSN_TBL WHERE CD_ID = '50829a86-6643-423c-bbae-eb3119575349' AND OBSLT_UTC IS NULL;
INSERT INTO CD_NAME_TBL (CD_ID, EFFT_VRSN_SEQ_ID, LANG_CS, VAL, PHON_ALG_ID) SELECT '9b3412c0-adb9-41fa-9b23-2557bd0b3348', VRSN_SEQ_ID, 'en', 'Spanish Peseta', '402CD339-D0E4-46CE-8FC2-12A4B0E17226' FROM CD_VRSN_TBL WHERE CD_ID = '9b3412c0-adb9-41fa-9b23-2557bd0b3348' AND OBSLT_UTC IS NULL;
INSERT INTO CD_NAME_TBL (CD_ID, EFFT_VRSN_SEQ_ID, LANG_CS, VAL, PHON_ALG_ID) SELECT '4f509ada-d366-41ac-bd84-e0b3046a0ffc', VRSN_SEQ_ID, 'en', 'Euro', '402CD339-D0E4-46CE-8FC2-12A4B0E17226' FROM CD_VRSN_TBL WHERE CD_ID = '4f509ada-d366-41ac-bd84-e0b3046a0ffc' AND OBSLT_UTC IS NULL;
INSERT INTO CD_NAME_TBL (CD_ID, EFFT_VRSN_SEQ_ID, LANG_CS, VAL, PHON_ALG_ID) SELECT 'e769140d-195e-4fdf-b64f-0da4ecf74b36', VRSN_SEQ_ID, 'en', 'Markka', '402CD339-D0E4-46CE-8FC2-12A4B0E17226' FROM CD_VRSN_TBL WHERE CD_ID = 'e769140d-195e-4fdf-b64f-0da4ecf74b36' AND OBSLT_UTC IS NULL;
INSERT INTO CD_NAME_TBL (CD_ID, EFFT_VRSN_SEQ_ID, LANG_CS, VAL, PHON_ALG_ID) SELECT '221bc06c-27f4-4244-8efe-a7b968fbdbd6', VRSN_SEQ_ID, 'en', 'French Franc', '402CD339-D0E4-46CE-8FC2-12A4B0E17226' FROM CD_VRSN_TBL WHERE CD_ID = '221bc06c-27f4-4244-8efe-a7b968fbdbd6' AND OBSLT_UTC IS NULL;
INSERT INTO CD_NAME_TBL (CD_ID, EFFT_VRSN_SEQ_ID, LANG_CS, VAL, PHON_ALG_ID) SELECT 'd920a941-ec06-4d0d-9f60-631b790f8e0d', VRSN_SEQ_ID, 'en', 'Pound Sterling', '402CD339-D0E4-46CE-8FC2-12A4B0E17226' FROM CD_VRSN_TBL WHERE CD_ID = 'd920a941-ec06-4d0d-9f60-631b790f8e0d' AND OBSLT_UTC IS NULL;
INSERT INTO CD_NAME_TBL (CD_ID, EFFT_VRSN_SEQ_ID, LANG_CS, VAL, PHON_ALG_ID) SELECT 'f730f892-ebcc-43bc-8d39-bda98bc76563', VRSN_SEQ_ID, 'en', 'Shekel', '402CD339-D0E4-46CE-8FC2-12A4B0E17226' FROM CD_VRSN_TBL WHERE CD_ID = 'f730f892-ebcc-43bc-8d39-bda98bc76563' AND OBSLT_UTC IS NULL;
INSERT INTO CD_NAME_TBL (CD_ID, EFFT_VRSN_SEQ_ID, LANG_CS, VAL, PHON_ALG_ID) SELECT 'e0f40a69-0e09-44e1-bd37-080ac88661e3', VRSN_SEQ_ID, 'en', 'Indian Rupee', '402CD339-D0E4-46CE-8FC2-12A4B0E17226' FROM CD_VRSN_TBL WHERE CD_ID = 'e0f40a69-0e09-44e1-bd37-080ac88661e3' AND OBSLT_UTC IS NULL;
INSERT INTO CD_NAME_TBL (CD_ID, EFFT_VRSN_SEQ_ID, LANG_CS, VAL, PHON_ALG_ID) SELECT 'da22b2fb-bf0b-4aa6-8dcc-cb4c4cad1ca8', VRSN_SEQ_ID, 'en', 'Yen', '402CD339-D0E4-46CE-8FC2-12A4B0E17226' FROM CD_VRSN_TBL WHERE CD_ID = 'da22b2fb-bf0b-4aa6-8dcc-cb4c4cad1ca8' AND OBSLT_UTC IS NULL;
INSERT INTO CD_NAME_TBL (CD_ID, EFFT_VRSN_SEQ_ID, LANG_CS, VAL, PHON_ALG_ID) SELECT 'c898b180-dad0-4115-9200-f48329fd7771', VRSN_SEQ_ID, 'en', 'Won', '402CD339-D0E4-46CE-8FC2-12A4B0E17226' FROM CD_VRSN_TBL WHERE CD_ID = 'c898b180-dad0-4115-9200-f48329fd7771' AND OBSLT_UTC IS NULL;
INSERT INTO CD_NAME_TBL (CD_ID, EFFT_VRSN_SEQ_ID, LANG_CS, VAL, PHON_ALG_ID) SELECT 'cfbed12b-ffb1-48d7-b0ab-68f898a76749', VRSN_SEQ_ID, 'en', 'Mexican Nuevo Peso', '402CD339-D0E4-46CE-8FC2-12A4B0E17226' FROM CD_VRSN_TBL WHERE CD_ID = 'cfbed12b-ffb1-48d7-b0ab-68f898a76749' AND OBSLT_UTC IS NULL;
INSERT INTO CD_NAME_TBL (CD_ID, EFFT_VRSN_SEQ_ID, LANG_CS, VAL, PHON_ALG_ID) SELECT 'a5a71f07-0235-42e8-beab-adefeb357bf5', VRSN_SEQ_ID, 'en', 'Netherlands Guilder', '402CD339-D0E4-46CE-8FC2-12A4B0E17226' FROM CD_VRSN_TBL WHERE CD_ID = 'a5a71f07-0235-42e8-beab-adefeb357bf5' AND OBSLT_UTC IS NULL;
INSERT INTO CD_NAME_TBL (CD_ID, EFFT_VRSN_SEQ_ID, LANG_CS, VAL, PHON_ALG_ID) SELECT '742b318f-8198-4dde-9b43-34d20d0c18e2', VRSN_SEQ_ID, 'en', 'New Zealand Dollar', '402CD339-D0E4-46CE-8FC2-12A4B0E17226' FROM CD_VRSN_TBL WHERE CD_ID = '742b318f-8198-4dde-9b43-34d20d0c18e2' AND OBSLT_UTC IS NULL;
INSERT INTO CD_NAME_TBL (CD_ID, EFFT_VRSN_SEQ_ID, LANG_CS, VAL, PHON_ALG_ID) SELECT 'a0d72d7c-b32f-4619-a943-f40ced704df6', VRSN_SEQ_ID, 'en', 'Philippine Peso', '402CD339-D0E4-46CE-8FC2-12A4B0E17226' FROM CD_VRSN_TBL WHERE CD_ID = 'a0d72d7c-b32f-4619-a943-f40ced704df6' AND OBSLT_UTC IS NULL;
INSERT INTO CD_NAME_TBL (CD_ID, EFFT_VRSN_SEQ_ID, LANG_CS, VAL, PHON_ALG_ID) SELECT 'c44dd7b3-4e4e-493f-9ace-557ca3c672a7', VRSN_SEQ_ID, 'en', 'Russian Ruble', '402CD339-D0E4-46CE-8FC2-12A4B0E17226' FROM CD_VRSN_TBL WHERE CD_ID = 'c44dd7b3-4e4e-493f-9ace-557ca3c672a7' AND OBSLT_UTC IS NULL;
INSERT INTO CD_NAME_TBL (CD_ID, EFFT_VRSN_SEQ_ID, LANG_CS, VAL, PHON_ALG_ID) SELECT '44d04d8c-a81b-47ce-8857-c88cc92e8dfc', VRSN_SEQ_ID, 'en', 'Baht', '402CD339-D0E4-46CE-8FC2-12A4B0E17226' FROM CD_VRSN_TBL WHERE CD_ID = '44d04d8c-a81b-47ce-8857-c88cc92e8dfc' AND OBSLT_UTC IS NULL;
INSERT INTO CD_NAME_TBL (CD_ID, EFFT_VRSN_SEQ_ID, LANG_CS, VAL, PHON_ALG_ID) SELECT 'eb55fb0a-126d-4f97-a7e4-454d600c5c9a', VRSN_SEQ_ID, 'en', 'Lira', '402CD339-D0E4-46CE-8FC2-12A4B0E17226' FROM CD_VRSN_TBL WHERE CD_ID = 'eb55fb0a-126d-4f97-a7e4-454d600c5c9a' AND OBSLT_UTC IS NULL;
INSERT INTO CD_NAME_TBL (CD_ID, EFFT_VRSN_SEQ_ID, LANG_CS, VAL, PHON_ALG_ID) SELECT 'd18cc00b-c339-47a5-9ff9-23c77542a5c3', VRSN_SEQ_ID, 'en', 'Taiwan Dollar', '402CD339-D0E4-46CE-8FC2-12A4B0E17226' FROM CD_VRSN_TBL WHERE CD_ID = 'd18cc00b-c339-47a5-9ff9-23c77542a5c3' AND OBSLT_UTC IS NULL;
INSERT INTO CD_NAME_TBL (CD_ID, EFFT_VRSN_SEQ_ID, LANG_CS, VAL, PHON_ALG_ID) SELECT '65c0a364-b1bf-4b16-8c28-6d1e2fc90ad1', VRSN_SEQ_ID, 'en', 'US Dollar', '402CD339-D0E4-46CE-8FC2-12A4B0E17226' FROM CD_VRSN_TBL WHERE CD_ID = '65c0a364-b1bf-4b16-8c28-6d1e2fc90ad1' AND OBSLT_UTC IS NULL;
INSERT INTO CD_NAME_TBL (CD_ID, EFFT_VRSN_SEQ_ID, LANG_CS, VAL, PHON_ALG_ID) SELECT '69f1fd07-ba26-4e92-8ad0-deac7559e90f', VRSN_SEQ_ID, 'en', 'Rand', '402CD339-D0E4-46CE-8FC2-12A4B0E17226' FROM CD_VRSN_TBL WHERE CD_ID = '69f1fd07-ba26-4e92-8ad0-deac7559e90f' AND OBSLT_UTC IS NULL;
INSERT INTO CD_NAME_TBL (CD_ID, EFFT_VRSN_SEQ_ID, LANG_CS, VAL, PHON_ALG_ID) SELECT '1373ff04-a6ef-420a-b1d0-4a07465fe8e8', VRSN_SEQ_ID, 'en', 'Device', '402CD339-D0E4-46CE-8FC2-12A4B0E17226' FROM CD_VRSN_TBL WHERE CD_ID = '1373ff04-a6ef-420a-b1d0-4a07465fe8e8' AND OBSLT_UTC IS NULL;
INSERT INTO CD_NAME_TBL (CD_ID, EFFT_VRSN_SEQ_ID, LANG_CS, VAL, PHON_ALG_ID) SELECT 'b76ff324-b174-40b7-a6ac-d1fdf8e23967', VRSN_SEQ_ID, 'en', 'container', '402CD339-D0E4-46CE-8FC2-12A4B0E17226' FROM CD_VRSN_TBL WHERE CD_ID = 'b76ff324-b174-40b7-a6ac-d1fdf8e23967' AND OBSLT_UTC IS NULL;
INSERT INTO CD_NAME_TBL (CD_ID, EFFT_VRSN_SEQ_ID, LANG_CS, VAL, PHON_ALG_ID) SELECT '0b019bcf-c51f-4b8c-bfae-b7232a7dfb59', VRSN_SEQ_ID, 'en', 'manufactured material', '402CD339-D0E4-46CE-8FC2-12A4B0E17226' FROM CD_VRSN_TBL WHERE CD_ID = '0b019bcf-c51f-4b8c-bfae-b7232a7dfb59' AND OBSLT_UTC IS NULL;
INSERT INTO CD_NAME_TBL (CD_ID, EFFT_VRSN_SEQ_ID, LANG_CS, VAL, PHON_ALG_ID) SELECT '4a2de544-f8c9-4e29-b156-df478d5cbe25', VRSN_SEQ_ID, 'en', 'organization', '402CD339-D0E4-46CE-8FC2-12A4B0E17226' FROM CD_VRSN_TBL WHERE CD_ID = '4a2de544-f8c9-4e29-b156-df478d5cbe25' AND OBSLT_UTC IS NULL;
INSERT INTO CD_NAME_TBL (CD_ID, EFFT_VRSN_SEQ_ID, LANG_CS, VAL, PHON_ALG_ID) SELECT 'fbf1a25a-b874-4d1b-83a9-da193869ee78', VRSN_SEQ_ID, 'en', 'person', '402CD339-D0E4-46CE-8FC2-12A4B0E17226' FROM CD_VRSN_TBL WHERE CD_ID = 'fbf1a25a-b874-4d1b-83a9-da193869ee78' AND OBSLT_UTC IS NULL;
INSERT INTO CD_NAME_TBL (CD_ID, EFFT_VRSN_SEQ_ID, LANG_CS, VAL, PHON_ALG_ID) SELECT '74cd3296-cb58-4984-9750-d077a130ce05', VRSN_SEQ_ID, 'en', 'place', '402CD339-D0E4-46CE-8FC2-12A4B0E17226' FROM CD_VRSN_TBL WHERE CD_ID = '74cd3296-cb58-4984-9750-d077a130ce05' AND OBSLT_UTC IS NULL;
INSERT INTO CD_NAME_TBL (CD_ID, EFFT_VRSN_SEQ_ID, LANG_CS, VAL, PHON_ALG_ID) SELECT 'e29fcfad-ec1d-4c60-a055-039a494248ae', VRSN_SEQ_ID, 'en', 'entity', '402CD339-D0E4-46CE-8FC2-12A4B0E17226' FROM CD_VRSN_TBL WHERE CD_ID = 'e29fcfad-ec1d-4c60-a055-039a494248ae' AND OBSLT_UTC IS NULL;
INSERT INTO CD_NAME_TBL (CD_ID, EFFT_VRSN_SEQ_ID, LANG_CS, VAL, PHON_ALG_ID) SELECT 'fdf8335e-1f12-4de0-8356-f8778ed41c21', VRSN_SEQ_ID, 'en', 'health chart entity', '402CD339-D0E4-46CE-8FC2-12A4B0E17226' FROM CD_VRSN_TBL WHERE CD_ID = 'fdf8335e-1f12-4de0-8356-f8778ed41c21' AND OBSLT_UTC IS NULL;
INSERT INTO CD_NAME_TBL (CD_ID, EFFT_VRSN_SEQ_ID, LANG_CS, VAL, PHON_ALG_ID) SELECT '8ba5e5c9-693b-49d4-973c-d7010f3a23ee', VRSN_SEQ_ID, 'en', 'living subject', '402CD339-D0E4-46CE-8FC2-12A4B0E17226' FROM CD_VRSN_TBL WHERE CD_ID = '8ba5e5c9-693b-49d4-973c-d7010f3a23ee' AND OBSLT_UTC IS NULL;
INSERT INTO CD_NAME_TBL (CD_ID, EFFT_VRSN_SEQ_ID, LANG_CS, VAL, PHON_ALG_ID) SELECT '9025e5c9-693b-49d4-973c-d7010f3a23ee', VRSN_SEQ_ID, 'en', 'non-living subject', '402CD339-D0E4-46CE-8FC2-12A4B0E17226' FROM CD_VRSN_TBL WHERE CD_ID = '9025e5c9-693b-49d4-973c-d7010f3a23ee' AND OBSLT_UTC IS NULL;
INSERT INTO CD_NAME_TBL (CD_ID, EFFT_VRSN_SEQ_ID, LANG_CS, VAL, PHON_ALG_ID) SELECT '8a6cb575-cf22-4184-a2b7-d9e99d2cd850', VRSN_SEQ_ID, 'en', 'non-person living subject', '402CD339-D0E4-46CE-8FC2-12A4B0E17226' FROM CD_VRSN_TBL WHERE CD_ID = '8a6cb575-cf22-4184-a2b7-d9e99d2cd850' AND OBSLT_UTC IS NULL;
INSERT INTO CD_NAME_TBL (CD_ID, EFFT_VRSN_SEQ_ID, LANG_CS, VAL, PHON_ALG_ID) SELECT '61fcbf42-b5e0-4fb5-9392-108a5c6dbec7', VRSN_SEQ_ID, 'en', 'animal', '402CD339-D0E4-46CE-8FC2-12A4B0E17226' FROM CD_VRSN_TBL WHERE CD_ID = '61fcbf42-b5e0-4fb5-9392-108a5c6dbec7' AND OBSLT_UTC IS NULL;
INSERT INTO CD_NAME_TBL (CD_ID, EFFT_VRSN_SEQ_ID, LANG_CS, VAL, PHON_ALG_ID) SELECT '0162f67f-50a6-4743-88b6-edcde354caca', VRSN_SEQ_ID, 'en', 'microorganism', '402CD339-D0E4-46CE-8FC2-12A4B0E17226' FROM CD_VRSN_TBL WHERE CD_ID = '0162f67f-50a6-4743-88b6-edcde354caca' AND OBSLT_UTC IS NULL;
INSERT INTO CD_NAME_TBL (CD_ID, EFFT_VRSN_SEQ_ID, LANG_CS, VAL, PHON_ALG_ID) SELECT 'b91f756a-5b37-409e-8cf9-c985d5dba2f1', VRSN_SEQ_ID, 'en', 'plant', '402CD339-D0E4-46CE-8FC2-12A4B0E17226' FROM CD_VRSN_TBL WHERE CD_ID = 'b91f756a-5b37-409e-8cf9-c985d5dba2f1' AND OBSLT_UTC IS NULL;
INSERT INTO CD_NAME_TBL (CD_ID, EFFT_VRSN_SEQ_ID, LANG_CS, VAL, PHON_ALG_ID) SELECT '9de2a846-ddf2-4ebc-902e-84508c5089ea', VRSN_SEQ_ID, 'en', 'person', '402CD339-D0E4-46CE-8FC2-12A4B0E17226' FROM CD_VRSN_TBL WHERE CD_ID = '9de2a846-ddf2-4ebc-902e-84508c5089ea' AND OBSLT_UTC IS NULL;
INSERT INTO CD_NAME_TBL (CD_ID, EFFT_VRSN_SEQ_ID, LANG_CS, VAL, PHON_ALG_ID) SELECT 'd39073be-0f8f-440e-b8c8-7034cc138a95', VRSN_SEQ_ID, 'en', 'material', '402CD339-D0E4-46CE-8FC2-12A4B0E17226' FROM CD_VRSN_TBL WHERE CD_ID = 'd39073be-0f8f-440e-b8c8-7034cc138a95' AND OBSLT_UTC IS NULL;
INSERT INTO CD_NAME_TBL (CD_ID, EFFT_VRSN_SEQ_ID, LANG_CS, VAL, PHON_ALG_ID) SELECT '2e9fa332-9391-48c6-9fc8-920a750b25d3', VRSN_SEQ_ID, 'en', 'chemical substance', '402CD339-D0E4-46CE-8FC2-12A4B0E17226' FROM CD_VRSN_TBL WHERE CD_ID = '2e9fa332-9391-48c6-9fc8-920a750b25d3' AND OBSLT_UTC IS NULL;
INSERT INTO CD_NAME_TBL (CD_ID, EFFT_VRSN_SEQ_ID, LANG_CS, VAL, PHON_ALG_ID) SELECT 'e5a09cc2-5ae5-40c2-8e32-687dba06715d', VRSN_SEQ_ID, 'en', 'food', '402CD339-D0E4-46CE-8FC2-12A4B0E17226' FROM CD_VRSN_TBL WHERE CD_ID = 'e5a09cc2-5ae5-40c2-8e32-687dba06715d' AND OBSLT_UTC IS NULL;
INSERT INTO CD_NAME_TBL (CD_ID, EFFT_VRSN_SEQ_ID, LANG_CS, VAL, PHON_ALG_ID) SELECT 'fafec286-89d5-420b-9085-054aca9d1eef', VRSN_SEQ_ID, 'en', 'manufactured material', '402CD339-D0E4-46CE-8FC2-12A4B0E17226' FROM CD_VRSN_TBL WHERE CD_ID = 'fafec286-89d5-420b-9085-054aca9d1eef' AND OBSLT_UTC IS NULL;
INSERT INTO CD_NAME_TBL (CD_ID, EFFT_VRSN_SEQ_ID, LANG_CS, VAL, PHON_ALG_ID) SELECT '2452b691-f122-4121-b9df-76d990b43f35', VRSN_SEQ_ID, 'en', 'holder', '402CD339-D0E4-46CE-8FC2-12A4B0E17226' FROM CD_VRSN_TBL WHERE CD_ID = '2452b691-f122-4121-b9df-76d990b43f35' AND OBSLT_UTC IS NULL;
INSERT INTO CD_NAME_TBL (CD_ID, EFFT_VRSN_SEQ_ID, LANG_CS, VAL, PHON_ALG_ID) SELECT '2a7043bc-6cca-447d-b230-8414f790cdb6', VRSN_SEQ_ID, 'en', 'certificate representation', '402CD339-D0E4-46CE-8FC2-12A4B0E17226' FROM CD_VRSN_TBL WHERE CD_ID = '2a7043bc-6cca-447d-b230-8414f790cdb6' AND OBSLT_UTC IS NULL;
INSERT INTO CD_NAME_TBL (CD_ID, EFFT_VRSN_SEQ_ID, LANG_CS, VAL, PHON_ALG_ID) SELECT 'a1fa9cd6-1ce7-4f7e-a0c1-7a503f9f1255', VRSN_SEQ_ID, 'en', 'imaging modality', '402CD339-D0E4-46CE-8FC2-12A4B0E17226' FROM CD_VRSN_TBL WHERE CD_ID = 'a1fa9cd6-1ce7-4f7e-a0c1-7a503f9f1255' AND OBSLT_UTC IS NULL;
INSERT INTO CD_NAME_TBL (CD_ID, EFFT_VRSN_SEQ_ID, LANG_CS, VAL, PHON_ALG_ID) SELECT '7c08bd55-4d42-49cd-92f8-6388d6c4183f', VRSN_SEQ_ID, 'en', 'organization', '402CD339-D0E4-46CE-8FC2-12A4B0E17226' FROM CD_VRSN_TBL WHERE CD_ID = '7c08bd55-4d42-49cd-92f8-6388d6c4183f' AND OBSLT_UTC IS NULL;
INSERT INTO CD_NAME_TBL (CD_ID, EFFT_VRSN_SEQ_ID, LANG_CS, VAL, PHON_ALG_ID) SELECT '0b3c64f4-220d-44e5-bdc6-4bfad6120963', VRSN_SEQ_ID, 'en', 'public institution', '402CD339-D0E4-46CE-8FC2-12A4B0E17226' FROM CD_VRSN_TBL WHERE CD_ID = '0b3c64f4-220d-44e5-bdc6-4bfad6120963' AND OBSLT_UTC IS NULL;
INSERT INTO CD_NAME_TBL (CD_ID, EFFT_VRSN_SEQ_ID, LANG_CS, VAL, PHON_ALG_ID) SELECT '8cf4b0b0-84e5-4122-85fe-6afa8240c218', VRSN_SEQ_ID, 'en', 'state', '402CD339-D0E4-46CE-8FC2-12A4B0E17226' FROM CD_VRSN_TBL WHERE CD_ID = '8cf4b0b0-84e5-4122-85fe-6afa8240c218' AND OBSLT_UTC IS NULL;
INSERT INTO CD_NAME_TBL (CD_ID, EFFT_VRSN_SEQ_ID, LANG_CS, VAL, PHON_ALG_ID) SELECT 'c7ace528-277d-4efb-94ee-bfd1278f40f7', VRSN_SEQ_ID, 'en', 'Nation', '402CD339-D0E4-46CE-8FC2-12A4B0E17226' FROM CD_VRSN_TBL WHERE CD_ID = 'c7ace528-277d-4efb-94ee-bfd1278f40f7' AND OBSLT_UTC IS NULL;
INSERT INTO CD_NAME_TBL (CD_ID, EFFT_VRSN_SEQ_ID, LANG_CS, VAL, PHON_ALG_ID) SELECT '21ab7873-8ef3-4d78-9c19-4582b3c40631', VRSN_SEQ_ID, 'en', 'place', '402CD339-D0E4-46CE-8FC2-12A4B0E17226' FROM CD_VRSN_TBL WHERE CD_ID = '21ab7873-8ef3-4d78-9c19-4582b3c40631' AND OBSLT_UTC IS NULL;
INSERT INTO CD_NAME_TBL (CD_ID, EFFT_VRSN_SEQ_ID, LANG_CS, VAL, PHON_ALG_ID) SELECT '79dd4f75-68e8-4722-a7f5-8bc2e08f5cd6', VRSN_SEQ_ID, 'en', 'city or town', '402CD339-D0E4-46CE-8FC2-12A4B0E17226' FROM CD_VRSN_TBL WHERE CD_ID = '79dd4f75-68e8-4722-a7f5-8bc2e08f5cd6' AND OBSLT_UTC IS NULL;
INSERT INTO CD_NAME_TBL (CD_ID, EFFT_VRSN_SEQ_ID, LANG_CS, VAL, PHON_ALG_ID) SELECT '48b2ffb3-07db-47ba-ad73-fc8fb8502471', VRSN_SEQ_ID, 'en', 'country', '402CD339-D0E4-46CE-8FC2-12A4B0E17226' FROM CD_VRSN_TBL WHERE CD_ID = '48b2ffb3-07db-47ba-ad73-fc8fb8502471' AND OBSLT_UTC IS NULL;
INSERT INTO CD_NAME_TBL (CD_ID, EFFT_VRSN_SEQ_ID, LANG_CS, VAL, PHON_ALG_ID) SELECT '6eefee7d-dff5-46d3-a6a7-171ef93879c7', VRSN_SEQ_ID, 'en', 'county or parish', '402CD339-D0E4-46CE-8FC2-12A4B0E17226' FROM CD_VRSN_TBL WHERE CD_ID = '6eefee7d-dff5-46d3-a6a7-171ef93879c7' AND OBSLT_UTC IS NULL;
INSERT INTO CD_NAME_TBL (CD_ID, EFFT_VRSN_SEQ_ID, LANG_CS, VAL, PHON_ALG_ID) SELECT '8CF4B0B0-84E5-4122-85FE-6AFA8240C218', VRSN_SEQ_ID, 'en', 'state or province', '402CD339-D0E4-46CE-8FC2-12A4B0E17226' FROM CD_VRSN_TBL WHERE CD_ID = '4d1a5c28-deb7-411e-b75f-d524f90dfa63' AND OBSLT_UTC IS NULL;
INSERT INTO CD_NAME_TBL (CD_ID, EFFT_VRSN_SEQ_ID, LANG_CS, VAL, PHON_ALG_ID) SELECT '1935aaf6-d487-4c82-ac17-fb917b5b6d71', VRSN_SEQ_ID, 'en', 'group', '402CD339-D0E4-46CE-8FC2-12A4B0E17226' FROM CD_VRSN_TBL WHERE CD_ID = '1935aaf6-d487-4c82-ac17-fb917b5b6d71' AND OBSLT_UTC IS NULL;
INSERT INTO CD_NAME_TBL (CD_ID, EFFT_VRSN_SEQ_ID, LANG_CS, VAL, PHON_ALG_ID) SELECT 'f29f08de-78a7-4a5e-aeaf-7b545ba19a09', VRSN_SEQ_ID, 'en', 'specific', '402CD339-D0E4-46CE-8FC2-12A4B0E17226' FROM CD_VRSN_TBL WHERE CD_ID = 'f29f08de-78a7-4a5e-aeaf-7b545ba19a09' AND OBSLT_UTC IS NULL;
INSERT INTO CD_NAME_TBL (CD_ID, EFFT_VRSN_SEQ_ID, LANG_CS, VAL, PHON_ALG_ID) SELECT 'ad28a7ac-a66b-42c4-91b4-de40a2b11980', VRSN_SEQ_ID, 'en', 'described', '402CD339-D0E4-46CE-8FC2-12A4B0E17226' FROM CD_VRSN_TBL WHERE CD_ID = 'ad28a7ac-a66b-42c4-91b4-de40a2b11980' AND OBSLT_UTC IS NULL;
INSERT INTO CD_NAME_TBL (CD_ID, EFFT_VRSN_SEQ_ID, LANG_CS, VAL, PHON_ALG_ID) SELECT '604cf1b7-8891-49fb-b95f-3e4e875691bc', VRSN_SEQ_ID, 'en', 'described quantified', '402CD339-D0E4-46CE-8FC2-12A4B0E17226' FROM CD_VRSN_TBL WHERE CD_ID = '604cf1b7-8891-49fb-b95f-3e4e875691bc' AND OBSLT_UTC IS NULL;
INSERT INTO CD_NAME_TBL (CD_ID, EFFT_VRSN_SEQ_ID, LANG_CS, VAL, PHON_ALG_ID) SELECT '71651ed8-8c91-4839-b76e-9bfdd2edba43', VRSN_SEQ_ID, 'en', 'authenticator', '402CD339-D0E4-46CE-8FC2-12A4B0E17226' FROM CD_VRSN_TBL WHERE CD_ID = '71651ed8-8c91-4839-b76e-9bfdd2edba43' AND OBSLT_UTC IS NULL;
INSERT INTO CD_NAME_TBL (CD_ID, EFFT_VRSN_SEQ_ID, LANG_CS, VAL, PHON_ALG_ID) SELECT 'f0cb3faf-435d-4704-9217-b884f757bc14', VRSN_SEQ_ID, 'en', 'author (originator)', '402CD339-D0E4-46CE-8FC2-12A4B0E17226' FROM CD_VRSN_TBL WHERE CD_ID = 'f0cb3faf-435d-4704-9217-b884f757bc14' AND OBSLT_UTC IS NULL;
INSERT INTO CD_NAME_TBL (CD_ID, EFFT_VRSN_SEQ_ID, LANG_CS, VAL, PHON_ALG_ID) SELECT 'f158af2a-d405-4616-a459-50e8494a9a56', VRSN_SEQ_ID, 'en', 'consumable', '402CD339-D0E4-46CE-8FC2-12A4B0E17226' FROM CD_VRSN_TBL WHERE CD_ID = 'f158af2a-d405-4616-a459-50e8494a9a56' AND OBSLT_UTC IS NULL;
INSERT INTO CD_NAME_TBL (CD_ID, EFFT_VRSN_SEQ_ID, LANG_CS, VAL, PHON_ALG_ID) SELECT 'cc35ad2b-6699-4946-ae38-76ab08193f41', VRSN_SEQ_ID, 'en', 'custodian', '402CD339-D0E4-46CE-8FC2-12A4B0E17226' FROM CD_VRSN_TBL WHERE CD_ID = 'cc35ad2b-6699-4946-ae38-76ab08193f41' AND OBSLT_UTC IS NULL;
INSERT INTO CD_NAME_TBL (CD_ID, EFFT_VRSN_SEQ_ID, LANG_CS, VAL, PHON_ALG_ID) SELECT 'c50d66d2-e5da-4a34-b2b7-4cd4fe4ef2c4', VRSN_SEQ_ID, 'en', 'entity', '402CD339-D0E4-46CE-8FC2-12A4B0E17226' FROM CD_VRSN_TBL WHERE CD_ID = 'c50d66d2-e5da-4a34-b2b7-4cd4fe4ef2c4' AND OBSLT_UTC IS NULL;
INSERT INTO CD_NAME_TBL (CD_ID, EFFT_VRSN_SEQ_ID, LANG_CS, VAL, PHON_ALG_ID) SELECT '39604248-7812-4b60-bc54-8cc1fffb1de6', VRSN_SEQ_ID, 'en', 'informant', '402CD339-D0E4-46CE-8FC2-12A4B0E17226' FROM CD_VRSN_TBL WHERE CD_ID = '39604248-7812-4b60-bc54-8cc1fffb1de6' AND OBSLT_UTC IS NULL;
INSERT INTO CD_NAME_TBL (CD_ID, EFFT_VRSN_SEQ_ID, LANG_CS, VAL, PHON_ALG_ID) SELECT 'ec8a5482-2059-43fc-a4ce-04f71f64e3d8', VRSN_SEQ_ID, 'en', 'legal authenticator', '402CD339-D0E4-46CE-8FC2-12A4B0E17226' FROM CD_VRSN_TBL WHERE CD_ID = 'ec8a5482-2059-43fc-a4ce-04f71f64e3d8' AND OBSLT_UTC IS NULL;
INSERT INTO CD_NAME_TBL (CD_ID, EFFT_VRSN_SEQ_ID, LANG_CS, VAL, PHON_ALG_ID) SELECT 'd64ed94f-e4a4-49a2-a0d8-1e6f393aab36', VRSN_SEQ_ID, 'en', 'performer', '402CD339-D0E4-46CE-8FC2-12A4B0E17226' FROM CD_VRSN_TBL WHERE CD_ID = 'd64ed94f-e4a4-49a2-a0d8-1e6f393aab36' AND OBSLT_UTC IS NULL;
INSERT INTO CD_NAME_TBL (CD_ID, EFFT_VRSN_SEQ_ID, LANG_CS, VAL, PHON_ALG_ID) SELECT '196405f1-e07e-494e-a56e-b4b563cd85fc', VRSN_SEQ_ID, 'en', 'product', '402CD339-D0E4-46CE-8FC2-12A4B0E17226' FROM CD_VRSN_TBL WHERE CD_ID = '196405f1-e07e-494e-a56e-b4b563cd85fc' AND OBSLT_UTC IS NULL;
INSERT INTO CD_NAME_TBL (CD_ID, EFFT_VRSN_SEQ_ID, LANG_CS, VAL, PHON_ALG_ID) SELECT '97ad6a1d-6871-448c-a504-cb82cabc0452', VRSN_SEQ_ID, 'en', 'record target', '402CD339-D0E4-46CE-8FC2-12A4B0E17226' FROM CD_VRSN_TBL WHERE CD_ID = '97ad6a1d-6871-448c-a504-cb82cabc0452' AND OBSLT_UTC IS NULL;
INSERT INTO CD_NAME_TBL (CD_ID, EFFT_VRSN_SEQ_ID, LANG_CS, VAL, PHON_ALG_ID) SELECT '4c503921-1d6e-4149-a3c4-33f6be4646ce', VRSN_SEQ_ID, 'en', 'response', '402CD339-D0E4-46CE-8FC2-12A4B0E17226' FROM CD_VRSN_TBL WHERE CD_ID = '4c503921-1d6e-4149-a3c4-33f6be4646ce' AND OBSLT_UTC IS NULL;
INSERT INTO CD_NAME_TBL (CD_ID, EFFT_VRSN_SEQ_ID, LANG_CS, VAL, PHON_ALG_ID) SELECT '61848557-d78d-40e5-954f-0b9c97307a04', VRSN_SEQ_ID, 'en', 'location', '402CD339-D0E4-46CE-8FC2-12A4B0E17226' FROM CD_VRSN_TBL WHERE CD_ID = '61848557-d78d-40e5-954f-0b9c97307a04' AND OBSLT_UTC IS NULL;
INSERT INTO CD_NAME_TBL (CD_ID, EFFT_VRSN_SEQ_ID, LANG_CS, VAL, PHON_ALG_ID) SELECT '455dadf8-c175-45a1-a859-34283a8210f8', VRSN_SEQ_ID, 'en', 'subject', '402CD339-D0E4-46CE-8FC2-12A4B0E17226' FROM CD_VRSN_TBL WHERE CD_ID = '455dadf8-c175-45a1-a859-34283a8210f8' AND OBSLT_UTC IS NULL;
INSERT INTO CD_NAME_TBL (CD_ID, EFFT_VRSN_SEQ_ID, LANG_CS, VAL, PHON_ALG_ID) SELECT 'a0174216-6439-4351-9483-a241a48029b7', VRSN_SEQ_ID, 'en', 'admitter', '402CD339-D0E4-46CE-8FC2-12A4B0E17226' FROM CD_VRSN_TBL WHERE CD_ID = 'a0174216-6439-4351-9483-a241a48029b7' AND OBSLT_UTC IS NULL;
INSERT INTO CD_NAME_TBL (CD_ID, EFFT_VRSN_SEQ_ID, LANG_CS, VAL, PHON_ALG_ID) SELECT '6cbf29ad-ac51-48c9-885a-cfe3026ecf6e', VRSN_SEQ_ID, 'en', 'attender', '402CD339-D0E4-46CE-8FC2-12A4B0E17226' FROM CD_VRSN_TBL WHERE CD_ID = '6cbf29ad-ac51-48c9-885a-cfe3026ecf6e' AND OBSLT_UTC IS NULL;
INSERT INTO CD_NAME_TBL (CD_ID, EFFT_VRSN_SEQ_ID, LANG_CS, VAL, PHON_ALG_ID) SELECT '9c4c40ae-2c15-4581-a496-be1abfe4eb66', VRSN_SEQ_ID, 'en', 'callback contact', '402CD339-D0E4-46CE-8FC2-12A4B0E17226' FROM CD_VRSN_TBL WHERE CD_ID = '9c4c40ae-2c15-4581-a496-be1abfe4eb66' AND OBSLT_UTC IS NULL;
INSERT INTO CD_NAME_TBL (CD_ID, EFFT_VRSN_SEQ_ID, LANG_CS, VAL, PHON_ALG_ID) SELECT '0a364ad7-f961-4d8a-93f0-1fd4176548b3', VRSN_SEQ_ID, 'en', 'consultant', '402CD339-D0E4-46CE-8FC2-12A4B0E17226' FROM CD_VRSN_TBL WHERE CD_ID = '0a364ad7-f961-4d8a-93f0-1fd4176548b3' AND OBSLT_UTC IS NULL;
INSERT INTO CD_NAME_TBL (CD_ID, EFFT_VRSN_SEQ_ID, LANG_CS, VAL, PHON_ALG_ID) SELECT 'a2594e6e-e8fe-4c68-82a5-d3a46dbec87d', VRSN_SEQ_ID, 'en', 'discharger', '402CD339-D0E4-46CE-8FC2-12A4B0E17226' FROM CD_VRSN_TBL WHERE CD_ID = 'a2594e6e-e8fe-4c68-82a5-d3a46dbec87d' AND OBSLT_UTC IS NULL;
INSERT INTO CD_NAME_TBL (CD_ID, EFFT_VRSN_SEQ_ID, LANG_CS, VAL, PHON_ALG_ID) SELECT '727a61ed-2f35-4e09-8bb6-6d09e2ba8fec', VRSN_SEQ_ID, 'en', 'escort', '402CD339-D0E4-46CE-8FC2-12A4B0E17226' FROM CD_VRSN_TBL WHERE CD_ID = '727a61ed-2f35-4e09-8bb6-6d09e2ba8fec' AND OBSLT_UTC IS NULL;
INSERT INTO CD_NAME_TBL (CD_ID, EFFT_VRSN_SEQ_ID, LANG_CS, VAL, PHON_ALG_ID) SELECT 'c704a23d-86ef-4e11-9050-f8aa10919ff2', VRSN_SEQ_ID, 'en', 'Participation', '402CD339-D0E4-46CE-8FC2-12A4B0E17226' FROM CD_VRSN_TBL WHERE CD_ID = 'c704a23d-86ef-4e11-9050-f8aa10919ff2' AND OBSLT_UTC IS NULL;
INSERT INTO CD_NAME_TBL (CD_ID, EFFT_VRSN_SEQ_ID, LANG_CS, VAL, PHON_ALG_ID) SELECT '5e8e0f8b-bc23-4847-82ab-49b8dd79981e', VRSN_SEQ_ID, 'en', 'referrer', '402CD339-D0E4-46CE-8FC2-12A4B0E17226' FROM CD_VRSN_TBL WHERE CD_ID = '5e8e0f8b-bc23-4847-82ab-49b8dd79981e' AND OBSLT_UTC IS NULL;
INSERT INTO CD_NAME_TBL (CD_ID, EFFT_VRSN_SEQ_ID, LANG_CS, VAL, PHON_ALG_ID) SELECT 'de3f7527-e3c9-45ef-8574-00ca4495f767', VRSN_SEQ_ID, 'en', 'Transcriber', '402CD339-D0E4-46CE-8FC2-12A4B0E17226' FROM CD_VRSN_TBL WHERE CD_ID = 'de3f7527-e3c9-45ef-8574-00ca4495f767' AND OBSLT_UTC IS NULL;
INSERT INTO CD_NAME_TBL (CD_ID, EFFT_VRSN_SEQ_ID, LANG_CS, VAL, PHON_ALG_ID) SELECT '0b82357f-5ae0-4543-ab8e-a33e9b315bab', VRSN_SEQ_ID, 'en', 'witness', '402CD339-D0E4-46CE-8FC2-12A4B0E17226' FROM CD_VRSN_TBL WHERE CD_ID = '0b82357f-5ae0-4543-ab8e-a33e9b315bab' AND OBSLT_UTC IS NULL;
INSERT INTO CD_NAME_TBL (CD_ID, EFFT_VRSN_SEQ_ID, LANG_CS, VAL, PHON_ALG_ID) SELECT '649d6d69-139c-4006-ae45-aff4649d6079', VRSN_SEQ_ID, 'en', 'custodian', '402CD339-D0E4-46CE-8FC2-12A4B0E17226' FROM CD_VRSN_TBL WHERE CD_ID = '649d6d69-139c-4006-ae45-aff4649d6079' AND OBSLT_UTC IS NULL;
INSERT INTO CD_NAME_TBL (CD_ID, EFFT_VRSN_SEQ_ID, LANG_CS, VAL, PHON_ALG_ID) SELECT '479896b0-35d5-4842-8109-5fdbee14e8a4', VRSN_SEQ_ID, 'en', 'baby', '402CD339-D0E4-46CE-8FC2-12A4B0E17226' FROM CD_VRSN_TBL WHERE CD_ID = '479896b0-35d5-4842-8109-5fdbee14e8a4' AND OBSLT_UTC IS NULL;
INSERT INTO CD_NAME_TBL (CD_ID, EFFT_VRSN_SEQ_ID, LANG_CS, VAL, PHON_ALG_ID) SELECT 'a5cac7f7-e3b7-4dd8-872c-db0e7fcc2d84', VRSN_SEQ_ID, 'en', 'consumable', '402CD339-D0E4-46CE-8FC2-12A4B0E17226' FROM CD_VRSN_TBL WHERE CD_ID = 'a5cac7f7-e3b7-4dd8-872c-db0e7fcc2d84' AND OBSLT_UTC IS NULL;
INSERT INTO CD_NAME_TBL (CD_ID, EFFT_VRSN_SEQ_ID, LANG_CS, VAL, PHON_ALG_ID) SELECT '6792db6c-fd5c-4ab8-96f5-ace5665bdcb9', VRSN_SEQ_ID, 'en', 'non-reuseable device', '402CD339-D0E4-46CE-8FC2-12A4B0E17226' FROM CD_VRSN_TBL WHERE CD_ID = '6792db6c-fd5c-4ab8-96f5-ace5665bdcb9' AND OBSLT_UTC IS NULL;
INSERT INTO CD_NAME_TBL (CD_ID, EFFT_VRSN_SEQ_ID, LANG_CS, VAL, PHON_ALG_ID) SELECT '76990d3d-3f27-4b39-836b-ba87eeba3328', VRSN_SEQ_ID, 'en', 'reusable device', '402CD339-D0E4-46CE-8FC2-12A4B0E17226' FROM CD_VRSN_TBL WHERE CD_ID = '76990d3d-3f27-4b39-836b-ba87eeba3328' AND OBSLT_UTC IS NULL;
INSERT INTO CD_NAME_TBL (CD_ID, EFFT_VRSN_SEQ_ID, LANG_CS, VAL, PHON_ALG_ID) SELECT 'be1235ee-710a-4732-88fd-6e895de7c56d', VRSN_SEQ_ID, 'en', 'donor', '402CD339-D0E4-46CE-8FC2-12A4B0E17226' FROM CD_VRSN_TBL WHERE CD_ID = 'be1235ee-710a-4732-88fd-6e895de7c56d' AND OBSLT_UTC IS NULL;
INSERT INTO CD_NAME_TBL (CD_ID, EFFT_VRSN_SEQ_ID, LANG_CS, VAL, PHON_ALG_ID) SELECT 'ea60a5a9-e971-4f0d-bb5d-dc7a0c74a2c9', VRSN_SEQ_ID, 'en', 'ExposureAgent', '402CD339-D0E4-46CE-8FC2-12A4B0E17226' FROM CD_VRSN_TBL WHERE CD_ID = 'ea60a5a9-e971-4f0d-bb5d-dc7a0c74a2c9' AND OBSLT_UTC IS NULL;
INSERT INTO CD_NAME_TBL (CD_ID, EFFT_VRSN_SEQ_ID, LANG_CS, VAL, PHON_ALG_ID) SELECT 'ec401b5c-4c33-4229-9c72-428fc5db37ff', VRSN_SEQ_ID, 'en', 'ExposureTarget', '402CD339-D0E4-46CE-8FC2-12A4B0E17226' FROM CD_VRSN_TBL WHERE CD_ID = 'ec401b5c-4c33-4229-9c72-428fc5db37ff' AND OBSLT_UTC IS NULL;
INSERT INTO CD_NAME_TBL (CD_ID, EFFT_VRSN_SEQ_ID, LANG_CS, VAL, PHON_ALG_ID) SELECT 'cbb6297b-743c-453c-8476-ba4c10a1c965', VRSN_SEQ_ID, 'en', 'ExposureSource', '402CD339-D0E4-46CE-8FC2-12A4B0E17226' FROM CD_VRSN_TBL WHERE CD_ID = 'cbb6297b-743c-453c-8476-ba4c10a1c965' AND OBSLT_UTC IS NULL;
INSERT INTO CD_NAME_TBL (CD_ID, EFFT_VRSN_SEQ_ID, LANG_CS, VAL, PHON_ALG_ID) SELECT '99e77288-cb09-4050-a8cf-385513f32f0a', VRSN_SEQ_ID, 'en', 'product', '402CD339-D0E4-46CE-8FC2-12A4B0E17226' FROM CD_VRSN_TBL WHERE CD_ID = '99e77288-cb09-4050-a8cf-385513f32f0a' AND OBSLT_UTC IS NULL;
INSERT INTO CD_NAME_TBL (CD_ID, EFFT_VRSN_SEQ_ID, LANG_CS, VAL, PHON_ALG_ID) SELECT '03067700-ce37-405f-8ed3-e4965ba2f601', VRSN_SEQ_ID, 'en', 'subject', '402CD339-D0E4-46CE-8FC2-12A4B0E17226' FROM CD_VRSN_TBL WHERE CD_ID = '03067700-ce37-405f-8ed3-e4965ba2f601' AND OBSLT_UTC IS NULL;
INSERT INTO CD_NAME_TBL (CD_ID, EFFT_VRSN_SEQ_ID, LANG_CS, VAL, PHON_ALG_ID) SELECT 'bce17b21-05b2-4f02-bf7a-c6d3561aa948', VRSN_SEQ_ID, 'en', 'specimen', '402CD339-D0E4-46CE-8FC2-12A4B0E17226' FROM CD_VRSN_TBL WHERE CD_ID = 'bce17b21-05b2-4f02-bf7a-c6d3561aa948' AND OBSLT_UTC IS NULL;
INSERT INTO CD_NAME_TBL (CD_ID, EFFT_VRSN_SEQ_ID, LANG_CS, VAL, PHON_ALG_ID) SELECT '28c744df-d889-4a44-bc1a-2e9e9d64af13', VRSN_SEQ_ID, 'en', 'beneficiary', '402CD339-D0E4-46CE-8FC2-12A4B0E17226' FROM CD_VRSN_TBL WHERE CD_ID = '28c744df-d889-4a44-bc1a-2e9e9d64af13' AND OBSLT_UTC IS NULL;
INSERT INTO CD_NAME_TBL (CD_ID, EFFT_VRSN_SEQ_ID, LANG_CS, VAL, PHON_ALG_ID) SELECT '7f81b83e-0d78-4685-8ba4-224eb315ce54', VRSN_SEQ_ID, 'en', 'causative agent', '402CD339-D0E4-46CE-8FC2-12A4B0E17226' FROM CD_VRSN_TBL WHERE CD_ID = '7f81b83e-0d78-4685-8ba4-224eb315ce54' AND OBSLT_UTC IS NULL;
INSERT INTO CD_NAME_TBL (CD_ID, EFFT_VRSN_SEQ_ID, LANG_CS, VAL, PHON_ALG_ID) SELECT '4b5471d4-e3fe-45f7-85a2-ae2b4f224757', VRSN_SEQ_ID, 'en', 'coverage target', '402CD339-D0E4-46CE-8FC2-12A4B0E17226' FROM CD_VRSN_TBL WHERE CD_ID = '4b5471d4-e3fe-45f7-85a2-ae2b4f224757' AND OBSLT_UTC IS NULL;
INSERT INTO CD_NAME_TBL (CD_ID, EFFT_VRSN_SEQ_ID, LANG_CS, VAL, PHON_ALG_ID) SELECT '28fb791e-179e-461a-b16c-cac13a04bd0a', VRSN_SEQ_ID, 'en', 'guarantor party', '402CD339-D0E4-46CE-8FC2-12A4B0E17226' FROM CD_VRSN_TBL WHERE CD_ID = '28fb791e-179e-461a-b16c-cac13a04bd0a' AND OBSLT_UTC IS NULL;
INSERT INTO CD_NAME_TBL (CD_ID, EFFT_VRSN_SEQ_ID, LANG_CS, VAL, PHON_ALG_ID) SELECT '3f92dbee-a65e-434f-98ce-841feeb02e3f', VRSN_SEQ_ID, 'en', 'record target', '402CD339-D0E4-46CE-8FC2-12A4B0E17226' FROM CD_VRSN_TBL WHERE CD_ID = '3f92dbee-a65e-434f-98ce-841feeb02e3f' AND OBSLT_UTC IS NULL;
INSERT INTO CD_NAME_TBL (CD_ID, EFFT_VRSN_SEQ_ID, LANG_CS, VAL, PHON_ALG_ID) SELECT '53c694b8-27d8-43dd-95a4-bb318431d17c', VRSN_SEQ_ID, 'en', 'receiver', '402CD339-D0E4-46CE-8FC2-12A4B0E17226' FROM CD_VRSN_TBL WHERE CD_ID = '53c694b8-27d8-43dd-95a4-bb318431d17c' AND OBSLT_UTC IS NULL;
INSERT INTO CD_NAME_TBL (CD_ID, EFFT_VRSN_SEQ_ID, LANG_CS, VAL, PHON_ALG_ID) SELECT '01b87999-85a7-4f5c-9b7e-892f1195cfe3', VRSN_SEQ_ID, 'en', 'ugent notification contact', '402CD339-D0E4-46CE-8FC2-12A4B0E17226' FROM CD_VRSN_TBL WHERE CD_ID = '01b87999-85a7-4f5c-9b7e-892f1195cfe3' AND OBSLT_UTC IS NULL;
INSERT INTO CD_NAME_TBL (CD_ID, EFFT_VRSN_SEQ_ID, LANG_CS, VAL, PHON_ALG_ID) SELECT '02bb7934-76b5-4cc5-bd42-58570f15eb4d', VRSN_SEQ_ID, 'en', 'primary information recipient', '402CD339-D0E4-46CE-8FC2-12A4B0E17226' FROM CD_VRSN_TBL WHERE CD_ID = '02bb7934-76b5-4cc5-bd42-58570f15eb4d' AND OBSLT_UTC IS NULL;
INSERT INTO CD_NAME_TBL (CD_ID, EFFT_VRSN_SEQ_ID, LANG_CS, VAL, PHON_ALG_ID) SELECT '6da3a6ca-2ab0-4d32-9588-e094f277f06d', VRSN_SEQ_ID, 'en', 'Referred By', '402CD339-D0E4-46CE-8FC2-12A4B0E17226' FROM CD_VRSN_TBL WHERE CD_ID = '6da3a6ca-2ab0-4d32-9588-e094f277f06d' AND OBSLT_UTC IS NULL;
INSERT INTO CD_NAME_TBL (CD_ID, EFFT_VRSN_SEQ_ID, LANG_CS, VAL, PHON_ALG_ID) SELECT '353f9255-765e-4336-8007-1d61ab09aad6', VRSN_SEQ_ID, 'en', 'Referred to', '402CD339-D0E4-46CE-8FC2-12A4B0E17226' FROM CD_VRSN_TBL WHERE CD_ID = '353f9255-765e-4336-8007-1d61ab09aad6' AND OBSLT_UTC IS NULL;
INSERT INTO CD_NAME_TBL (CD_ID, EFFT_VRSN_SEQ_ID, LANG_CS, VAL, PHON_ALG_ID) SELECT 'c3be013a-20c5-4c20-840c-d9dbb15d040e', VRSN_SEQ_ID, 'en', 'tracker', '402CD339-D0E4-46CE-8FC2-12A4B0E17226' FROM CD_VRSN_TBL WHERE CD_ID = 'c3be013a-20c5-4c20-840c-d9dbb15d040e' AND OBSLT_UTC IS NULL;
INSERT INTO CD_NAME_TBL (CD_ID, EFFT_VRSN_SEQ_ID, LANG_CS, VAL, PHON_ALG_ID) SELECT '727b3624-ea62-46bb-a68b-b9e49e302eca', VRSN_SEQ_ID, 'en', 'destination', '402CD339-D0E4-46CE-8FC2-12A4B0E17226' FROM CD_VRSN_TBL WHERE CD_ID = '727b3624-ea62-46bb-a68b-b9e49e302eca' AND OBSLT_UTC IS NULL;
INSERT INTO CD_NAME_TBL (CD_ID, EFFT_VRSN_SEQ_ID, LANG_CS, VAL, PHON_ALG_ID) SELECT 'ac05185b-5a80-47a8-b924-060deb6d0eb2', VRSN_SEQ_ID, 'en', 'entry location', '402CD339-D0E4-46CE-8FC2-12A4B0E17226' FROM CD_VRSN_TBL WHERE CD_ID = 'ac05185b-5a80-47a8-b924-060deb6d0eb2' AND OBSLT_UTC IS NULL;
INSERT INTO CD_NAME_TBL (CD_ID, EFFT_VRSN_SEQ_ID, LANG_CS, VAL, PHON_ALG_ID) SELECT '5d175f21-1963-4589-a400-b5ef5f64842c', VRSN_SEQ_ID, 'en', 'origin', '402CD339-D0E4-46CE-8FC2-12A4B0E17226' FROM CD_VRSN_TBL WHERE CD_ID = '5d175f21-1963-4589-a400-b5ef5f64842c' AND OBSLT_UTC IS NULL;
INSERT INTO CD_NAME_TBL (CD_ID, EFFT_VRSN_SEQ_ID, LANG_CS, VAL, PHON_ALG_ID) SELECT '3c1225de-194e-49ce-a41a-0f9376b04c11', VRSN_SEQ_ID, 'en', 'remote', '402CD339-D0E4-46CE-8FC2-12A4B0E17226' FROM CD_VRSN_TBL WHERE CD_ID = '3c1225de-194e-49ce-a41a-0f9376b04c11' AND OBSLT_UTC IS NULL;
INSERT INTO CD_NAME_TBL (CD_ID, EFFT_VRSN_SEQ_ID, LANG_CS, VAL, PHON_ALG_ID) SELECT '5b0fac74-5ac6-44e6-99a4-6813c0e2f4a9', VRSN_SEQ_ID, 'en', 'via', '402CD339-D0E4-46CE-8FC2-12A4B0E17226' FROM CD_VRSN_TBL WHERE CD_ID = '5b0fac74-5ac6-44e6-99a4-6813c0e2f4a9' AND OBSLT_UTC IS NULL;
INSERT INTO CD_NAME_TBL (CD_ID, EFFT_VRSN_SEQ_ID, LANG_CS, VAL, PHON_ALG_ID) SELECT 'fa5e70a4-a46e-4665-8a20-94d4d7b86fc8', VRSN_SEQ_ID, 'en', 'performer', '402CD339-D0E4-46CE-8FC2-12A4B0E17226' FROM CD_VRSN_TBL WHERE CD_ID = 'fa5e70a4-a46e-4665-8a20-94d4d7b86fc8' AND OBSLT_UTC IS NULL;
INSERT INTO CD_NAME_TBL (CD_ID, EFFT_VRSN_SEQ_ID, LANG_CS, VAL, PHON_ALG_ID) SELECT '693f08fa-625a-40d2-b928-6856099c0349', VRSN_SEQ_ID, 'en', 'distributor', '402CD339-D0E4-46CE-8FC2-12A4B0E17226' FROM CD_VRSN_TBL WHERE CD_ID = '693f08fa-625a-40d2-b928-6856099c0349' AND OBSLT_UTC IS NULL;
INSERT INTO CD_NAME_TBL (CD_ID, EFFT_VRSN_SEQ_ID, LANG_CS, VAL, PHON_ALG_ID) SELECT '79f6136c-1465-45e8-917e-e7832bc8e3b2', VRSN_SEQ_ID, 'en', 'primary performer', '402CD339-D0E4-46CE-8FC2-12A4B0E17226' FROM CD_VRSN_TBL WHERE CD_ID = '79f6136c-1465-45e8-917e-e7832bc8e3b2' AND OBSLT_UTC IS NULL;
INSERT INTO CD_NAME_TBL (CD_ID, EFFT_VRSN_SEQ_ID, LANG_CS, VAL, PHON_ALG_ID) SELECT '4ff91e06-2e39-44e3-9fbe-0d828fe318fe', VRSN_SEQ_ID, 'en', 'secondary performer', '402CD339-D0E4-46CE-8FC2-12A4B0E17226' FROM CD_VRSN_TBL WHERE CD_ID = '4ff91e06-2e39-44e3-9fbe-0d828fe318fe' AND OBSLT_UTC IS NULL;
INSERT INTO CD_NAME_TBL (CD_ID, EFFT_VRSN_SEQ_ID, LANG_CS, VAL, PHON_ALG_ID) SELECT '64474c12-b978-4bb6-a584-46dadec2d952', VRSN_SEQ_ID, 'en', 'responsible party', '402CD339-D0E4-46CE-8FC2-12A4B0E17226' FROM CD_VRSN_TBL WHERE CD_ID = '64474c12-b978-4bb6-a584-46dadec2d952' AND OBSLT_UTC IS NULL;
INSERT INTO CD_NAME_TBL (CD_ID, EFFT_VRSN_SEQ_ID, LANG_CS, VAL, PHON_ALG_ID) SELECT 'f9dc5787-dd4d-42c6-a082-ac7d11956fda', VRSN_SEQ_ID, 'en', 'verifier', '402CD339-D0E4-46CE-8FC2-12A4B0E17226' FROM CD_VRSN_TBL WHERE CD_ID = 'f9dc5787-dd4d-42c6-a082-ac7d11956fda' AND OBSLT_UTC IS NULL;
INSERT INTO CD_NAME_TBL (CD_ID, EFFT_VRSN_SEQ_ID, LANG_CS, VAL, PHON_ALG_ID) SELECT '1b2dbf82-a503-4cf4-9ecb-a8e111b4674e', VRSN_SEQ_ID, 'en', 'authenticator', '402CD339-D0E4-46CE-8FC2-12A4B0E17226' FROM CD_VRSN_TBL WHERE CD_ID = '1b2dbf82-a503-4cf4-9ecb-a8e111b4674e' AND OBSLT_UTC IS NULL;
INSERT INTO CD_NAME_TBL (CD_ID, EFFT_VRSN_SEQ_ID, LANG_CS, VAL, PHON_ALG_ID) SELECT '0716a333-cd46-439d-bfd6-bf788f3885fa', VRSN_SEQ_ID, 'en', 'legal authenticator', '402CD339-D0E4-46CE-8FC2-12A4B0E17226' FROM CD_VRSN_TBL WHERE CD_ID = '0716a333-cd46-439d-bfd6-bf788f3885fa' AND OBSLT_UTC IS NULL;
INSERT INTO CD_NAME_TBL (CD_ID, EFFT_VRSN_SEQ_ID, LANG_CS, VAL, PHON_ALG_ID) SELECT '8e087135-8c6f-4214-bdd2-448387d3f24c', VRSN_SEQ_ID, 'en', 'circle', '402CD339-D0E4-46CE-8FC2-12A4B0E17226' FROM CD_VRSN_TBL WHERE CD_ID = '8e087135-8c6f-4214-bdd2-448387d3f24c' AND OBSLT_UTC IS NULL;
INSERT INTO CD_NAME_TBL (CD_ID, EFFT_VRSN_SEQ_ID, LANG_CS, VAL, PHON_ALG_ID) SELECT 'ced7cc70-12bc-45bb-ac46-ddf41141e64b', VRSN_SEQ_ID, 'en', 'ellipse', '402CD339-D0E4-46CE-8FC2-12A4B0E17226' FROM CD_VRSN_TBL WHERE CD_ID = 'ced7cc70-12bc-45bb-ac46-ddf41141e64b' AND OBSLT_UTC IS NULL;
INSERT INTO CD_NAME_TBL (CD_ID, EFFT_VRSN_SEQ_ID, LANG_CS, VAL, PHON_ALG_ID) SELECT '6af35d6e-557c-4034-9518-e87bc6cff808', VRSN_SEQ_ID, 'en', 'point', '402CD339-D0E4-46CE-8FC2-12A4B0E17226' FROM CD_VRSN_TBL WHERE CD_ID = '6af35d6e-557c-4034-9518-e87bc6cff808' AND OBSLT_UTC IS NULL;
INSERT INTO CD_NAME_TBL (CD_ID, EFFT_VRSN_SEQ_ID, LANG_CS, VAL, PHON_ALG_ID) SELECT 'fdda3bd9-a3ee-479c-9b2d-89ba49f09b85', VRSN_SEQ_ID, 'en', 'polyline', '402CD339-D0E4-46CE-8FC2-12A4B0E17226' FROM CD_VRSN_TBL WHERE CD_ID = 'fdda3bd9-a3ee-479c-9b2d-89ba49f09b85' AND OBSLT_UTC IS NULL;
INSERT INTO CD_NAME_TBL (CD_ID, EFFT_VRSN_SEQ_ID, LANG_CS, VAL, PHON_ALG_ID) SELECT 'A87A6D21-2CA6-4AEA-88F3-6135CCEB58D1', VRSN_SEQ_ID, 'en', 'assigned entity', '402CD339-D0E4-46CE-8FC2-12A4B0E17226' FROM CD_VRSN_TBL WHERE CD_ID = 'A87A6D21-2CA6-4AEA-88F3-6135CCEB58D1' AND OBSLT_UTC IS NULL;
INSERT INTO CD_NAME_TBL (CD_ID, EFFT_VRSN_SEQ_ID, LANG_CS, VAL, PHON_ALG_ID) SELECT '3682b98d-4b14-4e2b-92f5-aa7abf522e28', VRSN_SEQ_ID, 'en', 'contact', '402CD339-D0E4-46CE-8FC2-12A4B0E17226' FROM CD_VRSN_TBL WHERE CD_ID = '3682b98d-4b14-4e2b-92f5-aa7abf522e28' AND OBSLT_UTC IS NULL;
INSERT INTO CD_NAME_TBL (CD_ID, EFFT_VRSN_SEQ_ID, LANG_CS, VAL, PHON_ALG_ID) SELECT '8de7b5e7-c941-42bd-b735-52d750efc5e6', VRSN_SEQ_ID, 'en', 'affiliate', '402CD339-D0E4-46CE-8FC2-12A4B0E17226' FROM CD_VRSN_TBL WHERE CD_ID = '8de7b5e7-c941-42bd-b735-52d750efc5e6' AND OBSLT_UTC IS NULL;
INSERT INTO CD_NAME_TBL (CD_ID, EFFT_VRSN_SEQ_ID, LANG_CS, VAL, PHON_ALG_ID) SELECT '867fd445-d490-4619-804e-75c04b8a0e57', VRSN_SEQ_ID, 'en', 'agent', '402CD339-D0E4-46CE-8FC2-12A4B0E17226' FROM CD_VRSN_TBL WHERE CD_ID = '867fd445-d490-4619-804e-75c04b8a0e57' AND OBSLT_UTC IS NULL;
INSERT INTO CD_NAME_TBL (CD_ID, EFFT_VRSN_SEQ_ID, LANG_CS, VAL, PHON_ALG_ID) SELECT '77b7a04b-c065-4faf-8ec0-2cdad4ae372b', VRSN_SEQ_ID, 'en', 'assigned entity', '402CD339-D0E4-46CE-8FC2-12A4B0E17226' FROM CD_VRSN_TBL WHERE CD_ID = '77b7a04b-c065-4faf-8ec0-2cdad4ae372b' AND OBSLT_UTC IS NULL;
INSERT INTO CD_NAME_TBL (CD_ID, EFFT_VRSN_SEQ_ID, LANG_CS, VAL, PHON_ALG_ID) SELECT '33bd1401-dfdb-40e7-a914-0a695ad5186e', VRSN_SEQ_ID, 'en', 'commissioning party', '402CD339-D0E4-46CE-8FC2-12A4B0E17226' FROM CD_VRSN_TBL WHERE CD_ID = '33bd1401-dfdb-40e7-a914-0a695ad5186e' AND OBSLT_UTC IS NULL;
INSERT INTO CD_NAME_TBL (CD_ID, EFFT_VRSN_SEQ_ID, LANG_CS, VAL, PHON_ALG_ID) SELECT '757f98df-14e0-446a-bd50-bb0affb34f09', VRSN_SEQ_ID, 'en', 'signing authority or officer', '402CD339-D0E4-46CE-8FC2-12A4B0E17226' FROM CD_VRSN_TBL WHERE CD_ID = '757f98df-14e0-446a-bd50-bb0affb34f09' AND OBSLT_UTC IS NULL;
INSERT INTO CD_NAME_TBL (CD_ID, EFFT_VRSN_SEQ_ID, LANG_CS, VAL, PHON_ALG_ID) SELECT 'b1d2148d-bb35-4337-8fe6-021f5a3ac8a3', VRSN_SEQ_ID, 'en', 'contact', '402CD339-D0E4-46CE-8FC2-12A4B0E17226' FROM CD_VRSN_TBL WHERE CD_ID = 'b1d2148d-bb35-4337-8fe6-021f5a3ac8a3' AND OBSLT_UTC IS NULL;
--INSERT INTO CD_NAME_TBL (CD_ID, EFFT_VRSN_SEQ_ID, LANG_CS, VAL, PHON_ALG_ID) SELECT '25985F42-476A-4455-A977-4E97A554D710', VRSN_SEQ_ID, 'en', 'emergency contact', '402CD339-D0E4-46CE-8FC2-12A4B0E17226' FROM CD_VRSN_TBL WHERE CD_ID = '25985F42-476A-4455-A977-4E97A554D710' AND OBSLT_UTC IS NULL;
INSERT INTO CD_NAME_TBL (CD_ID, EFFT_VRSN_SEQ_ID, LANG_CS, VAL, PHON_ALG_ID) SELECT '1ee4e74f-542d-4544-96f6-266a6247f274', VRSN_SEQ_ID, 'en', 'next of kin', '402CD339-D0E4-46CE-8FC2-12A4B0E17226' FROM CD_VRSN_TBL WHERE CD_ID = '1ee4e74f-542d-4544-96f6-266a6247f274' AND OBSLT_UTC IS NULL;
INSERT INTO CD_NAME_TBL (CD_ID, EFFT_VRSN_SEQ_ID, LANG_CS, VAL, PHON_ALG_ID) SELECT '3b8e2334-4ccc-4f24-8aae-37341ea03d3e', VRSN_SEQ_ID, 'en', 'guardian', '402CD339-D0E4-46CE-8FC2-12A4B0E17226' FROM CD_VRSN_TBL WHERE CD_ID = '3b8e2334-4ccc-4f24-8aae-37341ea03d3e' AND OBSLT_UTC IS NULL;
INSERT INTO CD_NAME_TBL (CD_ID, EFFT_VRSN_SEQ_ID, LANG_CS, VAL, PHON_ALG_ID) SELECT '35b13152-e43c-4bcb-8649-a9e83bee33a2', VRSN_SEQ_ID, 'en', 'citizen', '402CD339-D0E4-46CE-8FC2-12A4B0E17226' FROM CD_VRSN_TBL WHERE CD_ID = '35b13152-e43c-4bcb-8649-a9e83bee33a2' AND OBSLT_UTC IS NULL;
INSERT INTO CD_NAME_TBL (CD_ID, EFFT_VRSN_SEQ_ID, LANG_CS, VAL, PHON_ALG_ID) SELECT 'd4844672-c0d7-434c-8377-6dd0655b0532', VRSN_SEQ_ID, 'en', 'covered party', '402CD339-D0E4-46CE-8FC2-12A4B0E17226' FROM CD_VRSN_TBL WHERE CD_ID = 'd4844672-c0d7-434c-8377-6dd0655b0532' AND OBSLT_UTC IS NULL;
INSERT INTO CD_NAME_TBL (CD_ID, EFFT_VRSN_SEQ_ID, LANG_CS, VAL, PHON_ALG_ID) SELECT '9d256279-f1ac-46b3-a974-dd13e2ad4f72', VRSN_SEQ_ID, 'en', 'claimant', '402CD339-D0E4-46CE-8FC2-12A4B0E17226' FROM CD_VRSN_TBL WHERE CD_ID = '9d256279-f1ac-46b3-a974-dd13e2ad4f72' AND OBSLT_UTC IS NULL;
INSERT INTO CD_NAME_TBL (CD_ID, EFFT_VRSN_SEQ_ID, LANG_CS, VAL, PHON_ALG_ID) SELECT '3d907f37-085c-4c26-b59b-62e40621dafd', VRSN_SEQ_ID, 'en', 'named insured', '402CD339-D0E4-46CE-8FC2-12A4B0E17226' FROM CD_VRSN_TBL WHERE CD_ID = '3d907f37-085c-4c26-b59b-62e40621dafd' AND OBSLT_UTC IS NULL;
INSERT INTO CD_NAME_TBL (CD_ID, EFFT_VRSN_SEQ_ID, LANG_CS, VAL, PHON_ALG_ID) SELECT 'f28ed78f-85ab-47a1-ba08-b5051e62d6c3', VRSN_SEQ_ID, 'en', 'dependent', '402CD339-D0E4-46CE-8FC2-12A4B0E17226' FROM CD_VRSN_TBL WHERE CD_ID = 'f28ed78f-85ab-47a1-ba08-b5051e62d6c3' AND OBSLT_UTC IS NULL;
INSERT INTO CD_NAME_TBL (CD_ID, EFFT_VRSN_SEQ_ID, LANG_CS, VAL, PHON_ALG_ID) SELECT '47049b0f-f189-4e19-9aa8-7c38adb2491a', VRSN_SEQ_ID, 'en', 'individual', '402CD339-D0E4-46CE-8FC2-12A4B0E17226' FROM CD_VRSN_TBL WHERE CD_ID = '47049b0f-f189-4e19-9aa8-7c38adb2491a' AND OBSLT_UTC IS NULL;
INSERT INTO CD_NAME_TBL (CD_ID, EFFT_VRSN_SEQ_ID, LANG_CS, VAL, PHON_ALG_ID) SELECT 'f31a2a5b-ce13-47e1-a0fb-d704f31547db', VRSN_SEQ_ID, 'en', 'subscriber', '402CD339-D0E4-46CE-8FC2-12A4B0E17226' FROM CD_VRSN_TBL WHERE CD_ID = 'f31a2a5b-ce13-47e1-a0fb-d704f31547db' AND OBSLT_UTC IS NULL;
INSERT INTO CD_NAME_TBL (CD_ID, EFFT_VRSN_SEQ_ID, LANG_CS, VAL, PHON_ALG_ID) SELECT 'cbe2a00c-e1d5-44e9-aae3-d7d03e3c2efa', VRSN_SEQ_ID, 'en', 'program eligible', '402CD339-D0E4-46CE-8FC2-12A4B0E17226' FROM CD_VRSN_TBL WHERE CD_ID = 'cbe2a00c-e1d5-44e9-aae3-d7d03e3c2efa' AND OBSLT_UTC IS NULL;
INSERT INTO CD_NAME_TBL (CD_ID, EFFT_VRSN_SEQ_ID, LANG_CS, VAL, PHON_ALG_ID) SELECT '43ad7bc0-2ed8-4b27-97e5-b3db00a07d17', VRSN_SEQ_ID, 'en', 'clinical research investigator', '402CD339-D0E4-46CE-8FC2-12A4B0E17226' FROM CD_VRSN_TBL WHERE CD_ID = '43ad7bc0-2ed8-4b27-97e5-b3db00a07d17' AND OBSLT_UTC IS NULL;
INSERT INTO CD_NAME_TBL (CD_ID, EFFT_VRSN_SEQ_ID, LANG_CS, VAL, PHON_ALG_ID) SELECT '66c96ae6-c5c4-4d66-9bd0-a00c56e831da', VRSN_SEQ_ID, 'en', 'clinical research sponsor', '402CD339-D0E4-46CE-8FC2-12A4B0E17226' FROM CD_VRSN_TBL WHERE CD_ID = '66c96ae6-c5c4-4d66-9bd0-a00c56e831da' AND OBSLT_UTC IS NULL;
INSERT INTO CD_NAME_TBL (CD_ID, EFFT_VRSN_SEQ_ID, LANG_CS, VAL, PHON_ALG_ID) SELECT 'b43c9513-1c1c-4ed0-92db-55a904c122e6', VRSN_SEQ_ID, 'en', 'employee', '402CD339-D0E4-46CE-8FC2-12A4B0E17226' FROM CD_VRSN_TBL WHERE CD_ID = 'b43c9513-1c1c-4ed0-92db-55a904c122e6' AND OBSLT_UTC IS NULL;
INSERT INTO CD_NAME_TBL (CD_ID, EFFT_VRSN_SEQ_ID, LANG_CS, VAL, PHON_ALG_ID) SELECT '1bcfb08d-c6fa-41dd-98bf-06336a33a3b7', VRSN_SEQ_ID, 'en', 'military person', '402CD339-D0E4-46CE-8FC2-12A4B0E17226' FROM CD_VRSN_TBL WHERE CD_ID = '1bcfb08d-c6fa-41dd-98bf-06336a33a3b7' AND OBSLT_UTC IS NULL;
INSERT INTO CD_NAME_TBL (CD_ID, EFFT_VRSN_SEQ_ID, LANG_CS, VAL, PHON_ALG_ID) SELECT 'f5b10c57-3ae1-41ea-8649-1cf8d9848ae1', VRSN_SEQ_ID, 'en', 'guarantor', '402CD339-D0E4-46CE-8FC2-12A4B0E17226' FROM CD_VRSN_TBL WHERE CD_ID = 'f5b10c57-3ae1-41ea-8649-1cf8d9848ae1' AND OBSLT_UTC IS NULL;
INSERT INTO CD_NAME_TBL (CD_ID, EFFT_VRSN_SEQ_ID, LANG_CS, VAL, PHON_ALG_ID) SELECT '0c522bd1-dfa2-43cb-a98e-f6ff137968ae', VRSN_SEQ_ID, 'en', 'Investigation Subject', '402CD339-D0E4-46CE-8FC2-12A4B0E17226' FROM CD_VRSN_TBL WHERE CD_ID = '0c522bd1-dfa2-43cb-a98e-f6ff137968ae' AND OBSLT_UTC IS NULL;
INSERT INTO CD_NAME_TBL (CD_ID, EFFT_VRSN_SEQ_ID, LANG_CS, VAL, PHON_ALG_ID) SELECT 'd7ad48c0-889d-41e2-99e9-be5e6c5327b2', VRSN_SEQ_ID, 'en', 'Case Subject', '402CD339-D0E4-46CE-8FC2-12A4B0E17226' FROM CD_VRSN_TBL WHERE CD_ID = 'd7ad48c0-889d-41e2-99e9-be5e6c5327b2' AND OBSLT_UTC IS NULL;
INSERT INTO CD_NAME_TBL (CD_ID, EFFT_VRSN_SEQ_ID, LANG_CS, VAL, PHON_ALG_ID) SELECT 'ef597ffe-d965-4398-b55a-650530ebb997', VRSN_SEQ_ID, 'en', 'research subject', '402CD339-D0E4-46CE-8FC2-12A4B0E17226' FROM CD_VRSN_TBL WHERE CD_ID = 'ef597ffe-d965-4398-b55a-650530ebb997' AND OBSLT_UTC IS NULL;
INSERT INTO CD_NAME_TBL (CD_ID, EFFT_VRSN_SEQ_ID, LANG_CS, VAL, PHON_ALG_ID) SELECT 'b9fe057e-7f57-42eb-89d7-67c69646c0c4', VRSN_SEQ_ID, 'en', 'licensed entity', '402CD339-D0E4-46CE-8FC2-12A4B0E17226' FROM CD_VRSN_TBL WHERE CD_ID = 'b9fe057e-7f57-42eb-89d7-67c69646c0c4' AND OBSLT_UTC IS NULL;
INSERT INTO CD_NAME_TBL (CD_ID, EFFT_VRSN_SEQ_ID, LANG_CS, VAL, PHON_ALG_ID) SELECT 'f1ef6c46-05eb-4482-baeb-eaf0a8e5ffef', VRSN_SEQ_ID, 'en', 'notary public', '402CD339-D0E4-46CE-8FC2-12A4B0E17226' FROM CD_VRSN_TBL WHERE CD_ID = 'f1ef6c46-05eb-4482-baeb-eaf0a8e5ffef' AND OBSLT_UTC IS NULL;
INSERT INTO CD_NAME_TBL (CD_ID, EFFT_VRSN_SEQ_ID, LANG_CS, VAL, PHON_ALG_ID) SELECT '6b04fed8-c164-469c-910b-f824c2bda4f0', VRSN_SEQ_ID, 'en', 'healthcare provider', '402CD339-D0E4-46CE-8FC2-12A4B0E17226' FROM CD_VRSN_TBL WHERE CD_ID = '6b04fed8-c164-469c-910b-f824c2bda4f0' AND OBSLT_UTC IS NULL;
INSERT INTO CD_NAME_TBL (CD_ID, EFFT_VRSN_SEQ_ID, LANG_CS, VAL, PHON_ALG_ID) SELECT 'bacd9c6f-3fa9-481e-9636-37457962804d', VRSN_SEQ_ID, 'en', 'patient', '402CD339-D0E4-46CE-8FC2-12A4B0E17226' FROM CD_VRSN_TBL WHERE CD_ID = 'bacd9c6f-3fa9-481e-9636-37457962804d' AND OBSLT_UTC IS NULL;
INSERT INTO CD_NAME_TBL (CD_ID, EFFT_VRSN_SEQ_ID, LANG_CS, VAL, PHON_ALG_ID) SELECT '734551e1-2960-4a68-93a2-b277db072a43', VRSN_SEQ_ID, 'en', 'payee', '402CD339-D0E4-46CE-8FC2-12A4B0E17226' FROM CD_VRSN_TBL WHERE CD_ID = '734551e1-2960-4a68-93a2-b277db072a43' AND OBSLT_UTC IS NULL;
INSERT INTO CD_NAME_TBL (CD_ID, EFFT_VRSN_SEQ_ID, LANG_CS, VAL, PHON_ALG_ID) SELECT '07c922d2-12c9-415a-95d4-9b3fed4959d6', VRSN_SEQ_ID, 'en', 'invoice payor', '402CD339-D0E4-46CE-8FC2-12A4B0E17226' FROM CD_VRSN_TBL WHERE CD_ID = '07c922d2-12c9-415a-95d4-9b3fed4959d6' AND OBSLT_UTC IS NULL;
INSERT INTO CD_NAME_TBL (CD_ID, EFFT_VRSN_SEQ_ID, LANG_CS, VAL, PHON_ALG_ID) SELECT 'cec017ef-4e49-41af-8596-abad1a91c9d0', VRSN_SEQ_ID, 'en', 'policy holder', '402CD339-D0E4-46CE-8FC2-12A4B0E17226' FROM CD_VRSN_TBL WHERE CD_ID = 'cec017ef-4e49-41af-8596-abad1a91c9d0' AND OBSLT_UTC IS NULL;
INSERT INTO CD_NAME_TBL (CD_ID, EFFT_VRSN_SEQ_ID, LANG_CS, VAL, PHON_ALG_ID) SELECT '6521dd09-334b-4fbf-9c89-1ad5a804326c', VRSN_SEQ_ID, 'en', 'qualified entity', '402CD339-D0E4-46CE-8FC2-12A4B0E17226' FROM CD_VRSN_TBL WHERE CD_ID = '6521dd09-334b-4fbf-9c89-1ad5a804326c' AND OBSLT_UTC IS NULL;
INSERT INTO CD_NAME_TBL (CD_ID, EFFT_VRSN_SEQ_ID, LANG_CS, VAL, PHON_ALG_ID) SELECT '8ff9d9a5-a206-4566-82cd-67b770d7ce8a', VRSN_SEQ_ID, 'en', 'coverage sponsor', '402CD339-D0E4-46CE-8FC2-12A4B0E17226' FROM CD_VRSN_TBL WHERE CD_ID = '8ff9d9a5-a206-4566-82cd-67b770d7ce8a' AND OBSLT_UTC IS NULL;
INSERT INTO CD_NAME_TBL (CD_ID, EFFT_VRSN_SEQ_ID, LANG_CS, VAL, PHON_ALG_ID) SELECT '0c157566-d1e9-4976-8542-473caa9ba2a4', VRSN_SEQ_ID, 'en', 'student', '402CD339-D0E4-46CE-8FC2-12A4B0E17226' FROM CD_VRSN_TBL WHERE CD_ID = '0c157566-d1e9-4976-8542-473caa9ba2a4' AND OBSLT_UTC IS NULL;
INSERT INTO CD_NAME_TBL (CD_ID, EFFT_VRSN_SEQ_ID, LANG_CS, VAL, PHON_ALG_ID) SELECT 'a8fcd83f-808b-494b-8a1c-ec2c6dbc3dfa', VRSN_SEQ_ID, 'en', 'underwriter', '402CD339-D0E4-46CE-8FC2-12A4B0E17226' FROM CD_VRSN_TBL WHERE CD_ID = 'a8fcd83f-808b-494b-8a1c-ec2c6dbc3dfa' AND OBSLT_UTC IS NULL;
INSERT INTO CD_NAME_TBL (CD_ID, EFFT_VRSN_SEQ_ID, LANG_CS, VAL, PHON_ALG_ID) SELECT 'ddc1b705-c768-4c7a-8f69-76ad4b167b40', VRSN_SEQ_ID, 'en', 'access', '402CD339-D0E4-46CE-8FC2-12A4B0E17226' FROM CD_VRSN_TBL WHERE CD_ID = 'ddc1b705-c768-4c7a-8f69-76ad4b167b40' AND OBSLT_UTC IS NULL;
INSERT INTO CD_NAME_TBL (CD_ID, EFFT_VRSN_SEQ_ID, LANG_CS, VAL, PHON_ALG_ID) SELECT 'b52c7e95-88b8-4c4c-836a-934277afdb92', VRSN_SEQ_ID, 'en', 'Administerable Material', '402CD339-D0E4-46CE-8FC2-12A4B0E17226' FROM CD_VRSN_TBL WHERE CD_ID = 'b52c7e95-88b8-4c4c-836a-934277afdb92' AND OBSLT_UTC IS NULL;
INSERT INTO CD_NAME_TBL (CD_ID, EFFT_VRSN_SEQ_ID, LANG_CS, VAL, PHON_ALG_ID) SELECT 'f3ef7e48-d8b7-4030-b431-aff7e0e1cb76', VRSN_SEQ_ID, 'en', 'birthplace', '402CD339-D0E4-46CE-8FC2-12A4B0E17226' FROM CD_VRSN_TBL WHERE CD_ID = 'f3ef7e48-d8b7-4030-b431-aff7e0e1cb76' AND OBSLT_UTC IS NULL;
INSERT INTO CD_NAME_TBL (CD_ID, EFFT_VRSN_SEQ_ID, LANG_CS, VAL, PHON_ALG_ID) SELECT '31b0dfcb-d7ba-452a-98b9-45ebccd30732', VRSN_SEQ_ID, 'en', 'caregiver', '402CD339-D0E4-46CE-8FC2-12A4B0E17226' FROM CD_VRSN_TBL WHERE CD_ID = '31b0dfcb-d7ba-452a-98b9-45ebccd30732' AND OBSLT_UTC IS NULL;
INSERT INTO CD_NAME_TBL (CD_ID, EFFT_VRSN_SEQ_ID, LANG_CS, VAL, PHON_ALG_ID) SELECT '9bbe0cfe-faab-4dc9-a28f-c001e3e95e6e', VRSN_SEQ_ID, 'en', 'place of death', '402CD339-D0E4-46CE-8FC2-12A4B0E17226' FROM CD_VRSN_TBL WHERE CD_ID = '9bbe0cfe-faab-4dc9-a28f-c001e3e95e6e' AND OBSLT_UTC IS NULL;
INSERT INTO CD_NAME_TBL (CD_ID, EFFT_VRSN_SEQ_ID, LANG_CS, VAL, PHON_ALG_ID) SELECT 'f5547ada-1eb9-40bb-b163-081567d869e7', VRSN_SEQ_ID, 'en', 'distributed material', '402CD339-D0E4-46CE-8FC2-12A4B0E17226' FROM CD_VRSN_TBL WHERE CD_ID = 'f5547ada-1eb9-40bb-b163-081567d869e7' AND OBSLT_UTC IS NULL;
INSERT INTO CD_NAME_TBL (CD_ID, EFFT_VRSN_SEQ_ID, LANG_CS, VAL, PHON_ALG_ID) SELECT '703df8f4-b124-44c5-9506-1ab74ddfd91d', VRSN_SEQ_ID, 'en', 'retailed material', '402CD339-D0E4-46CE-8FC2-12A4B0E17226' FROM CD_VRSN_TBL WHERE CD_ID = '703df8f4-b124-44c5-9506-1ab74ddfd91d' AND OBSLT_UTC IS NULL;
INSERT INTO CD_NAME_TBL (CD_ID, EFFT_VRSN_SEQ_ID, LANG_CS, VAL, PHON_ALG_ID) SELECT 'ab39087c-17d3-421a-a1e3-2de4e0ab9faf', VRSN_SEQ_ID, 'en', 'exposed entity', '402CD339-D0E4-46CE-8FC2-12A4B0E17226' FROM CD_VRSN_TBL WHERE CD_ID = 'ab39087c-17d3-421a-a1e3-2de4e0ab9faf' AND OBSLT_UTC IS NULL;
INSERT INTO CD_NAME_TBL (CD_ID, EFFT_VRSN_SEQ_ID, LANG_CS, VAL, PHON_ALG_ID) SELECT '9c02a621-8565-46b4-94ff-a2bd210989b1', VRSN_SEQ_ID, 'en', 'held entity', '402CD339-D0E4-46CE-8FC2-12A4B0E17226' FROM CD_VRSN_TBL WHERE CD_ID = '9c02a621-8565-46b4-94ff-a2bd210989b1' AND OBSLT_UTC IS NULL;
INSERT INTO CD_NAME_TBL (CD_ID, EFFT_VRSN_SEQ_ID, LANG_CS, VAL, PHON_ALG_ID) SELECT '5b0f8c93-57c9-4dff-b59a-9564739ef445', VRSN_SEQ_ID, 'en', 'health chart', '402CD339-D0E4-46CE-8FC2-12A4B0E17226' FROM CD_VRSN_TBL WHERE CD_ID = '5b0f8c93-57c9-4dff-b59a-9564739ef445' AND OBSLT_UTC IS NULL;
INSERT INTO CD_NAME_TBL (CD_ID, EFFT_VRSN_SEQ_ID, LANG_CS, VAL, PHON_ALG_ID) SELECT 'c5c8b935-294f-4c90-9d81-cbf914bf5808', VRSN_SEQ_ID, 'en', 'identified entity', '402CD339-D0E4-46CE-8FC2-12A4B0E17226' FROM CD_VRSN_TBL WHERE CD_ID = 'c5c8b935-294f-4c90-9d81-cbf914bf5808' AND OBSLT_UTC IS NULL;
INSERT INTO CD_NAME_TBL (CD_ID, EFFT_VRSN_SEQ_ID, LANG_CS, VAL, PHON_ALG_ID) SELECT '6780df3b-afbd-44a3-8627-cbb3dc2f02f6', VRSN_SEQ_ID, 'en', 'manufactured product', '402CD339-D0E4-46CE-8FC2-12A4B0E17226' FROM CD_VRSN_TBL WHERE CD_ID = '6780df3b-afbd-44a3-8627-cbb3dc2f02f6' AND OBSLT_UTC IS NULL;
INSERT INTO CD_NAME_TBL (CD_ID, EFFT_VRSN_SEQ_ID, LANG_CS, VAL, PHON_ALG_ID) SELECT 'd6657fdb-4ef3-4131-af79-14e01a21faca', VRSN_SEQ_ID, 'en', 'therapeutic agent', '402CD339-D0E4-46CE-8FC2-12A4B0E17226' FROM CD_VRSN_TBL WHERE CD_ID = 'd6657fdb-4ef3-4131-af79-14e01a21faca' AND OBSLT_UTC IS NULL;
INSERT INTO CD_NAME_TBL (CD_ID, EFFT_VRSN_SEQ_ID, LANG_CS, VAL, PHON_ALG_ID) SELECT '77b6d8cd-05a0-4b1f-9e14-b895203bf40c', VRSN_SEQ_ID, 'en', 'maintained entity', '402CD339-D0E4-46CE-8FC2-12A4B0E17226' FROM CD_VRSN_TBL WHERE CD_ID = '77b6d8cd-05a0-4b1f-9e14-b895203bf40c' AND OBSLT_UTC IS NULL;
INSERT INTO CD_NAME_TBL (CD_ID, EFFT_VRSN_SEQ_ID, LANG_CS, VAL, PHON_ALG_ID) SELECT '117da15c-0864-4f00-a987-9b9854cba44e', VRSN_SEQ_ID, 'en', 'owned entity', '402CD339-D0E4-46CE-8FC2-12A4B0E17226' FROM CD_VRSN_TBL WHERE CD_ID = '117da15c-0864-4f00-a987-9b9854cba44e' AND OBSLT_UTC IS NULL;
INSERT INTO CD_NAME_TBL (CD_ID, EFFT_VRSN_SEQ_ID, LANG_CS, VAL, PHON_ALG_ID) SELECT 'abfd3fe8-9526-48fb-b366-35baca9bd170', VRSN_SEQ_ID, 'en', 'personal relationship', '402CD339-D0E4-46CE-8FC2-12A4B0E17226' FROM CD_VRSN_TBL WHERE CD_ID = 'abfd3fe8-9526-48fb-b366-35baca9bd170' AND OBSLT_UTC IS NULL;
INSERT INTO CD_NAME_TBL (CD_ID, EFFT_VRSN_SEQ_ID, LANG_CS, VAL, PHON_ALG_ID) SELECT '20e98d17-e24d-4c64-b09e-521a177ccd05', VRSN_SEQ_ID, 'en', 'regulated product', '402CD339-D0E4-46CE-8FC2-12A4B0E17226' FROM CD_VRSN_TBL WHERE CD_ID = '20e98d17-e24d-4c64-b09e-521a177ccd05' AND OBSLT_UTC IS NULL;
INSERT INTO CD_NAME_TBL (CD_ID, EFFT_VRSN_SEQ_ID, LANG_CS, VAL, PHON_ALG_ID) SELECT 'ff34dfa7-c6d3-4f8b-bc9f-14bcdc13ba6c', VRSN_SEQ_ID, 'en', 'service delivery location', '402CD339-D0E4-46CE-8FC2-12A4B0E17226' FROM CD_VRSN_TBL WHERE CD_ID = 'ff34dfa7-c6d3-4f8b-bc9f-14bcdc13ba6c' AND OBSLT_UTC IS NULL;
INSERT INTO CD_NAME_TBL (CD_ID, EFFT_VRSN_SEQ_ID, LANG_CS, VAL, PHON_ALG_ID) SELECT '455f1772-f580-47e8-86bd-b5ce25d351f9', VRSN_SEQ_ID, 'en', 'dedicated service delivery location', '402CD339-D0E4-46CE-8FC2-12A4B0E17226' FROM CD_VRSN_TBL WHERE CD_ID = '455f1772-f580-47e8-86bd-b5ce25d351f9' AND OBSLT_UTC IS NULL;
INSERT INTO CD_NAME_TBL (CD_ID, EFFT_VRSN_SEQ_ID, LANG_CS, VAL, PHON_ALG_ID) SELECT '41baf7aa-5ffd-4421-831f-42d4ab3de38a', VRSN_SEQ_ID, 'en', 'incidental service delivery location', '402CD339-D0E4-46CE-8FC2-12A4B0E17226' FROM CD_VRSN_TBL WHERE CD_ID = '41baf7aa-5ffd-4421-831f-42d4ab3de38a' AND OBSLT_UTC IS NULL;
INSERT INTO CD_NAME_TBL (CD_ID, EFFT_VRSN_SEQ_ID, LANG_CS, VAL, PHON_ALG_ID) SELECT 'c6b92576-1d62-4896-8799-6f931f8ab607', VRSN_SEQ_ID, 'en', 'territory of authority', '402CD339-D0E4-46CE-8FC2-12A4B0E17226' FROM CD_VRSN_TBL WHERE CD_ID = 'c6b92576-1d62-4896-8799-6f931f8ab607' AND OBSLT_UTC IS NULL;
INSERT INTO CD_NAME_TBL (CD_ID, EFFT_VRSN_SEQ_ID, LANG_CS, VAL, PHON_ALG_ID) SELECT '08fff7d9-bac7-417b-b026-c9bee52f4a37', VRSN_SEQ_ID, 'en', 'used entity', '402CD339-D0E4-46CE-8FC2-12A4B0E17226' FROM CD_VRSN_TBL WHERE CD_ID = '08fff7d9-bac7-417b-b026-c9bee52f4a37' AND OBSLT_UTC IS NULL;
INSERT INTO CD_NAME_TBL (CD_ID, EFFT_VRSN_SEQ_ID, LANG_CS, VAL, PHON_ALG_ID) SELECT '639b4b8f-afd3-4963-9e79-ef0d3928796a', VRSN_SEQ_ID, 'en', 'warranted product', '402CD339-D0E4-46CE-8FC2-12A4B0E17226' FROM CD_VRSN_TBL WHERE CD_ID = '639b4b8f-afd3-4963-9e79-ef0d3928796a' AND OBSLT_UTC IS NULL;
INSERT INTO CD_NAME_TBL (CD_ID, EFFT_VRSN_SEQ_ID, LANG_CS, VAL, PHON_ALG_ID) SELECT '845120de-e6f7-4cec-94aa-e6e943c91367', VRSN_SEQ_ID, 'en', 'guardian', '402CD339-D0E4-46CE-8FC2-12A4B0E17226' FROM CD_VRSN_TBL WHERE CD_ID = '845120de-e6f7-4cec-94aa-e6e943c91367' AND OBSLT_UTC IS NULL;
INSERT INTO CD_NAME_TBL (CD_ID, EFFT_VRSN_SEQ_ID, LANG_CS, VAL, PHON_ALG_ID) SELECT 'b2feb552-8eaf-45fe-a397-f789d6f4728a', VRSN_SEQ_ID, 'en', 'part', '402CD339-D0E4-46CE-8FC2-12A4B0E17226' FROM CD_VRSN_TBL WHERE CD_ID = 'b2feb552-8eaf-45fe-a397-f789d6f4728a' AND OBSLT_UTC IS NULL;
INSERT INTO CD_NAME_TBL (CD_ID, EFFT_VRSN_SEQ_ID, LANG_CS, VAL, PHON_ALG_ID) SELECT '212b1b6b-b074-4a75-862d-e4e194252044', VRSN_SEQ_ID, 'en', 'active moiety', '402CD339-D0E4-46CE-8FC2-12A4B0E17226' FROM CD_VRSN_TBL WHERE CD_ID = '212b1b6b-b074-4a75-862d-e4e194252044' AND OBSLT_UTC IS NULL;
INSERT INTO CD_NAME_TBL (CD_ID, EFFT_VRSN_SEQ_ID, LANG_CS, VAL, PHON_ALG_ID) SELECT 'cff670e4-965e-4288-b966-47a44479d2ad', VRSN_SEQ_ID, 'en', 'aliquot', '402CD339-D0E4-46CE-8FC2-12A4B0E17226' FROM CD_VRSN_TBL WHERE CD_ID = 'cff670e4-965e-4288-b966-47a44479d2ad' AND OBSLT_UTC IS NULL;
INSERT INTO CD_NAME_TBL (CD_ID, EFFT_VRSN_SEQ_ID, LANG_CS, VAL, PHON_ALG_ID) SELECT '020c28a0-7c52-42f4-a046-db9e329d5a42', VRSN_SEQ_ID, 'en', 'isolate', '402CD339-D0E4-46CE-8FC2-12A4B0E17226' FROM CD_VRSN_TBL WHERE CD_ID = '020c28a0-7c52-42f4-a046-db9e329d5a42' AND OBSLT_UTC IS NULL;
INSERT INTO CD_NAME_TBL (CD_ID, EFFT_VRSN_SEQ_ID, LANG_CS, VAL, PHON_ALG_ID) SELECT 'ca44a469-81d7-4484-9189-ca1d55afecbc', VRSN_SEQ_ID, 'en', 'account management', '402CD339-D0E4-46CE-8FC2-12A4B0E17226' FROM CD_VRSN_TBL WHERE CD_ID = 'ca44a469-81d7-4484-9189-ca1d55afecbc' AND OBSLT_UTC IS NULL;
INSERT INTO CD_NAME_TBL (CD_ID, EFFT_VRSN_SEQ_ID, LANG_CS, VAL, PHON_ALG_ID) SELECT 'd874424e-c692-4fd8-b94e-642e1cbf83e9', VRSN_SEQ_ID, 'en', 'act', '402CD339-D0E4-46CE-8FC2-12A4B0E17226' FROM CD_VRSN_TBL WHERE CD_ID = 'd874424e-c692-4fd8-b94e-642e1cbf83e9' AND OBSLT_UTC IS NULL;
INSERT INTO CD_NAME_TBL (CD_ID, EFFT_VRSN_SEQ_ID, LANG_CS, VAL, PHON_ALG_ID) SELECT '03eb7808-0851-49e2-b773-663b0ac2bd38', VRSN_SEQ_ID, 'en', 'CT event', '402CD339-D0E4-46CE-8FC2-12A4B0E17226' FROM CD_VRSN_TBL WHERE CD_ID = '03eb7808-0851-49e2-b773-663b0ac2bd38' AND OBSLT_UTC IS NULL;
INSERT INTO CD_NAME_TBL (CD_ID, EFFT_VRSN_SEQ_ID, LANG_CS, VAL, PHON_ALG_ID) SELECT '1571297b-86ed-4002-8b40-13403cba68ab', VRSN_SEQ_ID, 'en', 'INC', '402CD339-D0E4-46CE-8FC2-12A4B0E17226' FROM CD_VRSN_TBL WHERE CD_ID = '1571297b-86ed-4002-8b40-13403cba68ab' AND OBSLT_UTC IS NULL;
INSERT INTO CD_NAME_TBL (CD_ID, EFFT_VRSN_SEQ_ID, LANG_CS, VAL, PHON_ALG_ID) SELECT '192f1768-d39e-409d-87be-5afd0ee0d1fe', VRSN_SEQ_ID, 'en', 'informant', '402CD339-D0E4-46CE-8FC2-12A4B0E17226' FROM CD_VRSN_TBL WHERE CD_ID = '192f1768-d39e-409d-87be-5afd0ee0d1fe' AND OBSLT_UTC IS NULL;
INSERT INTO CD_NAME_TBL (CD_ID, EFFT_VRSN_SEQ_ID, LANG_CS, VAL, PHON_ALG_ID) SELECT '676de278-64aa-44f2-9b69-60d61fc1f5f5', VRSN_SEQ_ID, 'en', 'battery', '402CD339-D0E4-46CE-8FC2-12A4B0E17226' FROM CD_VRSN_TBL WHERE CD_ID = '676de278-64aa-44f2-9b69-60d61fc1f5f5' AND OBSLT_UTC IS NULL;
INSERT INTO CD_NAME_TBL (CD_ID, EFFT_VRSN_SEQ_ID, LANG_CS, VAL, PHON_ALG_ID) SELECT 'd38091b5-9065-4721-8a1f-bfbb3b4bf447', VRSN_SEQ_ID, 'en', 'cluster', '402CD339-D0E4-46CE-8FC2-12A4B0E17226' FROM CD_VRSN_TBL WHERE CD_ID = 'd38091b5-9065-4721-8a1f-bfbb3b4bf447' AND OBSLT_UTC IS NULL;
INSERT INTO CD_NAME_TBL (CD_ID, EFFT_VRSN_SEQ_ID, LANG_CS, VAL, PHON_ALG_ID) SELECT '3b14a426-6337-4f2a-b83b-e6be7dbcd5a5', VRSN_SEQ_ID, 'en', 'definition', '402CD339-D0E4-46CE-8FC2-12A4B0E17226' FROM CD_VRSN_TBL WHERE CD_ID = '3b14a426-6337-4f2a-b83b-e6be7dbcd5a5' AND OBSLT_UTC IS NULL;
INSERT INTO CD_NAME_TBL (CD_ID, EFFT_VRSN_SEQ_ID, LANG_CS, VAL, PHON_ALG_ID) SELECT '13925967-e748-4dd6-b562-1e1da3ddfb06', VRSN_SEQ_ID, 'en', 'Goal', '402CD339-D0E4-46CE-8FC2-12A4B0E17226' FROM CD_VRSN_TBL WHERE CD_ID = '13925967-e748-4dd6-b562-1e1da3ddfb06' AND OBSLT_UTC IS NULL;
INSERT INTO CD_NAME_TBL (CD_ID, EFFT_VRSN_SEQ_ID, LANG_CS, VAL, PHON_ALG_ID) SELECT '099bcc5e-8e2f-4d50-b509-9f9d5bbeb58e', VRSN_SEQ_ID, 'en', 'intent', '402CD339-D0E4-46CE-8FC2-12A4B0E17226' FROM CD_VRSN_TBL WHERE CD_ID = '099bcc5e-8e2f-4d50-b509-9f9d5bbeb58e' AND OBSLT_UTC IS NULL;
INSERT INTO CD_NAME_TBL (CD_ID, EFFT_VRSN_SEQ_ID, LANG_CS, VAL, PHON_ALG_ID) SELECT 'acf7baf2-221f-4bc2-8116-ceb5165be079', VRSN_SEQ_ID, 'en', 'proposal', '402CD339-D0E4-46CE-8FC2-12A4B0E17226' FROM CD_VRSN_TBL WHERE CD_ID = 'acf7baf2-221f-4bc2-8116-ceb5165be079' AND OBSLT_UTC IS NULL;
INSERT INTO CD_NAME_TBL (CD_ID, EFFT_VRSN_SEQ_ID, LANG_CS, VAL, PHON_ALG_ID) SELECT 'dc3df205-18ef-4854-ac00-68c295c9c744', VRSN_SEQ_ID, 'en', 'appends', '402CD339-D0E4-46CE-8FC2-12A4B0E17226' FROM CD_VRSN_TBL WHERE CD_ID = 'dc3df205-18ef-4854-ac00-68c295c9c744' AND OBSLT_UTC IS NULL;
INSERT INTO CD_NAME_TBL (CD_ID, EFFT_VRSN_SEQ_ID, LANG_CS, VAL, PHON_ALG_ID) SELECT 'd1578637-e1cb-415e-b319-4011da033813', VRSN_SEQ_ID, 'en', 'replaces', '402CD339-D0E4-46CE-8FC2-12A4B0E17226' FROM CD_VRSN_TBL WHERE CD_ID = 'd1578637-e1cb-415e-b319-4011da033813' AND OBSLT_UTC IS NULL;
INSERT INTO CD_NAME_TBL (CD_ID, EFFT_VRSN_SEQ_ID, LANG_CS, VAL, PHON_ALG_ID) SELECT 'db2ae02a-ff12-4c1b-9c5b-ecdd41af8583', VRSN_SEQ_ID, 'en', 'transforms', '402CD339-D0E4-46CE-8FC2-12A4B0E17226' FROM CD_VRSN_TBL WHERE CD_ID = 'db2ae02a-ff12-4c1b-9c5b-ecdd41af8583' AND OBSLT_UTC IS NULL;
INSERT INTO CD_NAME_TBL (CD_ID, EFFT_VRSN_SEQ_ID, LANG_CS, VAL, PHON_ALG_ID) SELECT '81b6a0f8-b86a-495f-9d5d-8a4073fdd882', VRSN_SEQ_ID, 'en', 'derivation', '402CD339-D0E4-46CE-8FC2-12A4B0E17226' FROM CD_VRSN_TBL WHERE CD_ID = '81b6a0f8-b86a-495f-9d5d-8a4073fdd882' AND OBSLT_UTC IS NULL;
INSERT INTO CD_NAME_TBL (CD_ID, EFFT_VRSN_SEQ_ID, LANG_CS, VAL, PHON_ALG_ID) SELECT '57d81685-e399-4abd-8744-96454188a9fa', VRSN_SEQ_ID, 'en', 'causes', '402CD339-D0E4-46CE-8FC2-12A4B0E17226' FROM CD_VRSN_TBL WHERE CD_ID = '57d81685-e399-4abd-8744-96454188a9fa' AND OBSLT_UTC IS NULL;
INSERT INTO CD_NAME_TBL (CD_ID, EFFT_VRSN_SEQ_ID, LANG_CS, VAL, PHON_ALG_ID) SELECT '22918d17-d3dc-4135-a003-4c1c52e57e75', VRSN_SEQ_ID, 'en', 'manifests', '402CD339-D0E4-46CE-8FC2-12A4B0E17226' FROM CD_VRSN_TBL WHERE CD_ID = '22918d17-d3dc-4135-a003-4c1c52e57e75' AND OBSLT_UTC IS NULL;
INSERT INTO CD_NAME_TBL (CD_ID, EFFT_VRSN_SEQ_ID, LANG_CS, VAL, PHON_ALG_ID) SELECT '55da61a2-7b86-47f3-9b0b-ba47dc99c950', VRSN_SEQ_ID, 'en', 'has reason', '402CD339-D0E4-46CE-8FC2-12A4B0E17226' FROM CD_VRSN_TBL WHERE CD_ID = '55da61a2-7b86-47f3-9b0b-ba47dc99c950' AND OBSLT_UTC IS NULL;
INSERT INTO CD_NAME_TBL (CD_ID, EFFT_VRSN_SEQ_ID, LANG_CS, VAL, PHON_ALG_ID) SELECT 'c66d7ca9-c6c2-46b1-9276-ad76baf04b07', VRSN_SEQ_ID, 'en', 'starts after start of', '402CD339-D0E4-46CE-8FC2-12A4B0E17226' FROM CD_VRSN_TBL WHERE CD_ID = 'c66d7ca9-c6c2-46b1-9276-ad76baf04b07' AND OBSLT_UTC IS NULL;
INSERT INTO CD_NAME_TBL (CD_ID, EFFT_VRSN_SEQ_ID, LANG_CS, VAL, PHON_ALG_ID) SELECT '3209e3f1-2258-4b63-8182-2c888da66cf0', VRSN_SEQ_ID, 'en', 'supports', '402CD339-D0E4-46CE-8FC2-12A4B0E17226' FROM CD_VRSN_TBL WHERE CD_ID = '3209e3f1-2258-4b63-8182-2c888da66cf0' AND OBSLT_UTC IS NULL;
INSERT INTO CD_NAME_TBL (CD_ID, EFFT_VRSN_SEQ_ID, LANG_CS, VAL, PHON_ALG_ID) SELECT '9871c3bc-b57a-479d-a031-7b56cb06fa84', VRSN_SEQ_ID, 'en', 'subject of', '402CD339-D0E4-46CE-8FC2-12A4B0E17226' FROM CD_VRSN_TBL WHERE CD_ID = '9871c3bc-b57a-479d-a031-7b56cb06fa84' AND OBSLT_UTC IS NULL;
INSERT INTO CD_NAME_TBL (CD_ID, EFFT_VRSN_SEQ_ID, LANG_CS, VAL, PHON_ALG_ID) SELECT 'ebf9ac10-b5c9-407a-91a4-360bfb7e0fb9', VRSN_SEQ_ID, 'en', 'link', '402CD339-D0E4-46CE-8FC2-12A4B0E17226' FROM CD_VRSN_TBL WHERE CD_ID = 'ebf9ac10-b5c9-407a-91a4-360bfb7e0fb9' AND OBSLT_UTC IS NULL;
INSERT INTO CD_NAME_TBL (CD_ID, EFFT_VRSN_SEQ_ID, LANG_CS, VAL, PHON_ALG_ID) SELECT 'e5136fdf-ce72-4757-a1cc-24e1cc98f034', VRSN_SEQ_ID, 'en', 'trace', '402CD339-D0E4-46CE-8FC2-12A4B0E17226' FROM CD_VRSN_TBL WHERE CD_ID = 'e5136fdf-ce72-4757-a1cc-24e1cc98f034' AND OBSLT_UTC IS NULL;
INSERT INTO CD_NAME_TBL (CD_ID, EFFT_VRSN_SEQ_ID, LANG_CS, VAL, PHON_ALG_ID) SELECT '4a287bfc-72ca-46b6-9d34-380eeae9369a', VRSN_SEQ_ID, 'en', 'adjudicated with adjustments', '402CD339-D0E4-46CE-8FC2-12A4B0E17226' FROM CD_VRSN_TBL WHERE CD_ID = '4a287bfc-72ca-46b6-9d34-380eeae9369a' AND OBSLT_UTC IS NULL;
INSERT INTO CD_NAME_TBL (CD_ID, EFFT_VRSN_SEQ_ID, LANG_CS, VAL, PHON_ALG_ID) SELECT '71751e65-cc30-4080-85de-5c19d5201772', VRSN_SEQ_ID, 'en', 'adjudicated with adjustments and no financial impact', '402CD339-D0E4-46CE-8FC2-12A4B0E17226' FROM CD_VRSN_TBL WHERE CD_ID = '71751e65-cc30-4080-85de-5c19d5201772' AND OBSLT_UTC IS NULL;
INSERT INTO CD_NAME_TBL (CD_ID, EFFT_VRSN_SEQ_ID, LANG_CS, VAL, PHON_ALG_ID) SELECT '7fd001e8-5451-4a48-b5b6-da5928dce03f', VRSN_SEQ_ID, 'en', 'adjudicated as refused', '402CD339-D0E4-46CE-8FC2-12A4B0E17226' FROM CD_VRSN_TBL WHERE CD_ID = '7fd001e8-5451-4a48-b5b6-da5928dce03f' AND OBSLT_UTC IS NULL;
INSERT INTO CD_NAME_TBL (CD_ID, EFFT_VRSN_SEQ_ID, LANG_CS, VAL, PHON_ALG_ID) SELECT '8be192e3-971a-4c3c-b795-554b0b5ad672', VRSN_SEQ_ID, 'en', 'adjudicated as submitted', '402CD339-D0E4-46CE-8FC2-12A4B0E17226' FROM CD_VRSN_TBL WHERE CD_ID = '8be192e3-971a-4c3c-b795-554b0b5ad672' AND OBSLT_UTC IS NULL;
INSERT INTO CD_NAME_TBL (CD_ID, EFFT_VRSN_SEQ_ID, LANG_CS, VAL, PHON_ALG_ID) SELECT '59e13f51-0cca-433e-8a45-8ec24b332ece', VRSN_SEQ_ID, 'en', 'Display', '402CD339-D0E4-46CE-8FC2-12A4B0E17226' FROM CD_VRSN_TBL WHERE CD_ID = '59e13f51-0cca-433e-8a45-8ec24b332ece' AND OBSLT_UTC IS NULL;
INSERT INTO CD_NAME_TBL (CD_ID, EFFT_VRSN_SEQ_ID, LANG_CS, VAL, PHON_ALG_ID) SELECT '2be66881-87e1-4173-b950-5534334ee08b', VRSN_SEQ_ID, 'en', 'Print on Form', '402CD339-D0E4-46CE-8FC2-12A4B0E17226' FROM CD_VRSN_TBL WHERE CD_ID = '2be66881-87e1-4173-b950-5534334ee08b' AND OBSLT_UTC IS NULL;
INSERT INTO CD_NAME_TBL (CD_ID, EFFT_VRSN_SEQ_ID, LANG_CS, VAL, PHON_ALG_ID) SELECT '04c76563-0e0b-49c4-9664-6eb3cbd771d1', VRSN_SEQ_ID, 'en', 'automobile', '402CD339-D0E4-46CE-8FC2-12A4B0E17226' FROM CD_VRSN_TBL WHERE CD_ID = '04c76563-0e0b-49c4-9664-6eb3cbd771d1' AND OBSLT_UTC IS NULL;
INSERT INTO CD_NAME_TBL (CD_ID, EFFT_VRSN_SEQ_ID, LANG_CS, VAL, PHON_ALG_ID) SELECT 'bd98bfb8-c621-48ec-919e-65a65e334d37', VRSN_SEQ_ID, 'en', 'disease program', '402CD339-D0E4-46CE-8FC2-12A4B0E17226' FROM CD_VRSN_TBL WHERE CD_ID = 'bd98bfb8-c621-48ec-919e-65a65e334d37' AND OBSLT_UTC IS NULL;
INSERT INTO CD_NAME_TBL (CD_ID, EFFT_VRSN_SEQ_ID, LANG_CS, VAL, PHON_ALG_ID) SELECT '2d0d7c33-c3a0-497a-92d8-d27095f1e2e7', VRSN_SEQ_ID, 'en', 'collision coverage policy', '402CD339-D0E4-46CE-8FC2-12A4B0E17226' FROM CD_VRSN_TBL WHERE CD_ID = '2d0d7c33-c3a0-497a-92d8-d27095f1e2e7' AND OBSLT_UTC IS NULL;
INSERT INTO CD_NAME_TBL (CD_ID, EFFT_VRSN_SEQ_ID, LANG_CS, VAL, PHON_ALG_ID) SELECT '3fe3c67e-eb5a-4540-bdcd-5ae2a5ffbbef', VRSN_SEQ_ID, 'en', 'dental program', '402CD339-D0E4-46CE-8FC2-12A4B0E17226' FROM CD_VRSN_TBL WHERE CD_ID = '3fe3c67e-eb5a-4540-bdcd-5ae2a5ffbbef' AND OBSLT_UTC IS NULL;
INSERT INTO CD_NAME_TBL (CD_ID, EFFT_VRSN_SEQ_ID, LANG_CS, VAL, PHON_ALG_ID) SELECT 'a5e71f54-ce6c-48f4-8da5-f8c61b04b7cf', VRSN_SEQ_ID, 'en', 'extended healthcare', '402CD339-D0E4-46CE-8FC2-12A4B0E17226' FROM CD_VRSN_TBL WHERE CD_ID = 'a5e71f54-ce6c-48f4-8da5-f8c61b04b7cf' AND OBSLT_UTC IS NULL;
INSERT INTO CD_NAME_TBL (CD_ID, EFFT_VRSN_SEQ_ID, LANG_CS, VAL, PHON_ALG_ID) SELECT '0413798d-4017-487a-9a8f-ddf40a21f48c', VRSN_SEQ_ID, 'en', 'end renal program', '402CD339-D0E4-46CE-8FC2-12A4B0E17226' FROM CD_VRSN_TBL WHERE CD_ID = '0413798d-4017-487a-9a8f-ddf40a21f48c' AND OBSLT_UTC IS NULL;
INSERT INTO CD_NAME_TBL (CD_ID, EFFT_VRSN_SEQ_ID, LANG_CS, VAL, PHON_ALG_ID) SELECT '231c88d8-2989-48f9-8ad7-df27adce9948', VRSN_SEQ_ID, 'en', 'HIV-AIDS program', '402CD339-D0E4-46CE-8FC2-12A4B0E17226' FROM CD_VRSN_TBL WHERE CD_ID = '231c88d8-2989-48f9-8ad7-df27adce9948' AND OBSLT_UTC IS NULL;
INSERT INTO CD_NAME_TBL (CD_ID, EFFT_VRSN_SEQ_ID, LANG_CS, VAL, PHON_ALG_ID) SELECT 'c8581ff7-7699-4788-84dd-d6b28edfa919', VRSN_SEQ_ID, 'en', 'health spending account', '402CD339-D0E4-46CE-8FC2-12A4B0E17226' FROM CD_VRSN_TBL WHERE CD_ID = 'c8581ff7-7699-4788-84dd-d6b28edfa919' AND OBSLT_UTC IS NULL;
INSERT INTO CD_NAME_TBL (CD_ID, EFFT_VRSN_SEQ_ID, LANG_CS, VAL, PHON_ALG_ID) SELECT '0c1af2f0-6162-4758-b532-ecece14d5a24', VRSN_SEQ_ID, 'en', 'mandatory health program', '402CD339-D0E4-46CE-8FC2-12A4B0E17226' FROM CD_VRSN_TBL WHERE CD_ID = '0c1af2f0-6162-4758-b532-ecece14d5a24' AND OBSLT_UTC IS NULL;
INSERT INTO CD_NAME_TBL (CD_ID, EFFT_VRSN_SEQ_ID, LANG_CS, VAL, PHON_ALG_ID) SELECT 'b83c798b-1b67-47d8-9353-7a8687967a63', VRSN_SEQ_ID, 'en', 'mental health program', '402CD339-D0E4-46CE-8FC2-12A4B0E17226' FROM CD_VRSN_TBL WHERE CD_ID = 'b83c798b-1b67-47d8-9353-7a8687967a63' AND OBSLT_UTC IS NULL;
INSERT INTO CD_NAME_TBL (CD_ID, EFFT_VRSN_SEQ_ID, LANG_CS, VAL, PHON_ALG_ID) SELECT 'a8d497c5-c68c-4bdd-b833-1202735ba0ac', VRSN_SEQ_ID, 'en', 'public healthcare', '402CD339-D0E4-46CE-8FC2-12A4B0E17226' FROM CD_VRSN_TBL WHERE CD_ID = 'a8d497c5-c68c-4bdd-b833-1202735ba0ac' AND OBSLT_UTC IS NULL;
INSERT INTO CD_NAME_TBL (CD_ID, EFFT_VRSN_SEQ_ID, LANG_CS, VAL, PHON_ALG_ID) SELECT '52aa67c9-4589-4d43-99fc-0e3da3b116e9', VRSN_SEQ_ID, 'en', 'safety net clinic program', '402CD339-D0E4-46CE-8FC2-12A4B0E17226' FROM CD_VRSN_TBL WHERE CD_ID = '52aa67c9-4589-4d43-99fc-0e3da3b116e9' AND OBSLT_UTC IS NULL;
INSERT INTO CD_NAME_TBL (CD_ID, EFFT_VRSN_SEQ_ID, LANG_CS, VAL, PHON_ALG_ID) SELECT 'b2f4bc37-b7f5-4836-86f5-500d72a552d0', VRSN_SEQ_ID, 'en', 'substance use program', '402CD339-D0E4-46CE-8FC2-12A4B0E17226' FROM CD_VRSN_TBL WHERE CD_ID = 'b2f4bc37-b7f5-4836-86f5-500d72a552d0' AND OBSLT_UTC IS NULL;
INSERT INTO CD_NAME_TBL (CD_ID, EFFT_VRSN_SEQ_ID, LANG_CS, VAL, PHON_ALG_ID) SELECT '8f46d9b3-1a30-4092-b3ed-c1bc0c4189b7', VRSN_SEQ_ID, 'en', 'subsidized health program', '402CD339-D0E4-46CE-8FC2-12A4B0E17226' FROM CD_VRSN_TBL WHERE CD_ID = '8f46d9b3-1a30-4092-b3ed-c1bc0c4189b7' AND OBSLT_UTC IS NULL;
INSERT INTO CD_NAME_TBL (CD_ID, EFFT_VRSN_SEQ_ID, LANG_CS, VAL, PHON_ALG_ID) SELECT '50a89363-3f59-4271-85fd-f79e8ac11f41', VRSN_SEQ_ID, 'en', 'subsidized managed care program', '402CD339-D0E4-46CE-8FC2-12A4B0E17226' FROM CD_VRSN_TBL WHERE CD_ID = '50a89363-3f59-4271-85fd-f79e8ac11f41' AND OBSLT_UTC IS NULL;
INSERT INTO CD_NAME_TBL (CD_ID, EFFT_VRSN_SEQ_ID, LANG_CS, VAL, PHON_ALG_ID) SELECT 'dd5a11f6-91f8-44d2-aef1-7ad8f5b690a2', VRSN_SEQ_ID, 'en', 'subsidized supplemental health program', '402CD339-D0E4-46CE-8FC2-12A4B0E17226' FROM CD_VRSN_TBL WHERE CD_ID = 'dd5a11f6-91f8-44d2-aef1-7ad8f5b690a2' AND OBSLT_UTC IS NULL;
INSERT INTO CD_NAME_TBL (CD_ID, EFFT_VRSN_SEQ_ID, LANG_CS, VAL, PHON_ALG_ID) SELECT '5dc02c7b-88d9-4167-a0c7-3ebbe67ec625', VRSN_SEQ_ID, 'en', 'uninsured motorist policy', '402CD339-D0E4-46CE-8FC2-12A4B0E17226' FROM CD_VRSN_TBL WHERE CD_ID = '5dc02c7b-88d9-4167-a0c7-3ebbe67ec625' AND OBSLT_UTC IS NULL;
INSERT INTO CD_NAME_TBL (CD_ID, EFFT_VRSN_SEQ_ID, LANG_CS, VAL, PHON_ALG_ID) SELECT '01afa2d5-ef17-4f41-83d4-b166308e998f', VRSN_SEQ_ID, 'en', 'worker''s compensation', '402CD339-D0E4-46CE-8FC2-12A4B0E17226' FROM CD_VRSN_TBL WHERE CD_ID = '01afa2d5-ef17-4f41-83d4-b166308e998f' AND OBSLT_UTC IS NULL;
INSERT INTO CD_NAME_TBL (CD_ID, EFFT_VRSN_SEQ_ID, LANG_CS, VAL, PHON_ALG_ID) SELECT '401b25e9-6096-4fe0-8fea-d7eb40e37592', VRSN_SEQ_ID, 'en', 'federal sales tax', '402CD339-D0E4-46CE-8FC2-12A4B0E17226' FROM CD_VRSN_TBL WHERE CD_ID = '401b25e9-6096-4fe0-8fea-d7eb40e37592' AND OBSLT_UTC IS NULL;
INSERT INTO CD_NAME_TBL (CD_ID, EFFT_VRSN_SEQ_ID, LANG_CS, VAL, PHON_ALG_ID) SELECT 'ea397b83-59af-4d7a-93f8-71e615072aae', VRSN_SEQ_ID, 'en', 'harmonized sales Tax', '402CD339-D0E4-46CE-8FC2-12A4B0E17226' FROM CD_VRSN_TBL WHERE CD_ID = 'ea397b83-59af-4d7a-93f8-71e615072aae' AND OBSLT_UTC IS NULL;
INSERT INTO CD_NAME_TBL (CD_ID, EFFT_VRSN_SEQ_ID, LANG_CS, VAL, PHON_ALG_ID) SELECT 'be912792-f637-4373-a48d-6c9f838191e2', VRSN_SEQ_ID, 'en', 'provincial/state sales tax', '402CD339-D0E4-46CE-8FC2-12A4B0E17226' FROM CD_VRSN_TBL WHERE CD_ID = 'be912792-f637-4373-a48d-6c9f838191e2' AND OBSLT_UTC IS NULL;
INSERT INTO CD_NAME_TBL (CD_ID, EFFT_VRSN_SEQ_ID, LANG_CS, VAL, PHON_ALG_ID) SELECT 'ec8a162b-81f7-4388-b695-e998369c2425', VRSN_SEQ_ID, 'en', 'adjud. nullified prior-period electronic amount', '402CD339-D0E4-46CE-8FC2-12A4B0E17226' FROM CD_VRSN_TBL WHERE CD_ID = 'ec8a162b-81f7-4388-b695-e998369c2425' AND OBSLT_UTC IS NULL;
INSERT INTO CD_NAME_TBL (CD_ID, EFFT_VRSN_SEQ_ID, LANG_CS, VAL, PHON_ALG_ID) SELECT '69c13f8a-29e2-410b-b5ad-f616f7191b14', VRSN_SEQ_ID, 'en', 'adjud. nullified prior-period electronic count', '402CD339-D0E4-46CE-8FC2-12A4B0E17226' FROM CD_VRSN_TBL WHERE CD_ID = '69c13f8a-29e2-410b-b5ad-f616f7191b14' AND OBSLT_UTC IS NULL;
INSERT INTO CD_NAME_TBL (CD_ID, EFFT_VRSN_SEQ_ID, LANG_CS, VAL, PHON_ALG_ID) SELECT '41ae57b4-5f5f-49e5-8c77-4ba7969ff469', VRSN_SEQ_ID, 'en', 'adjud. nullified prior-period manual amount', '402CD339-D0E4-46CE-8FC2-12A4B0E17226' FROM CD_VRSN_TBL WHERE CD_ID = '41ae57b4-5f5f-49e5-8c77-4ba7969ff469' AND OBSLT_UTC IS NULL;
INSERT INTO CD_NAME_TBL (CD_ID, EFFT_VRSN_SEQ_ID, LANG_CS, VAL, PHON_ALG_ID) SELECT '70797990-396d-4542-90a2-7f5f1abf0ad1', VRSN_SEQ_ID, 'en', 'adjud. nullified prior-period manual count', '402CD339-D0E4-46CE-8FC2-12A4B0E17226' FROM CD_VRSN_TBL WHERE CD_ID = '70797990-396d-4542-90a2-7f5f1abf0ad1' AND OBSLT_UTC IS NULL;
INSERT INTO CD_NAME_TBL (CD_ID, EFFT_VRSN_SEQ_ID, LANG_CS, VAL, PHON_ALG_ID) SELECT '3e0ea001-123e-49a4-b28c-939e5d5ea488', VRSN_SEQ_ID, 'en', 'adjud. nullified same-period electronic amount', '402CD339-D0E4-46CE-8FC2-12A4B0E17226' FROM CD_VRSN_TBL WHERE CD_ID = '3e0ea001-123e-49a4-b28c-939e5d5ea488' AND OBSLT_UTC IS NULL;
INSERT INTO CD_NAME_TBL (CD_ID, EFFT_VRSN_SEQ_ID, LANG_CS, VAL, PHON_ALG_ID) SELECT '84223e9b-3217-404d-ad47-3ef9bde43dcb', VRSN_SEQ_ID, 'en', 'adjud. nullified same-period electronic count', '402CD339-D0E4-46CE-8FC2-12A4B0E17226' FROM CD_VRSN_TBL WHERE CD_ID = '84223e9b-3217-404d-ad47-3ef9bde43dcb' AND OBSLT_UTC IS NULL;
INSERT INTO CD_NAME_TBL (CD_ID, EFFT_VRSN_SEQ_ID, LANG_CS, VAL, PHON_ALG_ID) SELECT 'efc391b0-4d74-46e4-91e6-c03f315555e2', VRSN_SEQ_ID, 'en', 'adjud. nullified same-period manual amount', '402CD339-D0E4-46CE-8FC2-12A4B0E17226' FROM CD_VRSN_TBL WHERE CD_ID = 'efc391b0-4d74-46e4-91e6-c03f315555e2' AND OBSLT_UTC IS NULL;
INSERT INTO CD_NAME_TBL (CD_ID, EFFT_VRSN_SEQ_ID, LANG_CS, VAL, PHON_ALG_ID) SELECT '2feab4d2-6bd5-4da8-9057-82ff9bf6a1bc', VRSN_SEQ_ID, 'en', 'adjud. nullified same-period manual count', '402CD339-D0E4-46CE-8FC2-12A4B0E17226' FROM CD_VRSN_TBL WHERE CD_ID = '2feab4d2-6bd5-4da8-9057-82ff9bf6a1bc' AND OBSLT_UTC IS NULL;
INSERT INTO CD_NAME_TBL (CD_ID, EFFT_VRSN_SEQ_ID, LANG_CS, VAL, PHON_ALG_ID) SELECT '2fb4dfbc-64dd-4668-b2e5-0d5c743c9a9f', VRSN_SEQ_ID, 'en', 'adjud. non-payee payable prior-period electronic amount', '402CD339-D0E4-46CE-8FC2-12A4B0E17226' FROM CD_VRSN_TBL WHERE CD_ID = '2fb4dfbc-64dd-4668-b2e5-0d5c743c9a9f' AND OBSLT_UTC IS NULL;
INSERT INTO CD_NAME_TBL (CD_ID, EFFT_VRSN_SEQ_ID, LANG_CS, VAL, PHON_ALG_ID) SELECT '4e9dbe60-3e4e-4074-a432-0bb4e47eb62d', VRSN_SEQ_ID, 'en', 'adjud. non-payee payable prior-period electronic count', '402CD339-D0E4-46CE-8FC2-12A4B0E17226' FROM CD_VRSN_TBL WHERE CD_ID = '4e9dbe60-3e4e-4074-a432-0bb4e47eb62d' AND OBSLT_UTC IS NULL;
INSERT INTO CD_NAME_TBL (CD_ID, EFFT_VRSN_SEQ_ID, LANG_CS, VAL, PHON_ALG_ID) SELECT '958a0b33-c3d7-47ef-9596-59eee434eb2d', VRSN_SEQ_ID, 'en', 'adjud. non-payee payable prior-period manual amount', '402CD339-D0E4-46CE-8FC2-12A4B0E17226' FROM CD_VRSN_TBL WHERE CD_ID = '958a0b33-c3d7-47ef-9596-59eee434eb2d' AND OBSLT_UTC IS NULL;
INSERT INTO CD_NAME_TBL (CD_ID, EFFT_VRSN_SEQ_ID, LANG_CS, VAL, PHON_ALG_ID) SELECT '17cd1669-5aaf-4960-bd23-988209eba352', VRSN_SEQ_ID, 'en', 'adjud. non-payee payable prior-period manual count', '402CD339-D0E4-46CE-8FC2-12A4B0E17226' FROM CD_VRSN_TBL WHERE CD_ID = '17cd1669-5aaf-4960-bd23-988209eba352' AND OBSLT_UTC IS NULL;
INSERT INTO CD_NAME_TBL (CD_ID, EFFT_VRSN_SEQ_ID, LANG_CS, VAL, PHON_ALG_ID) SELECT 'e7bde797-deac-4c63-9f61-1ddbd38b98f3', VRSN_SEQ_ID, 'en', 'adjud. non-payee payable same-period electronic amount', '402CD339-D0E4-46CE-8FC2-12A4B0E17226' FROM CD_VRSN_TBL WHERE CD_ID = 'e7bde797-deac-4c63-9f61-1ddbd38b98f3' AND OBSLT_UTC IS NULL;
INSERT INTO CD_NAME_TBL (CD_ID, EFFT_VRSN_SEQ_ID, LANG_CS, VAL, PHON_ALG_ID) SELECT '1d570bba-8242-4fdb-bd63-c2e7601a64c6', VRSN_SEQ_ID, 'en', 'adjud. non-payee payable same-period electronic count', '402CD339-D0E4-46CE-8FC2-12A4B0E17226' FROM CD_VRSN_TBL WHERE CD_ID = '1d570bba-8242-4fdb-bd63-c2e7601a64c6' AND OBSLT_UTC IS NULL;
INSERT INTO CD_NAME_TBL (CD_ID, EFFT_VRSN_SEQ_ID, LANG_CS, VAL, PHON_ALG_ID) SELECT '091780d7-cd81-4c15-a082-fd969b5baf85', VRSN_SEQ_ID, 'en', 'adjud. non-payee payable same-period manual amount', '402CD339-D0E4-46CE-8FC2-12A4B0E17226' FROM CD_VRSN_TBL WHERE CD_ID = '091780d7-cd81-4c15-a082-fd969b5baf85' AND OBSLT_UTC IS NULL;
INSERT INTO CD_NAME_TBL (CD_ID, EFFT_VRSN_SEQ_ID, LANG_CS, VAL, PHON_ALG_ID) SELECT 'ff15da84-64e6-47be-95c2-3c5f4629913a', VRSN_SEQ_ID, 'en', 'adjud. non-payee payable same-period manual count', '402CD339-D0E4-46CE-8FC2-12A4B0E17226' FROM CD_VRSN_TBL WHERE CD_ID = 'ff15da84-64e6-47be-95c2-3c5f4629913a' AND OBSLT_UTC IS NULL;
INSERT INTO CD_NAME_TBL (CD_ID, EFFT_VRSN_SEQ_ID, LANG_CS, VAL, PHON_ALG_ID) SELECT '2beefd30-62af-40e4-83ec-127f3fb6834a', VRSN_SEQ_ID, 'en', 'adjud. payee payable prior-period electronic amount', '402CD339-D0E4-46CE-8FC2-12A4B0E17226' FROM CD_VRSN_TBL WHERE CD_ID = '2beefd30-62af-40e4-83ec-127f3fb6834a' AND OBSLT_UTC IS NULL;
INSERT INTO CD_NAME_TBL (CD_ID, EFFT_VRSN_SEQ_ID, LANG_CS, VAL, PHON_ALG_ID) SELECT 'f292cfc1-e4d1-483f-b67b-b2367bb53451', VRSN_SEQ_ID, 'en', 'adjud. payee payable prior-period electronic count', '402CD339-D0E4-46CE-8FC2-12A4B0E17226' FROM CD_VRSN_TBL WHERE CD_ID = 'f292cfc1-e4d1-483f-b67b-b2367bb53451' AND OBSLT_UTC IS NULL;
INSERT INTO CD_NAME_TBL (CD_ID, EFFT_VRSN_SEQ_ID, LANG_CS, VAL, PHON_ALG_ID) SELECT '0aac5109-30ae-4b49-a780-735cc77218ee', VRSN_SEQ_ID, 'en', 'adjud. payee payable prior-period manual amout', '402CD339-D0E4-46CE-8FC2-12A4B0E17226' FROM CD_VRSN_TBL WHERE CD_ID = '0aac5109-30ae-4b49-a780-735cc77218ee' AND OBSLT_UTC IS NULL;
INSERT INTO CD_NAME_TBL (CD_ID, EFFT_VRSN_SEQ_ID, LANG_CS, VAL, PHON_ALG_ID) SELECT '1969675c-017e-480f-b0a8-33a03d4b4068', VRSN_SEQ_ID, 'en', 'adjud. payee payable prior-period manual count', '402CD339-D0E4-46CE-8FC2-12A4B0E17226' FROM CD_VRSN_TBL WHERE CD_ID = '1969675c-017e-480f-b0a8-33a03d4b4068' AND OBSLT_UTC IS NULL;
INSERT INTO CD_NAME_TBL (CD_ID, EFFT_VRSN_SEQ_ID, LANG_CS, VAL, PHON_ALG_ID) SELECT '2959b0d3-15a1-4672-9d07-4ece0497bdc5', VRSN_SEQ_ID, 'en', 'adjud. payee payable same-period electronic amount', '402CD339-D0E4-46CE-8FC2-12A4B0E17226' FROM CD_VRSN_TBL WHERE CD_ID = '2959b0d3-15a1-4672-9d07-4ece0497bdc5' AND OBSLT_UTC IS NULL;
INSERT INTO CD_NAME_TBL (CD_ID, EFFT_VRSN_SEQ_ID, LANG_CS, VAL, PHON_ALG_ID) SELECT '5c04ef87-0ca3-4bd9-9b7f-4c2d41101535', VRSN_SEQ_ID, 'en', 'adjud. payee payable same-period electronic count', '402CD339-D0E4-46CE-8FC2-12A4B0E17226' FROM CD_VRSN_TBL WHERE CD_ID = '5c04ef87-0ca3-4bd9-9b7f-4c2d41101535' AND OBSLT_UTC IS NULL;
INSERT INTO CD_NAME_TBL (CD_ID, EFFT_VRSN_SEQ_ID, LANG_CS, VAL, PHON_ALG_ID) SELECT 'c8d5ab21-0a0a-4e19-9209-d0b23e06c1b1', VRSN_SEQ_ID, 'en', 'adjud. payee payable same-period manual amount', '402CD339-D0E4-46CE-8FC2-12A4B0E17226' FROM CD_VRSN_TBL WHERE CD_ID = 'c8d5ab21-0a0a-4e19-9209-d0b23e06c1b1' AND OBSLT_UTC IS NULL;
INSERT INTO CD_NAME_TBL (CD_ID, EFFT_VRSN_SEQ_ID, LANG_CS, VAL, PHON_ALG_ID) SELECT '4d1f6130-c060-4f8c-8eb3-c1dba2b0db81', VRSN_SEQ_ID, 'en', 'adjud. payee payable same-period manual count', '402CD339-D0E4-46CE-8FC2-12A4B0E17226' FROM CD_VRSN_TBL WHERE CD_ID = '4d1f6130-c060-4f8c-8eb3-c1dba2b0db81' AND OBSLT_UTC IS NULL;
INSERT INTO CD_NAME_TBL (CD_ID, EFFT_VRSN_SEQ_ID, LANG_CS, VAL, PHON_ALG_ID) SELECT 'c3000962-275e-4ccc-9bc9-4dd9525bb9c7', VRSN_SEQ_ID, 'en', 'adjud. refused prior-period electronic amount', '402CD339-D0E4-46CE-8FC2-12A4B0E17226' FROM CD_VRSN_TBL WHERE CD_ID = 'c3000962-275e-4ccc-9bc9-4dd9525bb9c7' AND OBSLT_UTC IS NULL;
INSERT INTO CD_NAME_TBL (CD_ID, EFFT_VRSN_SEQ_ID, LANG_CS, VAL, PHON_ALG_ID) SELECT 'fedc3216-fd31-498f-ae54-d95296a73636', VRSN_SEQ_ID, 'en', 'adjud. refused prior-period electronic count', '402CD339-D0E4-46CE-8FC2-12A4B0E17226' FROM CD_VRSN_TBL WHERE CD_ID = 'fedc3216-fd31-498f-ae54-d95296a73636' AND OBSLT_UTC IS NULL;
INSERT INTO CD_NAME_TBL (CD_ID, EFFT_VRSN_SEQ_ID, LANG_CS, VAL, PHON_ALG_ID) SELECT '2e34005b-7176-42be-81e1-67b63f68b4cd', VRSN_SEQ_ID, 'en', 'adjud. refused prior-period manual amount', '402CD339-D0E4-46CE-8FC2-12A4B0E17226' FROM CD_VRSN_TBL WHERE CD_ID = '2e34005b-7176-42be-81e1-67b63f68b4cd' AND OBSLT_UTC IS NULL;
INSERT INTO CD_NAME_TBL (CD_ID, EFFT_VRSN_SEQ_ID, LANG_CS, VAL, PHON_ALG_ID) SELECT '0ef206eb-189a-4fd8-965c-6044ac8854b8', VRSN_SEQ_ID, 'en', 'adjud. refused prior-period manual count', '402CD339-D0E4-46CE-8FC2-12A4B0E17226' FROM CD_VRSN_TBL WHERE CD_ID = '0ef206eb-189a-4fd8-965c-6044ac8854b8' AND OBSLT_UTC IS NULL;
INSERT INTO CD_NAME_TBL (CD_ID, EFFT_VRSN_SEQ_ID, LANG_CS, VAL, PHON_ALG_ID) SELECT 'ebd2fa4c-a441-4429-aac6-68d46d8c96bf', VRSN_SEQ_ID, 'en', 'adjud. refused same-period electronic amount', '402CD339-D0E4-46CE-8FC2-12A4B0E17226' FROM CD_VRSN_TBL WHERE CD_ID = 'ebd2fa4c-a441-4429-aac6-68d46d8c96bf' AND OBSLT_UTC IS NULL;
INSERT INTO CD_NAME_TBL (CD_ID, EFFT_VRSN_SEQ_ID, LANG_CS, VAL, PHON_ALG_ID) SELECT '612d1915-8faf-475d-a190-6902591eb6dc', VRSN_SEQ_ID, 'en', 'adjud. refused same-period electronic count', '402CD339-D0E4-46CE-8FC2-12A4B0E17226' FROM CD_VRSN_TBL WHERE CD_ID = '612d1915-8faf-475d-a190-6902591eb6dc' AND OBSLT_UTC IS NULL;
INSERT INTO CD_NAME_TBL (CD_ID, EFFT_VRSN_SEQ_ID, LANG_CS, VAL, PHON_ALG_ID) SELECT 'f8e9f0f1-d321-4638-a3a8-043511eaecfc', VRSN_SEQ_ID, 'en', 'adjud. refused same-period manual amount', '402CD339-D0E4-46CE-8FC2-12A4B0E17226' FROM CD_VRSN_TBL WHERE CD_ID = 'f8e9f0f1-d321-4638-a3a8-043511eaecfc' AND OBSLT_UTC IS NULL;
INSERT INTO CD_NAME_TBL (CD_ID, EFFT_VRSN_SEQ_ID, LANG_CS, VAL, PHON_ALG_ID) SELECT 'cebefd83-e366-4264-ba13-70cfb2b4cdb2', VRSN_SEQ_ID, 'en', 'adjud. refused same-period manual count', '402CD339-D0E4-46CE-8FC2-12A4B0E17226' FROM CD_VRSN_TBL WHERE CD_ID = 'cebefd83-e366-4264-ba13-70cfb2b4cdb2' AND OBSLT_UTC IS NULL;
INSERT INTO CD_NAME_TBL (CD_ID, EFFT_VRSN_SEQ_ID, LANG_CS, VAL, PHON_ALG_ID) SELECT '95d190e8-2282-4ac8-a53a-02b49d9d3a8c', VRSN_SEQ_ID, 'en', 'paid nullified prior-period electronic amount', '402CD339-D0E4-46CE-8FC2-12A4B0E17226' FROM CD_VRSN_TBL WHERE CD_ID = '95d190e8-2282-4ac8-a53a-02b49d9d3a8c' AND OBSLT_UTC IS NULL;
INSERT INTO CD_NAME_TBL (CD_ID, EFFT_VRSN_SEQ_ID, LANG_CS, VAL, PHON_ALG_ID) SELECT '4ea572f0-c86d-4839-bd45-344285157c92', VRSN_SEQ_ID, 'en', 'paid nullified prior-period electronic count', '402CD339-D0E4-46CE-8FC2-12A4B0E17226' FROM CD_VRSN_TBL WHERE CD_ID = '4ea572f0-c86d-4839-bd45-344285157c92' AND OBSLT_UTC IS NULL;
INSERT INTO CD_NAME_TBL (CD_ID, EFFT_VRSN_SEQ_ID, LANG_CS, VAL, PHON_ALG_ID) SELECT '86ec6fc5-b952-4e4e-8407-aa3369aa5d51', VRSN_SEQ_ID, 'en', 'paid nullified prior-period manual amount', '402CD339-D0E4-46CE-8FC2-12A4B0E17226' FROM CD_VRSN_TBL WHERE CD_ID = '86ec6fc5-b952-4e4e-8407-aa3369aa5d51' AND OBSLT_UTC IS NULL;
INSERT INTO CD_NAME_TBL (CD_ID, EFFT_VRSN_SEQ_ID, LANG_CS, VAL, PHON_ALG_ID) SELECT '415d4872-5cd5-4030-b4b8-677959a2dd1a', VRSN_SEQ_ID, 'en', 'paid nullified prior-period manual count', '402CD339-D0E4-46CE-8FC2-12A4B0E17226' FROM CD_VRSN_TBL WHERE CD_ID = '415d4872-5cd5-4030-b4b8-677959a2dd1a' AND OBSLT_UTC IS NULL;
INSERT INTO CD_NAME_TBL (CD_ID, EFFT_VRSN_SEQ_ID, LANG_CS, VAL, PHON_ALG_ID) SELECT 'd4c77cd9-eed8-4462-9a44-2ab5af40b711', VRSN_SEQ_ID, 'en', 'paid nullified same-period electronic amount', '402CD339-D0E4-46CE-8FC2-12A4B0E17226' FROM CD_VRSN_TBL WHERE CD_ID = 'd4c77cd9-eed8-4462-9a44-2ab5af40b711' AND OBSLT_UTC IS NULL;
INSERT INTO CD_NAME_TBL (CD_ID, EFFT_VRSN_SEQ_ID, LANG_CS, VAL, PHON_ALG_ID) SELECT '3c7d6dbe-3dd0-4dcc-917d-d932375c021e', VRSN_SEQ_ID, 'en', 'paid nullified same-period electronic count', '402CD339-D0E4-46CE-8FC2-12A4B0E17226' FROM CD_VRSN_TBL WHERE CD_ID = '3c7d6dbe-3dd0-4dcc-917d-d932375c021e' AND OBSLT_UTC IS NULL;
INSERT INTO CD_NAME_TBL (CD_ID, EFFT_VRSN_SEQ_ID, LANG_CS, VAL, PHON_ALG_ID) SELECT '65d1d69d-892c-4961-8379-91c5aa70d16e', VRSN_SEQ_ID, 'en', 'paid nullified same-period manual amount', '402CD339-D0E4-46CE-8FC2-12A4B0E17226' FROM CD_VRSN_TBL WHERE CD_ID = '65d1d69d-892c-4961-8379-91c5aa70d16e' AND OBSLT_UTC IS NULL;
INSERT INTO CD_NAME_TBL (CD_ID, EFFT_VRSN_SEQ_ID, LANG_CS, VAL, PHON_ALG_ID) SELECT 'ed267443-26fc-4e5f-9647-0c0ab3ad5696', VRSN_SEQ_ID, 'en', 'paid nullified same-period manual count', '402CD339-D0E4-46CE-8FC2-12A4B0E17226' FROM CD_VRSN_TBL WHERE CD_ID = 'ed267443-26fc-4e5f-9647-0c0ab3ad5696' AND OBSLT_UTC IS NULL;
INSERT INTO CD_NAME_TBL (CD_ID, EFFT_VRSN_SEQ_ID, LANG_CS, VAL, PHON_ALG_ID) SELECT '71f4edb8-ff9f-4136-bb66-efee62ce4a74', VRSN_SEQ_ID, 'en', 'paid non-payee payable prior-period electronic amount', '402CD339-D0E4-46CE-8FC2-12A4B0E17226' FROM CD_VRSN_TBL WHERE CD_ID = '71f4edb8-ff9f-4136-bb66-efee62ce4a74' AND OBSLT_UTC IS NULL;
INSERT INTO CD_NAME_TBL (CD_ID, EFFT_VRSN_SEQ_ID, LANG_CS, VAL, PHON_ALG_ID) SELECT '6c7c4cbc-5519-463b-b23d-31dc0238b172', VRSN_SEQ_ID, 'en', 'paid non-payee payable prior-period electronic count', '402CD339-D0E4-46CE-8FC2-12A4B0E17226' FROM CD_VRSN_TBL WHERE CD_ID = '6c7c4cbc-5519-463b-b23d-31dc0238b172' AND OBSLT_UTC IS NULL;
INSERT INTO CD_NAME_TBL (CD_ID, EFFT_VRSN_SEQ_ID, LANG_CS, VAL, PHON_ALG_ID) SELECT 'caf15d91-dcaf-4201-88bb-1f41d116d01c', VRSN_SEQ_ID, 'en', 'paid non-payee payable prior-period manual amount', '402CD339-D0E4-46CE-8FC2-12A4B0E17226' FROM CD_VRSN_TBL WHERE CD_ID = 'caf15d91-dcaf-4201-88bb-1f41d116d01c' AND OBSLT_UTC IS NULL;
INSERT INTO CD_NAME_TBL (CD_ID, EFFT_VRSN_SEQ_ID, LANG_CS, VAL, PHON_ALG_ID) SELECT 'd47b92c2-ae09-4d13-bc45-2d545706e731', VRSN_SEQ_ID, 'en', 'paid non-payee payable prior-period manual count', '402CD339-D0E4-46CE-8FC2-12A4B0E17226' FROM CD_VRSN_TBL WHERE CD_ID = 'd47b92c2-ae09-4d13-bc45-2d545706e731' AND OBSLT_UTC IS NULL;
INSERT INTO CD_NAME_TBL (CD_ID, EFFT_VRSN_SEQ_ID, LANG_CS, VAL, PHON_ALG_ID) SELECT '928da1ae-db55-450f-8129-73e7d1218653', VRSN_SEQ_ID, 'en', 'paid non-payee payable same-period electronic amount', '402CD339-D0E4-46CE-8FC2-12A4B0E17226' FROM CD_VRSN_TBL WHERE CD_ID = '928da1ae-db55-450f-8129-73e7d1218653' AND OBSLT_UTC IS NULL;
INSERT INTO CD_NAME_TBL (CD_ID, EFFT_VRSN_SEQ_ID, LANG_CS, VAL, PHON_ALG_ID) SELECT 'ea99e6e9-ba42-4f8f-b0f7-cfb46b5df629', VRSN_SEQ_ID, 'en', 'paid non-payee payable same-period electronic count', '402CD339-D0E4-46CE-8FC2-12A4B0E17226' FROM CD_VRSN_TBL WHERE CD_ID = 'ea99e6e9-ba42-4f8f-b0f7-cfb46b5df629' AND OBSLT_UTC IS NULL;
INSERT INTO CD_NAME_TBL (CD_ID, EFFT_VRSN_SEQ_ID, LANG_CS, VAL, PHON_ALG_ID) SELECT 'abb0bfaa-3082-4294-b8f6-5e9ec041b5a0', VRSN_SEQ_ID, 'en', 'paid non-payee payable same-period manual amount', '402CD339-D0E4-46CE-8FC2-12A4B0E17226' FROM CD_VRSN_TBL WHERE CD_ID = 'abb0bfaa-3082-4294-b8f6-5e9ec041b5a0' AND OBSLT_UTC IS NULL;
INSERT INTO CD_NAME_TBL (CD_ID, EFFT_VRSN_SEQ_ID, LANG_CS, VAL, PHON_ALG_ID) SELECT '0b8f2f1c-190b-4596-8912-88d21d367ee1', VRSN_SEQ_ID, 'en', 'paid non-payee payable same-period manual count', '402CD339-D0E4-46CE-8FC2-12A4B0E17226' FROM CD_VRSN_TBL WHERE CD_ID = '0b8f2f1c-190b-4596-8912-88d21d367ee1' AND OBSLT_UTC IS NULL;
INSERT INTO CD_NAME_TBL (CD_ID, EFFT_VRSN_SEQ_ID, LANG_CS, VAL, PHON_ALG_ID) SELECT 'a54a0e82-a7fa-4a9c-b36f-39e976bbe29a', VRSN_SEQ_ID, 'en', 'paid payee payable prior-period electronic amount', '402CD339-D0E4-46CE-8FC2-12A4B0E17226' FROM CD_VRSN_TBL WHERE CD_ID = 'a54a0e82-a7fa-4a9c-b36f-39e976bbe29a' AND OBSLT_UTC IS NULL;
INSERT INTO CD_NAME_TBL (CD_ID, EFFT_VRSN_SEQ_ID, LANG_CS, VAL, PHON_ALG_ID) SELECT '64813a52-19ec-43e8-aea9-e7527cdea88a', VRSN_SEQ_ID, 'en', 'paid payee payable prior-period electronic count', '402CD339-D0E4-46CE-8FC2-12A4B0E17226' FROM CD_VRSN_TBL WHERE CD_ID = '64813a52-19ec-43e8-aea9-e7527cdea88a' AND OBSLT_UTC IS NULL;
INSERT INTO CD_NAME_TBL (CD_ID, EFFT_VRSN_SEQ_ID, LANG_CS, VAL, PHON_ALG_ID) SELECT '98023485-f85f-4151-8330-c4adfde0b579', VRSN_SEQ_ID, 'en', 'paid payee payable prior-period manual amount', '402CD339-D0E4-46CE-8FC2-12A4B0E17226' FROM CD_VRSN_TBL WHERE CD_ID = '98023485-f85f-4151-8330-c4adfde0b579' AND OBSLT_UTC IS NULL;
INSERT INTO CD_NAME_TBL (CD_ID, EFFT_VRSN_SEQ_ID, LANG_CS, VAL, PHON_ALG_ID) SELECT 'eec32656-fa6a-40dc-9145-2487f1e561ef', VRSN_SEQ_ID, 'en', 'paid payee payable prior-period manual count', '402CD339-D0E4-46CE-8FC2-12A4B0E17226' FROM CD_VRSN_TBL WHERE CD_ID = 'eec32656-fa6a-40dc-9145-2487f1e561ef' AND OBSLT_UTC IS NULL;
INSERT INTO CD_NAME_TBL (CD_ID, EFFT_VRSN_SEQ_ID, LANG_CS, VAL, PHON_ALG_ID) SELECT '192eb732-2226-44a8-a802-fe694c581a41', VRSN_SEQ_ID, 'en', 'paid payee payable same-period electronic amount', '402CD339-D0E4-46CE-8FC2-12A4B0E17226' FROM CD_VRSN_TBL WHERE CD_ID = '192eb732-2226-44a8-a802-fe694c581a41' AND OBSLT_UTC IS NULL;
INSERT INTO CD_NAME_TBL (CD_ID, EFFT_VRSN_SEQ_ID, LANG_CS, VAL, PHON_ALG_ID) SELECT 'b8b595a7-9c17-4d12-958a-8b098abdc638', VRSN_SEQ_ID, 'en', 'paid payee payable same-period electronic count', '402CD339-D0E4-46CE-8FC2-12A4B0E17226' FROM CD_VRSN_TBL WHERE CD_ID = 'b8b595a7-9c17-4d12-958a-8b098abdc638' AND OBSLT_UTC IS NULL;
INSERT INTO CD_NAME_TBL (CD_ID, EFFT_VRSN_SEQ_ID, LANG_CS, VAL, PHON_ALG_ID) SELECT 'bee02da3-a599-4d14-9053-38ce443bc2b8', VRSN_SEQ_ID, 'en', 'paid payee payable same-period manual amount', '402CD339-D0E4-46CE-8FC2-12A4B0E17226' FROM CD_VRSN_TBL WHERE CD_ID = 'bee02da3-a599-4d14-9053-38ce443bc2b8' AND OBSLT_UTC IS NULL;
INSERT INTO CD_NAME_TBL (CD_ID, EFFT_VRSN_SEQ_ID, LANG_CS, VAL, PHON_ALG_ID) SELECT 'b6b0854b-948f-47ee-b3c2-688bd722aeac', VRSN_SEQ_ID, 'en', 'paid payee payable same-period manual count', '402CD339-D0E4-46CE-8FC2-12A4B0E17226' FROM CD_VRSN_TBL WHERE CD_ID = 'b6b0854b-948f-47ee-b3c2-688bd722aeac' AND OBSLT_UTC IS NULL;
INSERT INTO CD_NAME_TBL (CD_ID, EFFT_VRSN_SEQ_ID, LANG_CS, VAL, PHON_ALG_ID) SELECT '318ced77-ccd6-48d0-b16f-6ea4be00a586', VRSN_SEQ_ID, 'en', 'submitted billed electronic amount', '402CD339-D0E4-46CE-8FC2-12A4B0E17226' FROM CD_VRSN_TBL WHERE CD_ID = '318ced77-ccd6-48d0-b16f-6ea4be00a586' AND OBSLT_UTC IS NULL;
INSERT INTO CD_NAME_TBL (CD_ID, EFFT_VRSN_SEQ_ID, LANG_CS, VAL, PHON_ALG_ID) SELECT 'f193cab3-cffa-4671-99af-6be949ba96aa', VRSN_SEQ_ID, 'en', 'submitted billed electronic count', '402CD339-D0E4-46CE-8FC2-12A4B0E17226' FROM CD_VRSN_TBL WHERE CD_ID = 'f193cab3-cffa-4671-99af-6be949ba96aa' AND OBSLT_UTC IS NULL;
INSERT INTO CD_NAME_TBL (CD_ID, EFFT_VRSN_SEQ_ID, LANG_CS, VAL, PHON_ALG_ID) SELECT '2bcbc810-53bc-4337-9c0c-303c52356659', VRSN_SEQ_ID, 'en', 'submitted nullified electronic amount', '402CD339-D0E4-46CE-8FC2-12A4B0E17226' FROM CD_VRSN_TBL WHERE CD_ID = '2bcbc810-53bc-4337-9c0c-303c52356659' AND OBSLT_UTC IS NULL;
INSERT INTO CD_NAME_TBL (CD_ID, EFFT_VRSN_SEQ_ID, LANG_CS, VAL, PHON_ALG_ID) SELECT 'c8763e54-4ea6-4fd4-ae31-5644ba0cbe0c', VRSN_SEQ_ID, 'en', 'submitted cancelled electronic count', '402CD339-D0E4-46CE-8FC2-12A4B0E17226' FROM CD_VRSN_TBL WHERE CD_ID = 'c8763e54-4ea6-4fd4-ae31-5644ba0cbe0c' AND OBSLT_UTC IS NULL;
INSERT INTO CD_NAME_TBL (CD_ID, EFFT_VRSN_SEQ_ID, LANG_CS, VAL, PHON_ALG_ID) SELECT 'b2180b59-79b2-4cf5-9ea2-fb36d9ad8c03', VRSN_SEQ_ID, 'en', 'submitted pending electronic amount', '402CD339-D0E4-46CE-8FC2-12A4B0E17226' FROM CD_VRSN_TBL WHERE CD_ID = 'b2180b59-79b2-4cf5-9ea2-fb36d9ad8c03' AND OBSLT_UTC IS NULL;
INSERT INTO CD_NAME_TBL (CD_ID, EFFT_VRSN_SEQ_ID, LANG_CS, VAL, PHON_ALG_ID) SELECT 'ca578e77-bcc2-4305-95d5-ffe559318aea', VRSN_SEQ_ID, 'en', 'submitted pending electronic count', '402CD339-D0E4-46CE-8FC2-12A4B0E17226' FROM CD_VRSN_TBL WHERE CD_ID = 'ca578e77-bcc2-4305-95d5-ffe559318aea' AND OBSLT_UTC IS NULL;
INSERT INTO CD_NAME_TBL (CD_ID, EFFT_VRSN_SEQ_ID, LANG_CS, VAL, PHON_ALG_ID) SELECT '7c8e0e91-7849-4d05-a9e9-2663f3c738db', VRSN_SEQ_ID, 'en', 'clinical product invoice', '402CD339-D0E4-46CE-8FC2-12A4B0E17226' FROM CD_VRSN_TBL WHERE CD_ID = '7c8e0e91-7849-4d05-a9e9-2663f3c738db' AND OBSLT_UTC IS NULL;
INSERT INTO CD_NAME_TBL (CD_ID, EFFT_VRSN_SEQ_ID, LANG_CS, VAL, PHON_ALG_ID) SELECT 'f73c6dc1-ddf4-4281-a4cf-2dafb8996b19', VRSN_SEQ_ID, 'en', 'compound drug invoice group', '402CD339-D0E4-46CE-8FC2-12A4B0E17226' FROM CD_VRSN_TBL WHERE CD_ID = 'f73c6dc1-ddf4-4281-a4cf-2dafb8996b19' AND OBSLT_UTC IS NULL;
INSERT INTO CD_NAME_TBL (CD_ID, EFFT_VRSN_SEQ_ID, LANG_CS, VAL, PHON_ALG_ID) SELECT '439831fb-279b-4c63-a2ca-aa24a95bcecb', VRSN_SEQ_ID, 'en', 'compound ingredient invoice group', '402CD339-D0E4-46CE-8FC2-12A4B0E17226' FROM CD_VRSN_TBL WHERE CD_ID = '439831fb-279b-4c63-a2ca-aa24a95bcecb' AND OBSLT_UTC IS NULL;
INSERT INTO CD_NAME_TBL (CD_ID, EFFT_VRSN_SEQ_ID, LANG_CS, VAL, PHON_ALG_ID) SELECT '4b0cc35d-e05c-46c4-afd8-2a03ecfe6df1', VRSN_SEQ_ID, 'en', 'compound supply invoice group', '402CD339-D0E4-46CE-8FC2-12A4B0E17226' FROM CD_VRSN_TBL WHERE CD_ID = '4b0cc35d-e05c-46c4-afd8-2a03ecfe6df1' AND OBSLT_UTC IS NULL;
INSERT INTO CD_NAME_TBL (CD_ID, EFFT_VRSN_SEQ_ID, LANG_CS, VAL, PHON_ALG_ID) SELECT 'a67d6067-3e58-42cd-99d3-b3b25f9c0b1e', VRSN_SEQ_ID, 'en', 'clinical service invoice', '402CD339-D0E4-46CE-8FC2-12A4B0E17226' FROM CD_VRSN_TBL WHERE CD_ID = 'a67d6067-3e58-42cd-99d3-b3b25f9c0b1e' AND OBSLT_UTC IS NULL;
INSERT INTO CD_NAME_TBL (CD_ID, EFFT_VRSN_SEQ_ID, LANG_CS, VAL, PHON_ALG_ID) SELECT 'c17d2682-aa2b-421a-a096-f5d634234218', VRSN_SEQ_ID, 'en', 'clinical service and product', '402CD339-D0E4-46CE-8FC2-12A4B0E17226' FROM CD_VRSN_TBL WHERE CD_ID = 'c17d2682-aa2b-421a-a096-f5d634234218' AND OBSLT_UTC IS NULL;
INSERT INTO CD_NAME_TBL (CD_ID, EFFT_VRSN_SEQ_ID, LANG_CS, VAL, PHON_ALG_ID) SELECT 'e0cc9b98-2de1-4ca7-9cc9-15cd488ae7ad', VRSN_SEQ_ID, 'en', 'drug invoice group', '402CD339-D0E4-46CE-8FC2-12A4B0E17226' FROM CD_VRSN_TBL WHERE CD_ID = 'e0cc9b98-2de1-4ca7-9cc9-15cd488ae7ad' AND OBSLT_UTC IS NULL;
INSERT INTO CD_NAME_TBL (CD_ID, EFFT_VRSN_SEQ_ID, LANG_CS, VAL, PHON_ALG_ID) SELECT 'c70d0aef-fc5f-48b6-a2ab-940667923dd1', VRSN_SEQ_ID, 'en', 'financial invoice', '402CD339-D0E4-46CE-8FC2-12A4B0E17226' FROM CD_VRSN_TBL WHERE CD_ID = 'c70d0aef-fc5f-48b6-a2ab-940667923dd1' AND OBSLT_UTC IS NULL;
INSERT INTO CD_NAME_TBL (CD_ID, EFFT_VRSN_SEQ_ID, LANG_CS, VAL, PHON_ALG_ID) SELECT '35b73050-b433-4cb4-972a-d8e2cda72c7e', VRSN_SEQ_ID, 'en', 'frame invoice group', '402CD339-D0E4-46CE-8FC2-12A4B0E17226' FROM CD_VRSN_TBL WHERE CD_ID = '35b73050-b433-4cb4-972a-d8e2cda72c7e' AND OBSLT_UTC IS NULL;
INSERT INTO CD_NAME_TBL (CD_ID, EFFT_VRSN_SEQ_ID, LANG_CS, VAL, PHON_ALG_ID) SELECT 'c8bf65bb-a749-4c2c-a841-2e3b3b4b4ca1', VRSN_SEQ_ID, 'en', 'lens invoice group', '402CD339-D0E4-46CE-8FC2-12A4B0E17226' FROM CD_VRSN_TBL WHERE CD_ID = 'c8bf65bb-a749-4c2c-a841-2e3b3b4b4ca1' AND OBSLT_UTC IS NULL;
INSERT INTO CD_NAME_TBL (CD_ID, EFFT_VRSN_SEQ_ID, LANG_CS, VAL, PHON_ALG_ID) SELECT '38dc64a8-3475-40b1-8621-38673dd243d1', VRSN_SEQ_ID, 'en', 'oral health service', '402CD339-D0E4-46CE-8FC2-12A4B0E17226' FROM CD_VRSN_TBL WHERE CD_ID = '38dc64a8-3475-40b1-8621-38673dd243d1' AND OBSLT_UTC IS NULL;
INSERT INTO CD_NAME_TBL (CD_ID, EFFT_VRSN_SEQ_ID, LANG_CS, VAL, PHON_ALG_ID) SELECT 'f4723f52-e804-4153-8649-55a8c8cd0263', VRSN_SEQ_ID, 'en', 'preferred accommodation invoice', '402CD339-D0E4-46CE-8FC2-12A4B0E17226' FROM CD_VRSN_TBL WHERE CD_ID = 'f4723f52-e804-4153-8649-55a8c8cd0263' AND OBSLT_UTC IS NULL;
INSERT INTO CD_NAME_TBL (CD_ID, EFFT_VRSN_SEQ_ID, LANG_CS, VAL, PHON_ALG_ID) SELECT 'f99e2f28-49c8-4328-ad66-ec57950c758e', VRSN_SEQ_ID, 'en', 'product invoice group', '402CD339-D0E4-46CE-8FC2-12A4B0E17226' FROM CD_VRSN_TBL WHERE CD_ID = 'f99e2f28-49c8-4328-ad66-ec57950c758e' AND OBSLT_UTC IS NULL;
INSERT INTO CD_NAME_TBL (CD_ID, EFFT_VRSN_SEQ_ID, LANG_CS, VAL, PHON_ALG_ID) SELECT 'd365c5ab-4ad2-40d7-afc2-0cdc734d2b4f', VRSN_SEQ_ID, 'en', 'Rx compound invoice', '402CD339-D0E4-46CE-8FC2-12A4B0E17226' FROM CD_VRSN_TBL WHERE CD_ID = 'd365c5ab-4ad2-40d7-afc2-0cdc734d2b4f' AND OBSLT_UTC IS NULL;
INSERT INTO CD_NAME_TBL (CD_ID, EFFT_VRSN_SEQ_ID, LANG_CS, VAL, PHON_ALG_ID) SELECT 'cd2dd690-9b87-4f5e-a087-7bd0b1cf9248', VRSN_SEQ_ID, 'en', 'Rx dispense invoice', '402CD339-D0E4-46CE-8FC2-12A4B0E17226' FROM CD_VRSN_TBL WHERE CD_ID = 'cd2dd690-9b87-4f5e-a087-7bd0b1cf9248' AND OBSLT_UTC IS NULL;
INSERT INTO CD_NAME_TBL (CD_ID, EFFT_VRSN_SEQ_ID, LANG_CS, VAL, PHON_ALG_ID) SELECT '9c4b1f37-7428-4f8b-84a7-c08e8ff1fce0', VRSN_SEQ_ID, 'en', 'sessional or block fee invoice', '402CD339-D0E4-46CE-8FC2-12A4B0E17226' FROM CD_VRSN_TBL WHERE CD_ID = '9c4b1f37-7428-4f8b-84a7-c08e8ff1fce0' AND OBSLT_UTC IS NULL;
INSERT INTO CD_NAME_TBL (CD_ID, EFFT_VRSN_SEQ_ID, LANG_CS, VAL, PHON_ALG_ID) SELECT '87b1e344-5a54-46ce-8668-ff4d2363f61b', VRSN_SEQ_ID, 'en', 'vision dispense invoice', '402CD339-D0E4-46CE-8FC2-12A4B0E17226' FROM CD_VRSN_TBL WHERE CD_ID = '87b1e344-5a54-46ce-8668-ff4d2363f61b' AND OBSLT_UTC IS NULL;
INSERT INTO CD_NAME_TBL (CD_ID, EFFT_VRSN_SEQ_ID, LANG_CS, VAL, PHON_ALG_ID) SELECT '0331e13f-f471-4fbd-92dc-66e0a46239d5', VRSN_SEQ_ID, 'en', 'Booster Immunization', '402CD339-D0E4-46CE-8FC2-12A4B0E17226' FROM CD_VRSN_TBL WHERE CD_ID = '0331e13f-f471-4fbd-92dc-66e0a46239d5' AND OBSLT_UTC IS NULL;
INSERT INTO CD_NAME_TBL (CD_ID, EFFT_VRSN_SEQ_ID, LANG_CS, VAL, PHON_ALG_ID) SELECT '7d84a057-1fcc-4054-a51f-b77d230fc6d1', VRSN_SEQ_ID, 'en', 'drug therapy', '402CD339-D0E4-46CE-8FC2-12A4B0E17226' FROM CD_VRSN_TBL WHERE CD_ID = '7d84a057-1fcc-4054-a51f-b77d230fc6d1' AND OBSLT_UTC IS NULL;
INSERT INTO CD_NAME_TBL (CD_ID, EFFT_VRSN_SEQ_ID, LANG_CS, VAL, PHON_ALG_ID) SELECT '6e7a3521-2967-4c0a-80ec-6c5c197b2178', VRSN_SEQ_ID, 'en', 'immunization', '402CD339-D0E4-46CE-8FC2-12A4B0E17226' FROM CD_VRSN_TBL WHERE CD_ID = '6e7a3521-2967-4c0a-80ec-6c5c197b2178' AND OBSLT_UTC IS NULL;
INSERT INTO CD_NAME_TBL (CD_ID, EFFT_VRSN_SEQ_ID, LANG_CS, VAL, PHON_ALG_ID) SELECT 'f3be6b88-bc8f-4263-a779-86f21ea10a47', VRSN_SEQ_ID, 'en', 'Initial Immunization', '402CD339-D0E4-46CE-8FC2-12A4B0E17226' FROM CD_VRSN_TBL WHERE CD_ID = 'f3be6b88-bc8f-4263-a779-86f21ea10a47' AND OBSLT_UTC IS NULL;
INSERT INTO CD_NAME_TBL (CD_ID, EFFT_VRSN_SEQ_ID, LANG_CS, VAL, PHON_ALG_ID) SELECT '094941e9-a3db-48b5-862c-bc289bd7f86c', VRSN_SEQ_ID, 'en', 'female', '402CD339-D0E4-46CE-8FC2-12A4B0E17226' FROM CD_VRSN_TBL WHERE CD_ID = '094941e9-a3db-48b5-862c-bc289bd7f86c' AND OBSLT_UTC IS NULL;
INSERT INTO CD_NAME_TBL (CD_ID, EFFT_VRSN_SEQ_ID, LANG_CS, VAL, PHON_ALG_ID) SELECT 'f4e3a6bb-612e-46b2-9f77-ff844d971198', VRSN_SEQ_ID, 'en', 'male', '402CD339-D0E4-46CE-8FC2-12A4B0E17226' FROM CD_VRSN_TBL WHERE CD_ID = 'f4e3a6bb-612e-46b2-9f77-ff844d971198' AND OBSLT_UTC IS NULL;
INSERT INTO CD_NAME_TBL (CD_ID, EFFT_VRSN_SEQ_ID, LANG_CS, VAL, PHON_ALG_ID) SELECT 'ae94a782-1485-4241-9bca-5b09db2156bf', VRSN_SEQ_ID, 'en', 'undifferentiated', '402CD339-D0E4-46CE-8FC2-12A4B0E17226' FROM CD_VRSN_TBL WHERE CD_ID = 'ae94a782-1485-4241-9bca-5b09db2156bf' AND OBSLT_UTC IS NULL;
INSERT INTO CD_NAME_TBL (CD_ID, EFFT_VRSN_SEQ_ID, LANG_CS, VAL, PHON_ALG_ID) SELECT '0ff2ab03-6e0a-40d1-8947-04c4937b4cc4', VRSN_SEQ_ID, 'en', 'aunt', '402CD339-D0E4-46CE-8FC2-12A4B0E17226' FROM CD_VRSN_TBL WHERE CD_ID = '0ff2ab03-6e0a-40d1-8947-04c4937b4cc4' AND OBSLT_UTC IS NULL;
INSERT INTO CD_NAME_TBL (CD_ID, EFFT_VRSN_SEQ_ID, LANG_CS, VAL, PHON_ALG_ID) SELECT '24380d53-ea22-4820-9f06-8671f774f133', VRSN_SEQ_ID, 'en', 'Brother', '402CD339-D0E4-46CE-8FC2-12A4B0E17226' FROM CD_VRSN_TBL WHERE CD_ID = '24380d53-ea22-4820-9f06-8671f774f133' AND OBSLT_UTC IS NULL;
INSERT INTO CD_NAME_TBL (CD_ID, EFFT_VRSN_SEQ_ID, LANG_CS, VAL, PHON_ALG_ID) SELECT '0a4c87e2-16c3-4361-be3c-dd765ee4bc7d', VRSN_SEQ_ID, 'en', 'brother-in-law', '402CD339-D0E4-46CE-8FC2-12A4B0E17226' FROM CD_VRSN_TBL WHERE CD_ID = '0a4c87e2-16c3-4361-be3c-dd765ee4bc7d' AND OBSLT_UTC IS NULL;
INSERT INTO CD_NAME_TBL (CD_ID, EFFT_VRSN_SEQ_ID, LANG_CS, VAL, PHON_ALG_ID) SELECT '739457d0-835a-4a9c-811c-42b5e92ed1ca', VRSN_SEQ_ID, 'en', 'Child', '402CD339-D0E4-46CE-8FC2-12A4B0E17226' FROM CD_VRSN_TBL WHERE CD_ID = '739457d0-835a-4a9c-811c-42b5e92ed1ca' AND OBSLT_UTC IS NULL;
INSERT INTO CD_NAME_TBL (CD_ID, EFFT_VRSN_SEQ_ID, LANG_CS, VAL, PHON_ALG_ID) SELECT '8fa25b69-c9c2-4c40-84c1-0ea9641a12ec', VRSN_SEQ_ID, 'en', 'adopted child', '402CD339-D0E4-46CE-8FC2-12A4B0E17226' FROM CD_VRSN_TBL WHERE CD_ID = '8fa25b69-c9c2-4c40-84c1-0ea9641a12ec' AND OBSLT_UTC IS NULL;
INSERT INTO CD_NAME_TBL (CD_ID, EFFT_VRSN_SEQ_ID, LANG_CS, VAL, PHON_ALG_ID) SELECT 'abfe2637-d338-4090-b3a5-3ec19a47be6a', VRSN_SEQ_ID, 'en', 'foster child', '402CD339-D0E4-46CE-8FC2-12A4B0E17226' FROM CD_VRSN_TBL WHERE CD_ID = 'abfe2637-d338-4090-b3a5-3ec19a47be6a' AND OBSLT_UTC IS NULL;
INSERT INTO CD_NAME_TBL (CD_ID, EFFT_VRSN_SEQ_ID, LANG_CS, VAL, PHON_ALG_ID) SELECT '8bf23192-de75-48eb-abee-81a9a15332f8', VRSN_SEQ_ID, 'en', 'child in-law', '402CD339-D0E4-46CE-8FC2-12A4B0E17226' FROM CD_VRSN_TBL WHERE CD_ID = '8bf23192-de75-48eb-abee-81a9a15332f8' AND OBSLT_UTC IS NULL;
INSERT INTO CD_NAME_TBL (CD_ID, EFFT_VRSN_SEQ_ID, LANG_CS, VAL, PHON_ALG_ID) SELECT '1c0f931c-9c49-4a52-8fbf-5217c52ea778', VRSN_SEQ_ID, 'en', 'cousin', '402CD339-D0E4-46CE-8FC2-12A4B0E17226' FROM CD_VRSN_TBL WHERE CD_ID = '1c0f931c-9c49-4a52-8fbf-5217c52ea778' AND OBSLT_UTC IS NULL;
INSERT INTO CD_NAME_TBL (CD_ID, EFFT_VRSN_SEQ_ID, LANG_CS, VAL, PHON_ALG_ID) SELECT '6a181a3c-7241-4325-b011-630d3ca6dc4a', VRSN_SEQ_ID, 'en', 'natural daughter', '402CD339-D0E4-46CE-8FC2-12A4B0E17226' FROM CD_VRSN_TBL WHERE CD_ID = '6a181a3c-7241-4325-b011-630d3ca6dc4a' AND OBSLT_UTC IS NULL;
INSERT INTO CD_NAME_TBL (CD_ID, EFFT_VRSN_SEQ_ID, LANG_CS, VAL, PHON_ALG_ID) SELECT '2b4b2ed8-f90c-4193-870a-f48bc39657c1', VRSN_SEQ_ID, 'en', 'adopted daughter', '402CD339-D0E4-46CE-8FC2-12A4B0E17226' FROM CD_VRSN_TBL WHERE CD_ID = '2b4b2ed8-f90c-4193-870a-f48bc39657c1' AND OBSLT_UTC IS NULL;
INSERT INTO CD_NAME_TBL (CD_ID, EFFT_VRSN_SEQ_ID, LANG_CS, VAL, PHON_ALG_ID) SELECT '8165b43f-8103-4ed3-bac6-4fc0df8c1a84', VRSN_SEQ_ID, 'en', 'Daughter', '402CD339-D0E4-46CE-8FC2-12A4B0E17226' FROM CD_VRSN_TBL WHERE CD_ID = '8165b43f-8103-4ed3-bac6-4fc0df8c1a84' AND OBSLT_UTC IS NULL;
INSERT INTO CD_NAME_TBL (CD_ID, EFFT_VRSN_SEQ_ID, LANG_CS, VAL, PHON_ALG_ID) SELECT 'e81d6773-97e3-4b2d-b6a3-a4624ba5c6a9', VRSN_SEQ_ID, 'en', 'foster daughter', '402CD339-D0E4-46CE-8FC2-12A4B0E17226' FROM CD_VRSN_TBL WHERE CD_ID = 'e81d6773-97e3-4b2d-b6a3-a4624ba5c6a9' AND OBSLT_UTC IS NULL;
INSERT INTO CD_NAME_TBL (CD_ID, EFFT_VRSN_SEQ_ID, LANG_CS, VAL, PHON_ALG_ID) SELECT '76fdf0e7-cfe0-47b4-9630-c645f254cdfd', VRSN_SEQ_ID, 'en', 'daughter in-law', '402CD339-D0E4-46CE-8FC2-12A4B0E17226' FROM CD_VRSN_TBL WHERE CD_ID = '76fdf0e7-cfe0-47b4-9630-c645f254cdfd' AND OBSLT_UTC IS NULL;
INSERT INTO CD_NAME_TBL (CD_ID, EFFT_VRSN_SEQ_ID, LANG_CS, VAL, PHON_ALG_ID) SELECT '3db182e2-653b-4bfd-a300-32f23345d1c0', VRSN_SEQ_ID, 'en', 'domestic partner', '402CD339-D0E4-46CE-8FC2-12A4B0E17226' FROM CD_VRSN_TBL WHERE CD_ID = '3db182e2-653b-4bfd-a300-32f23345d1c0' AND OBSLT_UTC IS NULL;
INSERT INTO CD_NAME_TBL (CD_ID, EFFT_VRSN_SEQ_ID, LANG_CS, VAL, PHON_ALG_ID) SELECT '38d66ec7-0cc8-4609-9675-b6ff91ede605', VRSN_SEQ_ID, 'en', 'Family Member', '402CD339-D0E4-46CE-8FC2-12A4B0E17226' FROM CD_VRSN_TBL WHERE CD_ID = '38d66ec7-0cc8-4609-9675-b6ff91ede605' AND OBSLT_UTC IS NULL;
INSERT INTO CD_NAME_TBL (CD_ID, EFFT_VRSN_SEQ_ID, LANG_CS, VAL, PHON_ALG_ID) SELECT '40d18ecc-8ff8-4e03-8e58-97a980f04060', VRSN_SEQ_ID, 'en', 'Father', '402CD339-D0E4-46CE-8FC2-12A4B0E17226' FROM CD_VRSN_TBL WHERE CD_ID = '40d18ecc-8ff8-4e03-8e58-97a980f04060' AND OBSLT_UTC IS NULL;
INSERT INTO CD_NAME_TBL (CD_ID, EFFT_VRSN_SEQ_ID, LANG_CS, VAL, PHON_ALG_ID) SELECT 'b401dd81-931c-4aad-8fd8-22a6ac2ea3dc', VRSN_SEQ_ID, 'en', 'father-in-law', '402CD339-D0E4-46CE-8FC2-12A4B0E17226' FROM CD_VRSN_TBL WHERE CD_ID = 'b401dd81-931c-4aad-8fd8-22a6ac2ea3dc' AND OBSLT_UTC IS NULL;
INSERT INTO CD_NAME_TBL (CD_ID, EFFT_VRSN_SEQ_ID, LANG_CS, VAL, PHON_ALG_ID) SELECT 'bfe24b5d-9c32-4df3-ad7b-eaa19e7d4afb', VRSN_SEQ_ID, 'en', 'great grandfather', '402CD339-D0E4-46CE-8FC2-12A4B0E17226' FROM CD_VRSN_TBL WHERE CD_ID = 'bfe24b5d-9c32-4df3-ad7b-eaa19e7d4afb' AND OBSLT_UTC IS NULL;
INSERT INTO CD_NAME_TBL (CD_ID, EFFT_VRSN_SEQ_ID, LANG_CS, VAL, PHON_ALG_ID) SELECT '02fbc345-1a25-4f78-aeea-a12584a1eec3', VRSN_SEQ_ID, 'en', 'great grandmother', '402CD339-D0E4-46CE-8FC2-12A4B0E17226' FROM CD_VRSN_TBL WHERE CD_ID = '02fbc345-1a25-4f78-aeea-a12584a1eec3' AND OBSLT_UTC IS NULL;
INSERT INTO CD_NAME_TBL (CD_ID, EFFT_VRSN_SEQ_ID, LANG_CS, VAL, PHON_ALG_ID) SELECT '528feb11-ae81-426a-be1f-ce74c83009eb', VRSN_SEQ_ID, 'en', 'great grandparent', '402CD339-D0E4-46CE-8FC2-12A4B0E17226' FROM CD_VRSN_TBL WHERE CD_ID = '528feb11-ae81-426a-be1f-ce74c83009eb' AND OBSLT_UTC IS NULL;
INSERT INTO CD_NAME_TBL (CD_ID, EFFT_VRSN_SEQ_ID, LANG_CS, VAL, PHON_ALG_ID) SELECT '48c59444-fec0-43b8-aa2c-7aedb70733ad', VRSN_SEQ_ID, 'en', 'Grandfather', '402CD339-D0E4-46CE-8FC2-12A4B0E17226' FROM CD_VRSN_TBL WHERE CD_ID = '48c59444-fec0-43b8-aa2c-7aedb70733ad' AND OBSLT_UTC IS NULL;
INSERT INTO CD_NAME_TBL (CD_ID, EFFT_VRSN_SEQ_ID, LANG_CS, VAL, PHON_ALG_ID) SELECT 'b630ba2c-8a00-46d8-bf64-870d381d8917', VRSN_SEQ_ID, 'en', 'Grandmother', '402CD339-D0E4-46CE-8FC2-12A4B0E17226' FROM CD_VRSN_TBL WHERE CD_ID = 'b630ba2c-8a00-46d8-bf64-870d381d8917' AND OBSLT_UTC IS NULL;
INSERT INTO CD_NAME_TBL (CD_ID, EFFT_VRSN_SEQ_ID, LANG_CS, VAL, PHON_ALG_ID) SELECT 'c33adda2-a4ed-4092-8d9c-b8e3fbd5d90b', VRSN_SEQ_ID, 'en', 'grandchild', '402CD339-D0E4-46CE-8FC2-12A4B0E17226' FROM CD_VRSN_TBL WHERE CD_ID = 'c33adda2-a4ed-4092-8d9c-b8e3fbd5d90b' AND OBSLT_UTC IS NULL;
INSERT INTO CD_NAME_TBL (CD_ID, EFFT_VRSN_SEQ_ID, LANG_CS, VAL, PHON_ALG_ID) SELECT '3cb1993f-3703-453f-87be-21b606db7631', VRSN_SEQ_ID, 'en', 'granddaughter', '402CD339-D0E4-46CE-8FC2-12A4B0E17226' FROM CD_VRSN_TBL WHERE CD_ID = '3cb1993f-3703-453f-87be-21b606db7631' AND OBSLT_UTC IS NULL;
INSERT INTO CD_NAME_TBL (CD_ID, EFFT_VRSN_SEQ_ID, LANG_CS, VAL, PHON_ALG_ID) SELECT 'f7a64463-bc75-44d4-a8ca-c9fbc2c87175', VRSN_SEQ_ID, 'en', 'grandson', '402CD339-D0E4-46CE-8FC2-12A4B0E17226' FROM CD_VRSN_TBL WHERE CD_ID = 'f7a64463-bc75-44d4-a8ca-c9fbc2c87175' AND OBSLT_UTC IS NULL;
INSERT INTO CD_NAME_TBL (CD_ID, EFFT_VRSN_SEQ_ID, LANG_CS, VAL, PHON_ALG_ID) SELECT 'fa646df9-7d64-4d1f-ae9a-6261fd5fd6ae', VRSN_SEQ_ID, 'en', 'Grandparent', '402CD339-D0E4-46CE-8FC2-12A4B0E17226' FROM CD_VRSN_TBL WHERE CD_ID = 'fa646df9-7d64-4d1f-ae9a-6261fd5fd6ae' AND OBSLT_UTC IS NULL;
INSERT INTO CD_NAME_TBL (CD_ID, EFFT_VRSN_SEQ_ID, LANG_CS, VAL, PHON_ALG_ID) SELECT '25cae2f2-d1ec-4efe-a92f-d479785f7d8a', VRSN_SEQ_ID, 'en', 'half-brother', '402CD339-D0E4-46CE-8FC2-12A4B0E17226' FROM CD_VRSN_TBL WHERE CD_ID = '25cae2f2-d1ec-4efe-a92f-d479785f7d8a' AND OBSLT_UTC IS NULL;
INSERT INTO CD_NAME_TBL (CD_ID, EFFT_VRSN_SEQ_ID, LANG_CS, VAL, PHON_ALG_ID) SELECT '8452ecb9-d762-4c4a-96b2-81d130cb729b', VRSN_SEQ_ID, 'en', 'half-sibling', '402CD339-D0E4-46CE-8FC2-12A4B0E17226' FROM CD_VRSN_TBL WHERE CD_ID = '8452ecb9-d762-4c4a-96b2-81d130cb729b' AND OBSLT_UTC IS NULL;
INSERT INTO CD_NAME_TBL (CD_ID, EFFT_VRSN_SEQ_ID, LANG_CS, VAL, PHON_ALG_ID) SELECT 'ce42c680-a783-4cde-bcd1-e261d6fd68a0', VRSN_SEQ_ID, 'en', 'half-sister', '402CD339-D0E4-46CE-8FC2-12A4B0E17226' FROM CD_VRSN_TBL WHERE CD_ID = 'ce42c680-a783-4cde-bcd1-e261d6fd68a0' AND OBSLT_UTC IS NULL;
INSERT INTO CD_NAME_TBL (CD_ID, EFFT_VRSN_SEQ_ID, LANG_CS, VAL, PHON_ALG_ID) SELECT '62aca44c-b57c-44fd-9703-fcdff97c04b6', VRSN_SEQ_ID, 'en', 'husband', '402CD339-D0E4-46CE-8FC2-12A4B0E17226' FROM CD_VRSN_TBL WHERE CD_ID = '62aca44c-b57c-44fd-9703-fcdff97c04b6' AND OBSLT_UTC IS NULL;
INSERT INTO CD_NAME_TBL (CD_ID, EFFT_VRSN_SEQ_ID, LANG_CS, VAL, PHON_ALG_ID) SELECT '96ea355d-0c68-481f-8b6f-1b00a101ab8f', VRSN_SEQ_ID, 'en', 'MaternalAunt', '402CD339-D0E4-46CE-8FC2-12A4B0E17226' FROM CD_VRSN_TBL WHERE CD_ID = '96ea355d-0c68-481f-8b6f-1b00a101ab8f' AND OBSLT_UTC IS NULL;
INSERT INTO CD_NAME_TBL (CD_ID, EFFT_VRSN_SEQ_ID, LANG_CS, VAL, PHON_ALG_ID) SELECT 'd874cde5-7d76-4f1d-97e6-db7e82bac958', VRSN_SEQ_ID, 'en', 'MaternalCousin', '402CD339-D0E4-46CE-8FC2-12A4B0E17226' FROM CD_VRSN_TBL WHERE CD_ID = 'd874cde5-7d76-4f1d-97e6-db7e82bac958' AND OBSLT_UTC IS NULL;
INSERT INTO CD_NAME_TBL (CD_ID, EFFT_VRSN_SEQ_ID, LANG_CS, VAL, PHON_ALG_ID) SELECT 'abe6d0d1-4e37-4b7c-9acc-eedb2c36f9cd', VRSN_SEQ_ID, 'en', 'MaternalGreatgrandfather', '402CD339-D0E4-46CE-8FC2-12A4B0E17226' FROM CD_VRSN_TBL WHERE CD_ID = 'abe6d0d1-4e37-4b7c-9acc-eedb2c36f9cd' AND OBSLT_UTC IS NULL;
INSERT INTO CD_NAME_TBL (CD_ID, EFFT_VRSN_SEQ_ID, LANG_CS, VAL, PHON_ALG_ID) SELECT 'fe4f72e6-84f8-4276-ae64-2ef1f2ff406f', VRSN_SEQ_ID, 'en', 'MaternalGreatgrandmother', '402CD339-D0E4-46CE-8FC2-12A4B0E17226' FROM CD_VRSN_TBL WHERE CD_ID = 'fe4f72e6-84f8-4276-ae64-2ef1f2ff406f' AND OBSLT_UTC IS NULL;
INSERT INTO CD_NAME_TBL (CD_ID, EFFT_VRSN_SEQ_ID, LANG_CS, VAL, PHON_ALG_ID) SELECT '59bc87d3-1618-4f14-81d2-71072c1f37e9', VRSN_SEQ_ID, 'en', 'MaternalGreatgrandparent', '402CD339-D0E4-46CE-8FC2-12A4B0E17226' FROM CD_VRSN_TBL WHERE CD_ID = '59bc87d3-1618-4f14-81d2-71072c1f37e9' AND OBSLT_UTC IS NULL;
INSERT INTO CD_NAME_TBL (CD_ID, EFFT_VRSN_SEQ_ID, LANG_CS, VAL, PHON_ALG_ID) SELECT '360f6a77-fdb5-4fb6-b223-3cd1047fd08e', VRSN_SEQ_ID, 'en', 'MaternalGrandfather', '402CD339-D0E4-46CE-8FC2-12A4B0E17226' FROM CD_VRSN_TBL WHERE CD_ID = '360f6a77-fdb5-4fb6-b223-3cd1047fd08e' AND OBSLT_UTC IS NULL;
INSERT INTO CD_NAME_TBL (CD_ID, EFFT_VRSN_SEQ_ID, LANG_CS, VAL, PHON_ALG_ID) SELECT 'ea13832b-2e38-4bb6-b55d-ae749ccaba95', VRSN_SEQ_ID, 'en', 'MaternalGrandmother', '402CD339-D0E4-46CE-8FC2-12A4B0E17226' FROM CD_VRSN_TBL WHERE CD_ID = 'ea13832b-2e38-4bb6-b55d-ae749ccaba95' AND OBSLT_UTC IS NULL;
INSERT INTO CD_NAME_TBL (CD_ID, EFFT_VRSN_SEQ_ID, LANG_CS, VAL, PHON_ALG_ID) SELECT '66e0dbd1-9065-4af8-808d-89edd302f264', VRSN_SEQ_ID, 'en', 'MaternalGrandparent', '402CD339-D0E4-46CE-8FC2-12A4B0E17226' FROM CD_VRSN_TBL WHERE CD_ID = '66e0dbd1-9065-4af8-808d-89edd302f264' AND OBSLT_UTC IS NULL;
INSERT INTO CD_NAME_TBL (CD_ID, EFFT_VRSN_SEQ_ID, LANG_CS, VAL, PHON_ALG_ID) SELECT '29ff64e5-b564-411a-92c7-6818c02a9e48', VRSN_SEQ_ID, 'en', 'Mother', '402CD339-D0E4-46CE-8FC2-12A4B0E17226' FROM CD_VRSN_TBL WHERE CD_ID = '29ff64e5-b564-411a-92c7-6818c02a9e48' AND OBSLT_UTC IS NULL;
INSERT INTO CD_NAME_TBL (CD_ID, EFFT_VRSN_SEQ_ID, LANG_CS, VAL, PHON_ALG_ID) SELECT 'f941988a-1c55-4408-ab57-e9ed35b2a24d', VRSN_SEQ_ID, 'en', 'mother-in-law', '402CD339-D0E4-46CE-8FC2-12A4B0E17226' FROM CD_VRSN_TBL WHERE CD_ID = 'f941988a-1c55-4408-ab57-e9ed35b2a24d' AND OBSLT_UTC IS NULL;
INSERT INTO CD_NAME_TBL (CD_ID, EFFT_VRSN_SEQ_ID, LANG_CS, VAL, PHON_ALG_ID) SELECT '4e299c46-f06f-4efc-b3c0-b7b659a120f2', VRSN_SEQ_ID, 'en', 'MaternalUncle', '402CD339-D0E4-46CE-8FC2-12A4B0E17226' FROM CD_VRSN_TBL WHERE CD_ID = '4e299c46-f06f-4efc-b3c0-b7b659a120f2' AND OBSLT_UTC IS NULL;
INSERT INTO CD_NAME_TBL (CD_ID, EFFT_VRSN_SEQ_ID, LANG_CS, VAL, PHON_ALG_ID) SELECT 'daf11eb1-fcc2-4521-a1c0-daebaf0a923a', VRSN_SEQ_ID, 'en', 'natural brother', '402CD339-D0E4-46CE-8FC2-12A4B0E17226' FROM CD_VRSN_TBL WHERE CD_ID = 'daf11eb1-fcc2-4521-a1c0-daebaf0a923a' AND OBSLT_UTC IS NULL;
INSERT INTO CD_NAME_TBL (CD_ID, EFFT_VRSN_SEQ_ID, LANG_CS, VAL, PHON_ALG_ID) SELECT '80097e75-a232-4a9f-878f-7e60ec70f921', VRSN_SEQ_ID, 'en', 'natural child', '402CD339-D0E4-46CE-8FC2-12A4B0E17226' FROM CD_VRSN_TBL WHERE CD_ID = '80097e75-a232-4a9f-878f-7e60ec70f921' AND OBSLT_UTC IS NULL;
INSERT INTO CD_NAME_TBL (CD_ID, EFFT_VRSN_SEQ_ID, LANG_CS, VAL, PHON_ALG_ID) SELECT '5c5af1d2-0e6d-458f-9574-3ad61c393a90', VRSN_SEQ_ID, 'en', 'nephew', '402CD339-D0E4-46CE-8FC2-12A4B0E17226' FROM CD_VRSN_TBL WHERE CD_ID = '5c5af1d2-0e6d-458f-9574-3ad61c393a90' AND OBSLT_UTC IS NULL;
INSERT INTO CD_NAME_TBL (CD_ID, EFFT_VRSN_SEQ_ID, LANG_CS, VAL, PHON_ALG_ID) SELECT '233d890b-04ef-4365-99ad-26cb4e1f75f3', VRSN_SEQ_ID, 'en', 'natural father', '402CD339-D0E4-46CE-8FC2-12A4B0E17226' FROM CD_VRSN_TBL WHERE CD_ID = '233d890b-04ef-4365-99ad-26cb4e1f75f3' AND OBSLT_UTC IS NULL;
INSERT INTO CD_NAME_TBL (CD_ID, EFFT_VRSN_SEQ_ID, LANG_CS, VAL, PHON_ALG_ID) SELECT '8e88debc-d175-46f3-9b48-106f9c151cd2', VRSN_SEQ_ID, 'en', 'natural father of fetus', '402CD339-D0E4-46CE-8FC2-12A4B0E17226' FROM CD_VRSN_TBL WHERE CD_ID = '8e88debc-d175-46f3-9b48-106f9c151cd2' AND OBSLT_UTC IS NULL;
INSERT INTO CD_NAME_TBL (CD_ID, EFFT_VRSN_SEQ_ID, LANG_CS, VAL, PHON_ALG_ID) SELECT '0a50962a-60b4-44d8-a7f6-1eb2aa5967cc', VRSN_SEQ_ID, 'en', 'niece', '402CD339-D0E4-46CE-8FC2-12A4B0E17226' FROM CD_VRSN_TBL WHERE CD_ID = '0a50962a-60b4-44d8-a7f6-1eb2aa5967cc' AND OBSLT_UTC IS NULL;
INSERT INTO CD_NAME_TBL (CD_ID, EFFT_VRSN_SEQ_ID, LANG_CS, VAL, PHON_ALG_ID) SELECT 'a907e4d8-d823-478f-9c5a-6facae6b4b5b', VRSN_SEQ_ID, 'en', 'niece/nephew', '402CD339-D0E4-46CE-8FC2-12A4B0E17226' FROM CD_VRSN_TBL WHERE CD_ID = 'a907e4d8-d823-478f-9c5a-6facae6b4b5b' AND OBSLT_UTC IS NULL;
INSERT INTO CD_NAME_TBL (CD_ID, EFFT_VRSN_SEQ_ID, LANG_CS, VAL, PHON_ALG_ID) SELECT '059d689a-2392-4ffb-b6ae-682c9ded8da2', VRSN_SEQ_ID, 'en', 'natural mother', '402CD339-D0E4-46CE-8FC2-12A4B0E17226' FROM CD_VRSN_TBL WHERE CD_ID = '059d689a-2392-4ffb-b6ae-682c9ded8da2' AND OBSLT_UTC IS NULL;
INSERT INTO CD_NAME_TBL (CD_ID, EFFT_VRSN_SEQ_ID, LANG_CS, VAL, PHON_ALG_ID) SELECT 'e6851b39-a771-4a5e-8aa8-9ba140b3dca3', VRSN_SEQ_ID, 'en', 'natural parent', '402CD339-D0E4-46CE-8FC2-12A4B0E17226' FROM CD_VRSN_TBL WHERE CD_ID = 'e6851b39-a771-4a5e-8aa8-9ba140b3dca3' AND OBSLT_UTC IS NULL;
INSERT INTO CD_NAME_TBL (CD_ID, EFFT_VRSN_SEQ_ID, LANG_CS, VAL, PHON_ALG_ID) SELECT '0b89fb65-ca8e-4a4d-9d25-0bae3f4d7a59', VRSN_SEQ_ID, 'en', 'natural sibling', '402CD339-D0E4-46CE-8FC2-12A4B0E17226' FROM CD_VRSN_TBL WHERE CD_ID = '0b89fb65-ca8e-4a4d-9d25-0bae3f4d7a59' AND OBSLT_UTC IS NULL;
INSERT INTO CD_NAME_TBL (CD_ID, EFFT_VRSN_SEQ_ID, LANG_CS, VAL, PHON_ALG_ID) SELECT '8ea21d7d-6ee9-449b-a1dc-c4aa0ff7f5b9', VRSN_SEQ_ID, 'en', 'natural sister', '402CD339-D0E4-46CE-8FC2-12A4B0E17226' FROM CD_VRSN_TBL WHERE CD_ID = '8ea21d7d-6ee9-449b-a1dc-c4aa0ff7f5b9' AND OBSLT_UTC IS NULL;
INSERT INTO CD_NAME_TBL (CD_ID, EFFT_VRSN_SEQ_ID, LANG_CS, VAL, PHON_ALG_ID) SELECT '6a1e9e8b-d0c3-44f0-9906-a6458685e269', VRSN_SEQ_ID, 'en', 'PaternalAunt', '402CD339-D0E4-46CE-8FC2-12A4B0E17226' FROM CD_VRSN_TBL WHERE CD_ID = '6a1e9e8b-d0c3-44f0-9906-a6458685e269' AND OBSLT_UTC IS NULL;
INSERT INTO CD_NAME_TBL (CD_ID, EFFT_VRSN_SEQ_ID, LANG_CS, VAL, PHON_ALG_ID) SELECT '60affe56-126d-43ee-9fde-5f117e41c7a8', VRSN_SEQ_ID, 'en', 'PaternalCousin', '402CD339-D0E4-46CE-8FC2-12A4B0E17226' FROM CD_VRSN_TBL WHERE CD_ID = '60affe56-126d-43ee-9fde-5f117e41c7a8' AND OBSLT_UTC IS NULL;
INSERT INTO CD_NAME_TBL (CD_ID, EFFT_VRSN_SEQ_ID, LANG_CS, VAL, PHON_ALG_ID) SELECT '0aeec758-c20f-43e4-9789-8c44629f5941', VRSN_SEQ_ID, 'en', 'PaternalGreatgrandfather', '402CD339-D0E4-46CE-8FC2-12A4B0E17226' FROM CD_VRSN_TBL WHERE CD_ID = '0aeec758-c20f-43e4-9789-8c44629f5941' AND OBSLT_UTC IS NULL;
INSERT INTO CD_NAME_TBL (CD_ID, EFFT_VRSN_SEQ_ID, LANG_CS, VAL, PHON_ALG_ID) SELECT '0fcba203-1238-4001-beb7-19a667506ade', VRSN_SEQ_ID, 'en', 'PaternalGreatgrandmother', '402CD339-D0E4-46CE-8FC2-12A4B0E17226' FROM CD_VRSN_TBL WHERE CD_ID = '0fcba203-1238-4001-beb7-19a667506ade' AND OBSLT_UTC IS NULL;
INSERT INTO CD_NAME_TBL (CD_ID, EFFT_VRSN_SEQ_ID, LANG_CS, VAL, PHON_ALG_ID) SELECT '08a98950-3391-4a66-a1c8-421c6fd82911', VRSN_SEQ_ID, 'en', 'PaternalGreatgrandparent', '402CD339-D0E4-46CE-8FC2-12A4B0E17226' FROM CD_VRSN_TBL WHERE CD_ID = '08a98950-3391-4a66-a1c8-421c6fd82911' AND OBSLT_UTC IS NULL;
INSERT INTO CD_NAME_TBL (CD_ID, EFFT_VRSN_SEQ_ID, LANG_CS, VAL, PHON_ALG_ID) SELECT '2fd5c939-c508-4250-8efb-13b772e56b7f', VRSN_SEQ_ID, 'en', 'PaternalGrandfather', '402CD339-D0E4-46CE-8FC2-12A4B0E17226' FROM CD_VRSN_TBL WHERE CD_ID = '2fd5c939-c508-4250-8efb-13b772e56b7f' AND OBSLT_UTC IS NULL;
INSERT INTO CD_NAME_TBL (CD_ID, EFFT_VRSN_SEQ_ID, LANG_CS, VAL, PHON_ALG_ID) SELECT 'bfdb07db-9721-4ec3-94e1-4bd9f0d6985c', VRSN_SEQ_ID, 'en', 'PaternalGrandmother', '402CD339-D0E4-46CE-8FC2-12A4B0E17226' FROM CD_VRSN_TBL WHERE CD_ID = 'bfdb07db-9721-4ec3-94e1-4bd9f0d6985c' AND OBSLT_UTC IS NULL;
INSERT INTO CD_NAME_TBL (CD_ID, EFFT_VRSN_SEQ_ID, LANG_CS, VAL, PHON_ALG_ID) SELECT 'a3d362a4-4931-4bef-af18-ac59dd092981', VRSN_SEQ_ID, 'en', 'PaternalGrandparent', '402CD339-D0E4-46CE-8FC2-12A4B0E17226' FROM CD_VRSN_TBL WHERE CD_ID = 'a3d362a4-4931-4bef-af18-ac59dd092981' AND OBSLT_UTC IS NULL;
INSERT INTO CD_NAME_TBL (CD_ID, EFFT_VRSN_SEQ_ID, LANG_CS, VAL, PHON_ALG_ID) SELECT 'bfcbb345-86db-43ba-b47e-e7411276ac7c', VRSN_SEQ_ID, 'en', 'Parent', '402CD339-D0E4-46CE-8FC2-12A4B0E17226' FROM CD_VRSN_TBL WHERE CD_ID = 'bfcbb345-86db-43ba-b47e-e7411276ac7c' AND OBSLT_UTC IS NULL;
INSERT INTO CD_NAME_TBL (CD_ID, EFFT_VRSN_SEQ_ID, LANG_CS, VAL, PHON_ALG_ID) SELECT '5e2b0afe-724e-41cd-9be2-9030646f2529', VRSN_SEQ_ID, 'en', 'parent in-law', '402CD339-D0E4-46CE-8FC2-12A4B0E17226' FROM CD_VRSN_TBL WHERE CD_ID = '5e2b0afe-724e-41cd-9be2-9030646f2529' AND OBSLT_UTC IS NULL;
INSERT INTO CD_NAME_TBL (CD_ID, EFFT_VRSN_SEQ_ID, LANG_CS, VAL, PHON_ALG_ID) SELECT '853c85de-4817-4328-a121-6a3bdafbf82e', VRSN_SEQ_ID, 'en', 'PaternalUncle', '402CD339-D0E4-46CE-8FC2-12A4B0E17226' FROM CD_VRSN_TBL WHERE CD_ID = '853c85de-4817-4328-a121-6a3bdafbf82e' AND OBSLT_UTC IS NULL;
INSERT INTO CD_NAME_TBL (CD_ID, EFFT_VRSN_SEQ_ID, LANG_CS, VAL, PHON_ALG_ID) SELECT 'bbfac1ed-5464-4100-93c3-8685b052a2cf', VRSN_SEQ_ID, 'en', 'Roomate', '402CD339-D0E4-46CE-8FC2-12A4B0E17226' FROM CD_VRSN_TBL WHERE CD_ID = 'bbfac1ed-5464-4100-93c3-8685b052a2cf' AND OBSLT_UTC IS NULL;
INSERT INTO CD_NAME_TBL (CD_ID, EFFT_VRSN_SEQ_ID, LANG_CS, VAL, PHON_ALG_ID) SELECT '685eb506-6b97-41c1-b201-b6b932a3f3aa', VRSN_SEQ_ID, 'en', 'Sibling', '402CD339-D0E4-46CE-8FC2-12A4B0E17226' FROM CD_VRSN_TBL WHERE CD_ID = '685eb506-6b97-41c1-b201-b6b932a3f3aa' AND OBSLT_UTC IS NULL;
INSERT INTO CD_NAME_TBL (CD_ID, EFFT_VRSN_SEQ_ID, LANG_CS, VAL, PHON_ALG_ID) SELECT 'fd892cf8-db4f-4e4e-a13b-4eb3bdde5be5', VRSN_SEQ_ID, 'en', 'sibling in-law', '402CD339-D0E4-46CE-8FC2-12A4B0E17226' FROM CD_VRSN_TBL WHERE CD_ID = 'fd892cf8-db4f-4e4e-a13b-4eb3bdde5be5' AND OBSLT_UTC IS NULL;
INSERT INTO CD_NAME_TBL (CD_ID, EFFT_VRSN_SEQ_ID, LANG_CS, VAL, PHON_ALG_ID) SELECT '2eab5298-bc83-492c-9004-ed3499246afe', VRSN_SEQ_ID, 'en', 'significant other', '402CD339-D0E4-46CE-8FC2-12A4B0E17226' FROM CD_VRSN_TBL WHERE CD_ID = '2eab5298-bc83-492c-9004-ed3499246afe' AND OBSLT_UTC IS NULL;
INSERT INTO CD_NAME_TBL (CD_ID, EFFT_VRSN_SEQ_ID, LANG_CS, VAL, PHON_ALG_ID) SELECT 'cd1e8904-31dc-4374-902d-c91f1de23c46', VRSN_SEQ_ID, 'en', 'Sister', '402CD339-D0E4-46CE-8FC2-12A4B0E17226' FROM CD_VRSN_TBL WHERE CD_ID = 'cd1e8904-31dc-4374-902d-c91f1de23c46' AND OBSLT_UTC IS NULL;
INSERT INTO CD_NAME_TBL (CD_ID, EFFT_VRSN_SEQ_ID, LANG_CS, VAL, PHON_ALG_ID) SELECT 'dcae9718-ab81-4737-b071-36cf1175804d', VRSN_SEQ_ID, 'en', 'sister-in-law', '402CD339-D0E4-46CE-8FC2-12A4B0E17226' FROM CD_VRSN_TBL WHERE CD_ID = 'dcae9718-ab81-4737-b071-36cf1175804d' AND OBSLT_UTC IS NULL;
INSERT INTO CD_NAME_TBL (CD_ID, EFFT_VRSN_SEQ_ID, LANG_CS, VAL, PHON_ALG_ID) SELECT '9f17d4cf-a67f-4ac6-8c50-718af6e264ee', VRSN_SEQ_ID, 'en', 'natural son', '402CD339-D0E4-46CE-8FC2-12A4B0E17226' FROM CD_VRSN_TBL WHERE CD_ID = '9f17d4cf-a67f-4ac6-8c50-718af6e264ee' AND OBSLT_UTC IS NULL;
INSERT INTO CD_NAME_TBL (CD_ID, EFFT_VRSN_SEQ_ID, LANG_CS, VAL, PHON_ALG_ID) SELECT 'ce50ba92-cd21-43c4-8582-34e7fbb3170f', VRSN_SEQ_ID, 'en', 'adopted son', '402CD339-D0E4-46CE-8FC2-12A4B0E17226' FROM CD_VRSN_TBL WHERE CD_ID = 'ce50ba92-cd21-43c4-8582-34e7fbb3170f' AND OBSLT_UTC IS NULL;
INSERT INTO CD_NAME_TBL (CD_ID, EFFT_VRSN_SEQ_ID, LANG_CS, VAL, PHON_ALG_ID) SELECT 'f115c204-8485-4cf3-8815-3c6738465e30', VRSN_SEQ_ID, 'en', 'Son', '402CD339-D0E4-46CE-8FC2-12A4B0E17226' FROM CD_VRSN_TBL WHERE CD_ID = 'f115c204-8485-4cf3-8815-3c6738465e30' AND OBSLT_UTC IS NULL;
INSERT INTO CD_NAME_TBL (CD_ID, EFFT_VRSN_SEQ_ID, LANG_CS, VAL, PHON_ALG_ID) SELECT 'decd6250-7e8b-4b77-895d-31953cf1387a', VRSN_SEQ_ID, 'en', 'foster son', '402CD339-D0E4-46CE-8FC2-12A4B0E17226' FROM CD_VRSN_TBL WHERE CD_ID = 'decd6250-7e8b-4b77-895d-31953cf1387a' AND OBSLT_UTC IS NULL;
INSERT INTO CD_NAME_TBL (CD_ID, EFFT_VRSN_SEQ_ID, LANG_CS, VAL, PHON_ALG_ID) SELECT '34f7bc11-2288-471a-af38-553ae6b8410c', VRSN_SEQ_ID, 'en', 'son in-law', '402CD339-D0E4-46CE-8FC2-12A4B0E17226' FROM CD_VRSN_TBL WHERE CD_ID = '34f7bc11-2288-471a-af38-553ae6b8410c' AND OBSLT_UTC IS NULL;
INSERT INTO CD_NAME_TBL (CD_ID, EFFT_VRSN_SEQ_ID, LANG_CS, VAL, PHON_ALG_ID) SELECT '89bdc57b-d85c-4e85-94e8-c17049540a0d', VRSN_SEQ_ID, 'en', 'spouse', '402CD339-D0E4-46CE-8FC2-12A4B0E17226' FROM CD_VRSN_TBL WHERE CD_ID = '89bdc57b-d85c-4e85-94e8-c17049540a0d' AND OBSLT_UTC IS NULL;
INSERT INTO CD_NAME_TBL (CD_ID, EFFT_VRSN_SEQ_ID, LANG_CS, VAL, PHON_ALG_ID) SELECT '5951097b-1a13-4bce-bbf2-9abf52f98dc8', VRSN_SEQ_ID, 'en', 'stepbrother', '402CD339-D0E4-46CE-8FC2-12A4B0E17226' FROM CD_VRSN_TBL WHERE CD_ID = '5951097b-1a13-4bce-bbf2-9abf52f98dc8' AND OBSLT_UTC IS NULL;
INSERT INTO CD_NAME_TBL (CD_ID, EFFT_VRSN_SEQ_ID, LANG_CS, VAL, PHON_ALG_ID) SELECT '4cdef917-4fb0-4cdf-b44d-b73486c41845', VRSN_SEQ_ID, 'en', 'step child', '402CD339-D0E4-46CE-8FC2-12A4B0E17226' FROM CD_VRSN_TBL WHERE CD_ID = '4cdef917-4fb0-4cdf-b44d-b73486c41845' AND OBSLT_UTC IS NULL;
INSERT INTO CD_NAME_TBL (CD_ID, EFFT_VRSN_SEQ_ID, LANG_CS, VAL, PHON_ALG_ID) SELECT 'f71e193a-0562-46e9-99dd-437d23663ec3', VRSN_SEQ_ID, 'en', 'stepdaughter', '402CD339-D0E4-46CE-8FC2-12A4B0E17226' FROM CD_VRSN_TBL WHERE CD_ID = 'f71e193a-0562-46e9-99dd-437d23663ec3' AND OBSLT_UTC IS NULL;
INSERT INTO CD_NAME_TBL (CD_ID, EFFT_VRSN_SEQ_ID, LANG_CS, VAL, PHON_ALG_ID) SELECT 'bb437e4d-7472-48c1-a6e7-576545a782fa', VRSN_SEQ_ID, 'en', 'stepfather', '402CD339-D0E4-46CE-8FC2-12A4B0E17226' FROM CD_VRSN_TBL WHERE CD_ID = 'bb437e4d-7472-48c1-a6e7-576545a782fa' AND OBSLT_UTC IS NULL;
INSERT INTO CD_NAME_TBL (CD_ID, EFFT_VRSN_SEQ_ID, LANG_CS, VAL, PHON_ALG_ID) SELECT '5a0539cc-093b-448e-aec6-0d529ed0087f', VRSN_SEQ_ID, 'en', 'stepmother', '402CD339-D0E4-46CE-8FC2-12A4B0E17226' FROM CD_VRSN_TBL WHERE CD_ID = '5a0539cc-093b-448e-aec6-0d529ed0087f' AND OBSLT_UTC IS NULL;
INSERT INTO CD_NAME_TBL (CD_ID, EFFT_VRSN_SEQ_ID, LANG_CS, VAL, PHON_ALG_ID) SELECT 'f172eee7-7f4b-4022-81d0-76393a1200ae', VRSN_SEQ_ID, 'en', 'step parent', '402CD339-D0E4-46CE-8FC2-12A4B0E17226' FROM CD_VRSN_TBL WHERE CD_ID = 'f172eee7-7f4b-4022-81d0-76393a1200ae' AND OBSLT_UTC IS NULL;
INSERT INTO CD_NAME_TBL (CD_ID, EFFT_VRSN_SEQ_ID, LANG_CS, VAL, PHON_ALG_ID) SELECT '7e6bc25d-5dea-4645-af3d-aa854b7b6f2f', VRSN_SEQ_ID, 'en', 'step sibling', '402CD339-D0E4-46CE-8FC2-12A4B0E17226' FROM CD_VRSN_TBL WHERE CD_ID = '7e6bc25d-5dea-4645-af3d-aa854b7b6f2f' AND OBSLT_UTC IS NULL;
INSERT INTO CD_NAME_TBL (CD_ID, EFFT_VRSN_SEQ_ID, LANG_CS, VAL, PHON_ALG_ID) SELECT 'cb73d085-026c-4bc7-a1de-356bfd636246', VRSN_SEQ_ID, 'en', 'stepsister', '402CD339-D0E4-46CE-8FC2-12A4B0E17226' FROM CD_VRSN_TBL WHERE CD_ID = 'cb73d085-026c-4bc7-a1de-356bfd636246' AND OBSLT_UTC IS NULL;
INSERT INTO CD_NAME_TBL (CD_ID, EFFT_VRSN_SEQ_ID, LANG_CS, VAL, PHON_ALG_ID) SELECT 'cfa978f4-140c-430d-82f8-1e6f2d74f48d', VRSN_SEQ_ID, 'en', 'stepson', '402CD339-D0E4-46CE-8FC2-12A4B0E17226' FROM CD_VRSN_TBL WHERE CD_ID = 'cfa978f4-140c-430d-82f8-1e6f2d74f48d' AND OBSLT_UTC IS NULL;
INSERT INTO CD_NAME_TBL (CD_ID, EFFT_VRSN_SEQ_ID, LANG_CS, VAL, PHON_ALG_ID) SELECT 'cdd99260-107c-4a4e-acaf-d7c9c7e90fdd', VRSN_SEQ_ID, 'en', 'uncle', '402CD339-D0E4-46CE-8FC2-12A4B0E17226' FROM CD_VRSN_TBL WHERE CD_ID = 'cdd99260-107c-4a4e-acaf-d7c9c7e90fdd' AND OBSLT_UTC IS NULL;
INSERT INTO CD_NAME_TBL (CD_ID, EFFT_VRSN_SEQ_ID, LANG_CS, VAL, PHON_ALG_ID) SELECT 'a3ff423e-81d5-4571-8edf-03c295189a23', VRSN_SEQ_ID, 'en', 'wife', '402CD339-D0E4-46CE-8FC2-12A4B0E17226' FROM CD_VRSN_TBL WHERE CD_ID = 'a3ff423e-81d5-4571-8edf-03c295189a23' AND OBSLT_UTC IS NULL;
INSERT INTO CD_NAME_TBL (CD_ID, EFFT_VRSN_SEQ_ID, LANG_CS, VAL, PHON_ALG_ID) SELECT '7ee5c1d2-1a21-41b1-8459-cb160fa36c60', VRSN_SEQ_ID, 'en', 'representative half-life', '402CD339-D0E4-46CE-8FC2-12A4B0E17226' FROM CD_VRSN_TBL WHERE CD_ID = '7ee5c1d2-1a21-41b1-8459-cb160fa36c60' AND OBSLT_UTC IS NULL;
INSERT INTO CD_NAME_TBL (CD_ID, EFFT_VRSN_SEQ_ID, LANG_CS, VAL, PHON_ALG_ID) SELECT '71112058-63f9-4b38-97d9-4ccf58574e51', VRSN_SEQ_ID, 'en', 'coating', '402CD339-D0E4-46CE-8FC2-12A4B0E17226' FROM CD_VRSN_TBL WHERE CD_ID = '71112058-63f9-4b38-97d9-4ccf58574e51' AND OBSLT_UTC IS NULL;
INSERT INTO CD_NAME_TBL (CD_ID, EFFT_VRSN_SEQ_ID, LANG_CS, VAL, PHON_ALG_ID) SELECT '12df3395-b43b-421e-b505-049515c228b1', VRSN_SEQ_ID, 'en', 'color', '402CD339-D0E4-46CE-8FC2-12A4B0E17226' FROM CD_VRSN_TBL WHERE CD_ID = '12df3395-b43b-421e-b505-049515c228b1' AND OBSLT_UTC IS NULL;
INSERT INTO CD_NAME_TBL (CD_ID, EFFT_VRSN_SEQ_ID, LANG_CS, VAL, PHON_ALG_ID) SELECT '8b071aec-9063-4398-b242-e561915abb51', VRSN_SEQ_ID, 'en', 'image', '402CD339-D0E4-46CE-8FC2-12A4B0E17226' FROM CD_VRSN_TBL WHERE CD_ID = '8b071aec-9063-4398-b242-e561915abb51' AND OBSLT_UTC IS NULL;
INSERT INTO CD_NAME_TBL (CD_ID, EFFT_VRSN_SEQ_ID, LANG_CS, VAL, PHON_ALG_ID) SELECT '04321b6c-5b19-44a2-be7a-4a53a221a456', VRSN_SEQ_ID, 'en', 'imprint code', '402CD339-D0E4-46CE-8FC2-12A4B0E17226' FROM CD_VRSN_TBL WHERE CD_ID = '04321b6c-5b19-44a2-be7a-4a53a221a456' AND OBSLT_UTC IS NULL;
INSERT INTO CD_NAME_TBL (CD_ID, EFFT_VRSN_SEQ_ID, LANG_CS, VAL, PHON_ALG_ID) SELECT 'b32962c3-eafa-4146-bbcd-0e33789de32c', VRSN_SEQ_ID, 'en', 'scoring', '402CD339-D0E4-46CE-8FC2-12A4B0E17226' FROM CD_VRSN_TBL WHERE CD_ID = 'b32962c3-eafa-4146-bbcd-0e33789de32c' AND OBSLT_UTC IS NULL;
INSERT INTO CD_NAME_TBL (CD_ID, EFFT_VRSN_SEQ_ID, LANG_CS, VAL, PHON_ALG_ID) SELECT '93c93d62-048d-4e64-a0ce-7f2f62a8ec6e', VRSN_SEQ_ID, 'en', 'shape', '402CD339-D0E4-46CE-8FC2-12A4B0E17226' FROM CD_VRSN_TBL WHERE CD_ID = '93c93d62-048d-4e64-a0ce-7f2f62a8ec6e' AND OBSLT_UTC IS NULL;
INSERT INTO CD_NAME_TBL (CD_ID, EFFT_VRSN_SEQ_ID, LANG_CS, VAL, PHON_ALG_ID) SELECT '573a7fb8-fead-4bed-b325-c0fe68ce96ce', VRSN_SEQ_ID, 'en', 'size', '402CD339-D0E4-46CE-8FC2-12A4B0E17226' FROM CD_VRSN_TBL WHERE CD_ID = '573a7fb8-fead-4bed-b325-c0fe68ce96ce' AND OBSLT_UTC IS NULL;
INSERT INTO CD_NAME_TBL (CD_ID, EFFT_VRSN_SEQ_ID, LANG_CS, VAL, PHON_ALG_ID) SELECT 'dc5e8411-cb3f-4b7f-8e0e-fc1d1ff3b084', VRSN_SEQ_ID, 'en', 'symbol', '402CD339-D0E4-46CE-8FC2-12A4B0E17226' FROM CD_VRSN_TBL WHERE CD_ID = 'dc5e8411-cb3f-4b7f-8e0e-fc1d1ff3b084' AND OBSLT_UTC IS NULL;
INSERT INTO CD_NAME_TBL (CD_ID, EFFT_VRSN_SEQ_ID, LANG_CS, VAL, PHON_ALG_ID) SELECT '1071d24e-6fe9-480f-8a20-b1825ae4d707', VRSN_SEQ_ID, 'en', 'care provision', '402CD339-D0E4-46CE-8FC2-12A4B0E17226' FROM CD_VRSN_TBL WHERE CD_ID = '1071d24e-6fe9-480f-8a20-b1825ae4d707' AND OBSLT_UTC IS NULL;
INSERT INTO CD_NAME_TBL (CD_ID, EFFT_VRSN_SEQ_ID, LANG_CS, VAL, PHON_ALG_ID) SELECT '8cc5ef0d-3911-4d99-937f-6cfdc2a27d55', VRSN_SEQ_ID, 'en', 'Procedure', '402CD339-D0E4-46CE-8FC2-12A4B0E17226' FROM CD_VRSN_TBL WHERE CD_ID = '8cc5ef0d-3911-4d99-937f-6cfdc2a27d55' AND OBSLT_UTC IS NULL;
INSERT INTO CD_NAME_TBL (CD_ID, EFFT_VRSN_SEQ_ID, LANG_CS, VAL, PHON_ALG_ID) SELECT 'e658ca72-3b6a-4099-ab6e-7cf6861a5b61', VRSN_SEQ_ID, 'en', 'request', '402CD339-D0E4-46CE-8FC2-12A4B0E17226' FROM CD_VRSN_TBL WHERE CD_ID = 'e658ca72-3b6a-4099-ab6e-7cf6861a5b61' AND OBSLT_UTC IS NULL;
INSERT INTO CD_NAME_TBL (CD_ID, EFFT_VRSN_SEQ_ID, LANG_CS, VAL, PHON_ALG_ID) SELECT 'b389dedf-be61-456b-aa70-786e1a5a69e0', VRSN_SEQ_ID, 'en', 'promise', '402CD339-D0E4-46CE-8FC2-12A4B0E17226' FROM CD_VRSN_TBL WHERE CD_ID = 'b389dedf-be61-456b-aa70-786e1a5a69e0' AND OBSLT_UTC IS NULL;


delete from CD_REF_TERM_ASSOC_TBL WHERE CD_REF_TERM_ID in (select CD_REF_TERM_ID from CD_REF_TERM_ASSOC_TBL o where 
	(select count(*) from CD_REF_TERM_ASSOC_TBL i where o.CD_ID = i.CD_ID and o.REF_TERM_ID = i.REF_TERM_ID) > 1);

/** Address & Name Use **/
INSERT INTO CD_SYS_TBL (CS_ID, DOMAIN, OID, CRT_USR_ID, URL)  VALUES ('77816823-9392-4ca7-83dd-6e7d4b4164e7','EntityNameUse','2.16.840.1.113883.5.1120','fadca076-3690-4a6e-af9e-f1cd68e8c7e8','http://openiz.org/conceptset/v3-EntityNameUse');
INSERT INTO CD_TBL VALUES('effe122d-8d30-491d-805d-addcb4466c35',TRUE);
INSERT INTO CD_VRSN_TBL (CD_ID, STS_CD_ID, CRT_USR_ID, MNEMONIC, CLS_ID) VALUES ('effe122d-8d30-491d-805d-addcb4466c35', 'c8064cbd-fa06-4530-b430-1a52f1530c27', 'fadca076-3690-4a6e-af9e-f1cd68e8c7e8', 'Legal', '0d6b3439-c9be-4480-af39-eeb457c052d0');
INSERT INTO REF_TERM_TBL(REF_TERM_ID, CS_ID, MNEMONIC, CRT_USR_ID)  VALUES('40df48e5-3fee-47de-9772-6cefdcd1dbb6', '77816823-9392-4ca7-83dd-6e7d4b4164e7', 'L', 'fadca076-3690-4a6e-af9e-f1cd68e8c7e8');
INSERT INTO CD_REF_TERM_ASSOC_TBL(REF_TERM_ID, CD_ID, EFFT_VRSN_SEQ_ID, REL_TYP_ID) SELECT '40df48e5-3fee-47de-9772-6cefdcd1dbb6', 'effe122d-8d30-491d-805d-addcb4466c35', VRSN_SEQ_ID, '2c4dafc2-566a-41ae-9ebc-3097d7d22f4a' FROM CD_VRSN_TBL WHERE CD_ID = 'effe122d-8d30-491d-805d-addcb4466c35' AND OBSLT_UTC IS NULL;
INSERT INTO REF_TERM_NAME_TBL(REF_TERM_ID, LANG_CS, TERM_NAME, CRT_USR_ID, PHON_ALG_ID) VALUES('40df48e5-3fee-47de-9772-6cefdcd1dbb6', 'en', 'Legal', 'fadca076-3690-4a6e-af9e-f1cd68e8c7e8', '402CD339-D0E4-46CE-8FC2-12A4B0E17226');
INSERT INTO CD_NAME_TBL(CD_ID, EFFT_VRSN_SEQ_ID, LANG_CS, VAL, PHON_ALG_ID) SELECT 'effe122d-8d30-491d-805d-addcb4466c35', VRSN_SEQ_ID, 'en', 'Legal', '402CD339-D0E4-46CE-8FC2-12A4B0E17226' FROM CD_VRSN_TBL WHERE CD_ID = 'effe122d-8d30-491d-805d-addcb4466c35' AND OBSLT_UTC IS NULL;
INSERT INTO CD_TBL VALUES('1ec9583a-b019-4baa-b856-b99caf368656',TRUE);
INSERT INTO CD_VRSN_TBL (CD_ID, STS_CD_ID, CRT_USR_ID, MNEMONIC, CLS_ID) VALUES ('1ec9583a-b019-4baa-b856-b99caf368656', 'c8064cbd-fa06-4530-b430-1a52f1530c27', 'fadca076-3690-4a6e-af9e-f1cd68e8c7e8', 'OfficialRecord', '0d6b3439-c9be-4480-af39-eeb457c052d0');
INSERT INTO REF_TERM_TBL(REF_TERM_ID, CS_ID, MNEMONIC, CRT_USR_ID)  VALUES('d093fe3b-1756-4d8c-936b-adc866d99e58', '77816823-9392-4ca7-83dd-6e7d4b4164e7', 'OR', 'fadca076-3690-4a6e-af9e-f1cd68e8c7e8');
INSERT INTO CD_REF_TERM_ASSOC_TBL(REF_TERM_ID, CD_ID, EFFT_VRSN_SEQ_ID, REL_TYP_ID) SELECT 'd093fe3b-1756-4d8c-936b-adc866d99e58', '1ec9583a-b019-4baa-b856-b99caf368656', VRSN_SEQ_ID, '2c4dafc2-566a-41ae-9ebc-3097d7d22f4a' FROM CD_VRSN_TBL WHERE CD_ID = '1ec9583a-b019-4baa-b856-b99caf368656' AND OBSLT_UTC IS NULL;
INSERT INTO REF_TERM_NAME_TBL(REF_TERM_ID, LANG_CS, TERM_NAME, CRT_USR_ID, PHON_ALG_ID) VALUES('d093fe3b-1756-4d8c-936b-adc866d99e58', 'en', 'OfficialRecord', 'fadca076-3690-4a6e-af9e-f1cd68e8c7e8', '402CD339-D0E4-46CE-8FC2-12A4B0E17226');
INSERT INTO CD_NAME_TBL(CD_ID, EFFT_VRSN_SEQ_ID, LANG_CS, VAL, PHON_ALG_ID) SELECT '1ec9583a-b019-4baa-b856-b99caf368656', VRSN_SEQ_ID, 'en', 'OfficialRecord', '402CD339-D0E4-46CE-8FC2-12A4B0E17226' FROM CD_VRSN_TBL WHERE CD_ID = '1ec9583a-b019-4baa-b856-b99caf368656' AND OBSLT_UTC IS NULL;
INSERT INTO CD_TBL VALUES('48075d19-7b29-4ca5-9c73-0cbd31248446',TRUE);
INSERT INTO CD_VRSN_TBL (CD_ID, STS_CD_ID, CRT_USR_ID, MNEMONIC, CLS_ID) VALUES ('48075d19-7b29-4ca5-9c73-0cbd31248446', 'c8064cbd-fa06-4530-b430-1a52f1530c27', 'fadca076-3690-4a6e-af9e-f1cd68e8c7e8', 'License', '0d6b3439-c9be-4480-af39-eeb457c052d0');
INSERT INTO REF_TERM_TBL(REF_TERM_ID, CS_ID, MNEMONIC, CRT_USR_ID)  VALUES('36ab4c83-124c-4161-9edd-77fbc0915399', '77816823-9392-4ca7-83dd-6e7d4b4164e7', 'C', 'fadca076-3690-4a6e-af9e-f1cd68e8c7e8');
INSERT INTO CD_REF_TERM_ASSOC_TBL(REF_TERM_ID, CD_ID, EFFT_VRSN_SEQ_ID, REL_TYP_ID) SELECT '36ab4c83-124c-4161-9edd-77fbc0915399', '48075d19-7b29-4ca5-9c73-0cbd31248446', VRSN_SEQ_ID, '2c4dafc2-566a-41ae-9ebc-3097d7d22f4a' FROM CD_VRSN_TBL WHERE CD_ID = '48075d19-7b29-4ca5-9c73-0cbd31248446' AND OBSLT_UTC IS NULL;
INSERT INTO REF_TERM_NAME_TBL(REF_TERM_ID, LANG_CS, TERM_NAME, CRT_USR_ID, PHON_ALG_ID) VALUES('36ab4c83-124c-4161-9edd-77fbc0915399', 'en', 'License', 'fadca076-3690-4a6e-af9e-f1cd68e8c7e8', '402CD339-D0E4-46CE-8FC2-12A4B0E17226');
INSERT INTO CD_NAME_TBL(CD_ID, EFFT_VRSN_SEQ_ID, LANG_CS, VAL, PHON_ALG_ID) SELECT '48075d19-7b29-4ca5-9c73-0cbd31248446', VRSN_SEQ_ID, 'en', 'License', '402CD339-D0E4-46CE-8FC2-12A4B0E17226' FROM CD_VRSN_TBL WHERE CD_ID = '48075d19-7b29-4ca5-9c73-0cbd31248446' AND OBSLT_UTC IS NULL;
INSERT INTO CD_TBL VALUES('0674c1c8-963a-4658-aff9-8cdcd308fa68',TRUE);
INSERT INTO CD_VRSN_TBL (CD_ID, STS_CD_ID, CRT_USR_ID, MNEMONIC, CLS_ID) VALUES ('0674c1c8-963a-4658-aff9-8cdcd308fa68', 'c8064cbd-fa06-4530-b430-1a52f1530c27', 'fadca076-3690-4a6e-af9e-f1cd68e8c7e8', 'MaidenName', '0d6b3439-c9be-4480-af39-eeb457c052d0');
INSERT INTO REF_TERM_TBL(REF_TERM_ID, CS_ID, MNEMONIC, CRT_USR_ID)  VALUES('4cb909a5-fe18-4b59-80b3-e1b0f3e17e27', '77816823-9392-4ca7-83dd-6e7d4b4164e7', 'M', 'fadca076-3690-4a6e-af9e-f1cd68e8c7e8');
INSERT INTO CD_REF_TERM_ASSOC_TBL(REF_TERM_ID, CD_ID, EFFT_VRSN_SEQ_ID, REL_TYP_ID) SELECT '4cb909a5-fe18-4b59-80b3-e1b0f3e17e27', '0674c1c8-963a-4658-aff9-8cdcd308fa68', VRSN_SEQ_ID, '2c4dafc2-566a-41ae-9ebc-3097d7d22f4a' FROM CD_VRSN_TBL WHERE CD_ID = '0674c1c8-963a-4658-aff9-8cdcd308fa68' AND OBSLT_UTC IS NULL;
INSERT INTO REF_TERM_NAME_TBL(REF_TERM_ID, LANG_CS, TERM_NAME, CRT_USR_ID, PHON_ALG_ID) VALUES('4cb909a5-fe18-4b59-80b3-e1b0f3e17e27', 'en', 'MaidenName', 'fadca076-3690-4a6e-af9e-f1cd68e8c7e8', '402CD339-D0E4-46CE-8FC2-12A4B0E17226');
INSERT INTO CD_NAME_TBL(CD_ID, EFFT_VRSN_SEQ_ID, LANG_CS, VAL, PHON_ALG_ID) SELECT '0674c1c8-963a-4658-aff9-8cdcd308fa68', VRSN_SEQ_ID, 'en', 'MaidenName', '402CD339-D0E4-46CE-8FC2-12A4B0E17226' FROM CD_VRSN_TBL WHERE CD_ID = '0674c1c8-963a-4658-aff9-8cdcd308fa68' AND OBSLT_UTC IS NULL;
INSERT INTO CD_TBL VALUES('a3fb2a05-5ebe-47ae-afd0-4c1b22336090',TRUE);
INSERT INTO CD_VRSN_TBL (CD_ID, STS_CD_ID, CRT_USR_ID, MNEMONIC, CLS_ID) VALUES ('a3fb2a05-5ebe-47ae-afd0-4c1b22336090', 'c8064cbd-fa06-4530-b430-1a52f1530c27', 'fadca076-3690-4a6e-af9e-f1cd68e8c7e8', 'Indigenous', '0d6b3439-c9be-4480-af39-eeb457c052d0');
INSERT INTO REF_TERM_TBL(REF_TERM_ID, CS_ID, MNEMONIC, CRT_USR_ID)  VALUES('5fe85dc3-4762-440d-adc0-415b0c56b7c4', '77816823-9392-4ca7-83dd-6e7d4b4164e7', 'I', 'fadca076-3690-4a6e-af9e-f1cd68e8c7e8');
INSERT INTO CD_REF_TERM_ASSOC_TBL(REF_TERM_ID, CD_ID, EFFT_VRSN_SEQ_ID, REL_TYP_ID) SELECT '5fe85dc3-4762-440d-adc0-415b0c56b7c4', 'a3fb2a05-5ebe-47ae-afd0-4c1b22336090', VRSN_SEQ_ID, '2c4dafc2-566a-41ae-9ebc-3097d7d22f4a' FROM CD_VRSN_TBL WHERE CD_ID = 'a3fb2a05-5ebe-47ae-afd0-4c1b22336090' AND OBSLT_UTC IS NULL;
INSERT INTO REF_TERM_NAME_TBL(REF_TERM_ID, LANG_CS, TERM_NAME, CRT_USR_ID, PHON_ALG_ID) VALUES('5fe85dc3-4762-440d-adc0-415b0c56b7c4', 'en', 'Indigenous', 'fadca076-3690-4a6e-af9e-f1cd68e8c7e8', '402CD339-D0E4-46CE-8FC2-12A4B0E17226');
INSERT INTO CD_NAME_TBL(CD_ID, EFFT_VRSN_SEQ_ID, LANG_CS, VAL, PHON_ALG_ID) SELECT 'a3fb2a05-5ebe-47ae-afd0-4c1b22336090', VRSN_SEQ_ID, 'en', 'Indigenous', '402CD339-D0E4-46CE-8FC2-12A4B0E17226' FROM CD_VRSN_TBL WHERE CD_ID = 'a3fb2a05-5ebe-47ae-afd0-4c1b22336090' AND OBSLT_UTC IS NULL;
INSERT INTO CD_TBL VALUES('c31564ef-ca8d-4528-85a8-88245fcef344',TRUE);
INSERT INTO CD_VRSN_TBL (CD_ID, STS_CD_ID, CRT_USR_ID, MNEMONIC, CLS_ID) VALUES ('c31564ef-ca8d-4528-85a8-88245fcef344', 'c8064cbd-fa06-4530-b430-1a52f1530c27', 'fadca076-3690-4a6e-af9e-f1cd68e8c7e8', 'Pseudonym', '0d6b3439-c9be-4480-af39-eeb457c052d0');
INSERT INTO REF_TERM_TBL(REF_TERM_ID, CS_ID, MNEMONIC, CRT_USR_ID)  VALUES('58a162eb-734b-4a38-b8f0-4fdbc4c65ca2', '77816823-9392-4ca7-83dd-6e7d4b4164e7', 'P', 'fadca076-3690-4a6e-af9e-f1cd68e8c7e8');
INSERT INTO CD_REF_TERM_ASSOC_TBL(REF_TERM_ID, CD_ID, EFFT_VRSN_SEQ_ID, REL_TYP_ID) SELECT '58a162eb-734b-4a38-b8f0-4fdbc4c65ca2', 'c31564ef-ca8d-4528-85a8-88245fcef344', VRSN_SEQ_ID, '2c4dafc2-566a-41ae-9ebc-3097d7d22f4a' FROM CD_VRSN_TBL WHERE CD_ID = 'c31564ef-ca8d-4528-85a8-88245fcef344' AND OBSLT_UTC IS NULL;
INSERT INTO REF_TERM_NAME_TBL(REF_TERM_ID, LANG_CS, TERM_NAME, CRT_USR_ID, PHON_ALG_ID) VALUES('58a162eb-734b-4a38-b8f0-4fdbc4c65ca2', 'en', 'Pseudonym', 'fadca076-3690-4a6e-af9e-f1cd68e8c7e8', '402CD339-D0E4-46CE-8FC2-12A4B0E17226');
INSERT INTO CD_NAME_TBL(CD_ID, EFFT_VRSN_SEQ_ID, LANG_CS, VAL, PHON_ALG_ID) SELECT 'c31564ef-ca8d-4528-85a8-88245fcef344', VRSN_SEQ_ID, 'en', 'Pseudonym', '402CD339-D0E4-46CE-8FC2-12A4B0E17226' FROM CD_VRSN_TBL WHERE CD_ID = 'c31564ef-ca8d-4528-85a8-88245fcef344' AND OBSLT_UTC IS NULL;
INSERT INTO CD_TBL VALUES('4a7bf199-f33b-42f9-8b99-32433ea67bd7',TRUE);
INSERT INTO CD_VRSN_TBL (CD_ID, STS_CD_ID, CRT_USR_ID, MNEMONIC, CLS_ID) VALUES ('4a7bf199-f33b-42f9-8b99-32433ea67bd7', 'c8064cbd-fa06-4530-b430-1a52f1530c27', 'fadca076-3690-4a6e-af9e-f1cd68e8c7e8', 'Artist', '0d6b3439-c9be-4480-af39-eeb457c052d0');
INSERT INTO REF_TERM_TBL(REF_TERM_ID, CS_ID, MNEMONIC, CRT_USR_ID)  VALUES('33d655a8-649e-4571-bd90-c82061f2ea27', '77816823-9392-4ca7-83dd-6e7d4b4164e7', 'A', 'fadca076-3690-4a6e-af9e-f1cd68e8c7e8');
INSERT INTO CD_REF_TERM_ASSOC_TBL(REF_TERM_ID, CD_ID, EFFT_VRSN_SEQ_ID, REL_TYP_ID) SELECT '33d655a8-649e-4571-bd90-c82061f2ea27', '4a7bf199-f33b-42f9-8b99-32433ea67bd7', VRSN_SEQ_ID, '2c4dafc2-566a-41ae-9ebc-3097d7d22f4a' FROM CD_VRSN_TBL WHERE CD_ID = '4a7bf199-f33b-42f9-8b99-32433ea67bd7' AND OBSLT_UTC IS NULL;
INSERT INTO REF_TERM_NAME_TBL(REF_TERM_ID, LANG_CS, TERM_NAME, CRT_USR_ID, PHON_ALG_ID) VALUES('33d655a8-649e-4571-bd90-c82061f2ea27', 'en', 'Artist', 'fadca076-3690-4a6e-af9e-f1cd68e8c7e8', '402CD339-D0E4-46CE-8FC2-12A4B0E17226');
INSERT INTO CD_NAME_TBL(CD_ID, EFFT_VRSN_SEQ_ID, LANG_CS, VAL, PHON_ALG_ID) SELECT '4a7bf199-f33b-42f9-8b99-32433ea67bd7', VRSN_SEQ_ID, 'en', 'Artist', '402CD339-D0E4-46CE-8FC2-12A4B0E17226' FROM CD_VRSN_TBL WHERE CD_ID = '4a7bf199-f33b-42f9-8b99-32433ea67bd7' AND OBSLT_UTC IS NULL;
INSERT INTO CD_TBL VALUES('15207687-5290-4672-a7df-2880a23dcbb5',TRUE);
INSERT INTO CD_VRSN_TBL (CD_ID, STS_CD_ID, CRT_USR_ID, MNEMONIC, CLS_ID) VALUES ('15207687-5290-4672-a7df-2880a23dcbb5', 'c8064cbd-fa06-4530-b430-1a52f1530c27', 'fadca076-3690-4a6e-af9e-f1cd68e8c7e8', 'Religious', '0d6b3439-c9be-4480-af39-eeb457c052d0');
INSERT INTO REF_TERM_TBL(REF_TERM_ID, CS_ID, MNEMONIC, CRT_USR_ID)  VALUES('89ee13d5-9166-40a3-85b0-ceed3812a2a6', '77816823-9392-4ca7-83dd-6e7d4b4164e7', 'R', 'fadca076-3690-4a6e-af9e-f1cd68e8c7e8');
INSERT INTO CD_REF_TERM_ASSOC_TBL(REF_TERM_ID, CD_ID, EFFT_VRSN_SEQ_ID, REL_TYP_ID) SELECT '89ee13d5-9166-40a3-85b0-ceed3812a2a6', '15207687-5290-4672-a7df-2880a23dcbb5', VRSN_SEQ_ID, '2c4dafc2-566a-41ae-9ebc-3097d7d22f4a' FROM CD_VRSN_TBL WHERE CD_ID = '15207687-5290-4672-a7df-2880a23dcbb5' AND OBSLT_UTC IS NULL;
INSERT INTO REF_TERM_NAME_TBL(REF_TERM_ID, LANG_CS, TERM_NAME, CRT_USR_ID, PHON_ALG_ID) VALUES('89ee13d5-9166-40a3-85b0-ceed3812a2a6', 'en', 'Religious', 'fadca076-3690-4a6e-af9e-f1cd68e8c7e8', '402CD339-D0E4-46CE-8FC2-12A4B0E17226');
INSERT INTO CD_NAME_TBL(CD_ID, EFFT_VRSN_SEQ_ID, LANG_CS, VAL, PHON_ALG_ID) SELECT '15207687-5290-4672-a7df-2880a23dcbb5', VRSN_SEQ_ID, 'en', 'Religious', '402CD339-D0E4-46CE-8FC2-12A4B0E17226' FROM CD_VRSN_TBL WHERE CD_ID = '15207687-5290-4672-a7df-2880a23dcbb5' AND OBSLT_UTC IS NULL;
INSERT INTO CD_VRSN_TBL (CD_ID, STS_CD_ID, CRT_USR_ID, MNEMONIC, CLS_ID) VALUES ('a87a6d21-2ca6-4aea-88f3-6135cceb58d1', 'c8064cbd-fa06-4530-b430-1a52f1530c27', 'fadca076-3690-4a6e-af9e-f1cd68e8c7e8', 'Assigned', '0d6b3439-c9be-4480-af39-eeb457c052d0');
INSERT INTO REF_TERM_TBL(REF_TERM_ID, CS_ID, MNEMONIC, CRT_USR_ID)  VALUES('d8d9c552-77a7-4da3-af5b-8900ac65891e', '77816823-9392-4ca7-83dd-6e7d4b4164e7', 'ASGN', 'fadca076-3690-4a6e-af9e-f1cd68e8c7e8');
INSERT INTO CD_REF_TERM_ASSOC_TBL(REF_TERM_ID, CD_ID, EFFT_VRSN_SEQ_ID, REL_TYP_ID) SELECT 'd8d9c552-77a7-4da3-af5b-8900ac65891e', 'a87a6d21-2ca6-4aea-88f3-6135cceb58d1', VRSN_SEQ_ID, '2c4dafc2-566a-41ae-9ebc-3097d7d22f4a' FROM CD_VRSN_TBL WHERE CD_ID = 'a87a6d21-2ca6-4aea-88f3-6135cceb58d1' AND OBSLT_UTC IS NULL;
INSERT INTO REF_TERM_NAME_TBL(REF_TERM_ID, LANG_CS, TERM_NAME, CRT_USR_ID, PHON_ALG_ID) VALUES('d8d9c552-77a7-4da3-af5b-8900ac65891e', 'en', 'Assigned', 'fadca076-3690-4a6e-af9e-f1cd68e8c7e8', '402CD339-D0E4-46CE-8FC2-12A4B0E17226');
INSERT INTO CD_NAME_TBL(CD_ID, EFFT_VRSN_SEQ_ID, LANG_CS, VAL, PHON_ALG_ID) SELECT 'a87a6d21-2ca6-4aea-88f3-6135cceb58d1', VRSN_SEQ_ID, 'en', 'Assigned', '402CD339-D0E4-46CE-8FC2-12A4B0E17226' FROM CD_VRSN_TBL WHERE CD_ID = 'a87a6d21-2ca6-4aea-88f3-6135cceb58d1' AND OBSLT_UTC IS NULL;
INSERT INTO CD_TBL VALUES('71d1c07c-6ee6-4240-8a95-19f96583512e',TRUE);
INSERT INTO CD_VRSN_TBL (CD_ID, STS_CD_ID, CRT_USR_ID, MNEMONIC, CLS_ID) VALUES ('71d1c07c-6ee6-4240-8a95-19f96583512e', 'c8064cbd-fa06-4530-b430-1a52f1530c27', 'fadca076-3690-4a6e-af9e-f1cd68e8c7e8', 'Alphabetic', '0d6b3439-c9be-4480-af39-eeb457c052d0');
INSERT INTO REF_TERM_TBL(REF_TERM_ID, CS_ID, MNEMONIC, CRT_USR_ID)  VALUES('61398149-7ac2-48dc-ae8e-a3dba1a40fee', '77816823-9392-4ca7-83dd-6e7d4b4164e7', 'ABC', 'fadca076-3690-4a6e-af9e-f1cd68e8c7e8');
INSERT INTO CD_REF_TERM_ASSOC_TBL(REF_TERM_ID, CD_ID, EFFT_VRSN_SEQ_ID, REL_TYP_ID) SELECT '61398149-7ac2-48dc-ae8e-a3dba1a40fee', '71d1c07c-6ee6-4240-8a95-19f96583512e', VRSN_SEQ_ID, '2c4dafc2-566a-41ae-9ebc-3097d7d22f4a' FROM CD_VRSN_TBL WHERE CD_ID = '71d1c07c-6ee6-4240-8a95-19f96583512e' AND OBSLT_UTC IS NULL;
INSERT INTO REF_TERM_NAME_TBL(REF_TERM_ID, LANG_CS, TERM_NAME, CRT_USR_ID, PHON_ALG_ID) VALUES('61398149-7ac2-48dc-ae8e-a3dba1a40fee', 'en', 'Alphabetic', 'fadca076-3690-4a6e-af9e-f1cd68e8c7e8', '402CD339-D0E4-46CE-8FC2-12A4B0E17226');
INSERT INTO CD_NAME_TBL(CD_ID, EFFT_VRSN_SEQ_ID, LANG_CS, VAL, PHON_ALG_ID) SELECT '71d1c07c-6ee6-4240-8a95-19f96583512e', VRSN_SEQ_ID, 'en', 'Alphabetic', '402CD339-D0E4-46CE-8FC2-12A4B0E17226' FROM CD_VRSN_TBL WHERE CD_ID = '71d1c07c-6ee6-4240-8a95-19f96583512e' AND OBSLT_UTC IS NULL;
INSERT INTO CD_TBL VALUES('09000479-4672-44f8-bb4a-72fb25f7356a',TRUE);
INSERT INTO CD_VRSN_TBL (CD_ID, STS_CD_ID, CRT_USR_ID, MNEMONIC, CLS_ID) VALUES ('09000479-4672-44f8-bb4a-72fb25f7356a', 'c8064cbd-fa06-4530-b430-1a52f1530c27', 'fadca076-3690-4a6e-af9e-f1cd68e8c7e8', 'Ideographic', '0d6b3439-c9be-4480-af39-eeb457c052d0');
INSERT INTO REF_TERM_TBL(REF_TERM_ID, CS_ID, MNEMONIC, CRT_USR_ID)  VALUES('ec3ee7cd-6c6e-485c-8429-a900021b6417', '77816823-9392-4ca7-83dd-6e7d4b4164e7', 'IDE', 'fadca076-3690-4a6e-af9e-f1cd68e8c7e8');
INSERT INTO CD_REF_TERM_ASSOC_TBL(REF_TERM_ID, CD_ID, EFFT_VRSN_SEQ_ID, REL_TYP_ID) SELECT 'ec3ee7cd-6c6e-485c-8429-a900021b6417', '09000479-4672-44f8-bb4a-72fb25f7356a', VRSN_SEQ_ID, '2c4dafc2-566a-41ae-9ebc-3097d7d22f4a' FROM CD_VRSN_TBL WHERE CD_ID = '09000479-4672-44f8-bb4a-72fb25f7356a' AND OBSLT_UTC IS NULL;
INSERT INTO REF_TERM_NAME_TBL(REF_TERM_ID, LANG_CS, TERM_NAME, CRT_USR_ID, PHON_ALG_ID) VALUES('ec3ee7cd-6c6e-485c-8429-a900021b6417', 'en', 'Ideographic', 'fadca076-3690-4a6e-af9e-f1cd68e8c7e8', '402CD339-D0E4-46CE-8FC2-12A4B0E17226');
INSERT INTO CD_NAME_TBL(CD_ID, EFFT_VRSN_SEQ_ID, LANG_CS, VAL, PHON_ALG_ID) SELECT '09000479-4672-44f8-bb4a-72fb25f7356a', VRSN_SEQ_ID, 'en', 'Ideographic', '402CD339-D0E4-46CE-8FC2-12A4B0E17226' FROM CD_VRSN_TBL WHERE CD_ID = '09000479-4672-44f8-bb4a-72fb25f7356a' AND OBSLT_UTC IS NULL;
INSERT INTO CD_TBL VALUES('b4ca3bf0-a7fc-44f3-87d5-e126beda93ff',TRUE);
INSERT INTO CD_VRSN_TBL (CD_ID, STS_CD_ID, CRT_USR_ID, MNEMONIC, CLS_ID) VALUES ('b4ca3bf0-a7fc-44f3-87d5-e126beda93ff', 'c8064cbd-fa06-4530-b430-1a52f1530c27', 'fadca076-3690-4a6e-af9e-f1cd68e8c7e8', 'Syllabic', '0d6b3439-c9be-4480-af39-eeb457c052d0');
INSERT INTO REF_TERM_TBL(REF_TERM_ID, CS_ID, MNEMONIC, CRT_USR_ID)  VALUES('449878c9-9843-46e7-aef7-83804e94faf1', '77816823-9392-4ca7-83dd-6e7d4b4164e7', 'SYL', 'fadca076-3690-4a6e-af9e-f1cd68e8c7e8');
INSERT INTO CD_REF_TERM_ASSOC_TBL(REF_TERM_ID, CD_ID, EFFT_VRSN_SEQ_ID, REL_TYP_ID) SELECT '449878c9-9843-46e7-aef7-83804e94faf1', 'b4ca3bf0-a7fc-44f3-87d5-e126beda93ff', VRSN_SEQ_ID, '2c4dafc2-566a-41ae-9ebc-3097d7d22f4a' FROM CD_VRSN_TBL WHERE CD_ID = 'b4ca3bf0-a7fc-44f3-87d5-e126beda93ff' AND OBSLT_UTC IS NULL;
INSERT INTO REF_TERM_NAME_TBL(REF_TERM_ID, LANG_CS, TERM_NAME, CRT_USR_ID, PHON_ALG_ID) VALUES('449878c9-9843-46e7-aef7-83804e94faf1', 'en', 'Syllabic', 'fadca076-3690-4a6e-af9e-f1cd68e8c7e8', '402CD339-D0E4-46CE-8FC2-12A4B0E17226');
INSERT INTO CD_NAME_TBL(CD_ID, EFFT_VRSN_SEQ_ID, LANG_CS, VAL, PHON_ALG_ID) SELECT 'b4ca3bf0-a7fc-44f3-87d5-e126beda93ff', VRSN_SEQ_ID, 'en', 'Syllabic', '402CD339-D0E4-46CE-8FC2-12A4B0E17226' FROM CD_VRSN_TBL WHERE CD_ID = 'b4ca3bf0-a7fc-44f3-87d5-e126beda93ff' AND OBSLT_UTC IS NULL;
INSERT INTO CD_TBL VALUES('e5794e3b-3025-436f-9417-5886feead55a',TRUE);
INSERT INTO CD_VRSN_TBL (CD_ID, STS_CD_ID, CRT_USR_ID, MNEMONIC, CLS_ID) VALUES ('e5794e3b-3025-436f-9417-5886feead55a', 'c8064cbd-fa06-4530-b430-1a52f1530c27', 'fadca076-3690-4a6e-af9e-f1cd68e8c7e8', 'Soundex', '0d6b3439-c9be-4480-af39-eeb457c052d0');
INSERT INTO REF_TERM_TBL(REF_TERM_ID, CS_ID, MNEMONIC, CRT_USR_ID)  VALUES('9eb37bbe-169d-477d-a995-6b9dda3e1d1f', '77816823-9392-4ca7-83dd-6e7d4b4164e7', 'SNDX', 'fadca076-3690-4a6e-af9e-f1cd68e8c7e8');
INSERT INTO CD_REF_TERM_ASSOC_TBL(REF_TERM_ID, CD_ID, EFFT_VRSN_SEQ_ID, REL_TYP_ID) SELECT '9eb37bbe-169d-477d-a995-6b9dda3e1d1f', 'e5794e3b-3025-436f-9417-5886feead55a', VRSN_SEQ_ID, '2c4dafc2-566a-41ae-9ebc-3097d7d22f4a' FROM CD_VRSN_TBL WHERE CD_ID = 'e5794e3b-3025-436f-9417-5886feead55a' AND OBSLT_UTC IS NULL;
INSERT INTO REF_TERM_NAME_TBL(REF_TERM_ID, LANG_CS, TERM_NAME, CRT_USR_ID, PHON_ALG_ID) VALUES('9eb37bbe-169d-477d-a995-6b9dda3e1d1f', 'en', 'Soundex', 'fadca076-3690-4a6e-af9e-f1cd68e8c7e8', '402CD339-D0E4-46CE-8FC2-12A4B0E17226');
INSERT INTO CD_NAME_TBL(CD_ID, EFFT_VRSN_SEQ_ID, LANG_CS, VAL, PHON_ALG_ID) SELECT 'e5794e3b-3025-436f-9417-5886feead55a', VRSN_SEQ_ID, 'en', 'Soundex', '402CD339-D0E4-46CE-8FC2-12A4B0E17226' FROM CD_VRSN_TBL WHERE CD_ID = 'e5794e3b-3025-436f-9417-5886feead55a' AND OBSLT_UTC IS NULL;
INSERT INTO CD_TBL VALUES('2b085d38-3308-4664-9f89-48d8ef4daba7',TRUE);
INSERT INTO CD_VRSN_TBL (CD_ID, STS_CD_ID, CRT_USR_ID, MNEMONIC, CLS_ID) VALUES ('2b085d38-3308-4664-9f89-48d8ef4daba7', 'c8064cbd-fa06-4530-b430-1a52f1530c27', 'fadca076-3690-4a6e-af9e-f1cd68e8c7e8', 'Phonetic', '0d6b3439-c9be-4480-af39-eeb457c052d0');
INSERT INTO REF_TERM_TBL(REF_TERM_ID, CS_ID, MNEMONIC, CRT_USR_ID)  VALUES('cfce3cd9-a71e-4f66-8b80-699425f973de', '77816823-9392-4ca7-83dd-6e7d4b4164e7', 'PHON', 'fadca076-3690-4a6e-af9e-f1cd68e8c7e8');
INSERT INTO CD_REF_TERM_ASSOC_TBL(REF_TERM_ID, CD_ID, EFFT_VRSN_SEQ_ID, REL_TYP_ID) SELECT 'cfce3cd9-a71e-4f66-8b80-699425f973de', '2b085d38-3308-4664-9f89-48d8ef4daba7', VRSN_SEQ_ID, '2c4dafc2-566a-41ae-9ebc-3097d7d22f4a' FROM CD_VRSN_TBL WHERE CD_ID = '2b085d38-3308-4664-9f89-48d8ef4daba7' AND OBSLT_UTC IS NULL;
INSERT INTO REF_TERM_NAME_TBL(REF_TERM_ID, LANG_CS, TERM_NAME, CRT_USR_ID, PHON_ALG_ID) VALUES('cfce3cd9-a71e-4f66-8b80-699425f973de', 'en', 'Phonetic', 'fadca076-3690-4a6e-af9e-f1cd68e8c7e8', '402CD339-D0E4-46CE-8FC2-12A4B0E17226');
INSERT INTO CD_NAME_TBL(CD_ID, EFFT_VRSN_SEQ_ID, LANG_CS, VAL, PHON_ALG_ID) SELECT '2b085d38-3308-4664-9f89-48d8ef4daba7', VRSN_SEQ_ID, 'en', 'Phonetic', '402CD339-D0E4-46CE-8FC2-12A4B0E17226' FROM CD_VRSN_TBL WHERE CD_ID = '2b085d38-3308-4664-9f89-48d8ef4daba7' AND OBSLT_UTC IS NULL;
INSERT INTO CD_TBL VALUES('95e6843a-26ff-4046-b6f4-eb440d4b85f7',TRUE);
INSERT INTO CD_VRSN_TBL (CD_ID, STS_CD_ID, CRT_USR_ID, MNEMONIC, CLS_ID) VALUES ('95e6843a-26ff-4046-b6f4-eb440d4b85f7', 'c8064cbd-fa06-4530-b430-1a52f1530c27', 'fadca076-3690-4a6e-af9e-f1cd68e8c7e8', 'Anonymous', '0d6b3439-c9be-4480-af39-eeb457c052d0');
INSERT INTO REF_TERM_TBL(REF_TERM_ID, CS_ID, MNEMONIC, CRT_USR_ID)  VALUES('a3639797-f080-4ca4-a84b-13b4aa54598d', '77816823-9392-4ca7-83dd-6e7d4b4164e7', 'ANON', 'fadca076-3690-4a6e-af9e-f1cd68e8c7e8');
INSERT INTO CD_REF_TERM_ASSOC_TBL(REF_TERM_ID, CD_ID, EFFT_VRSN_SEQ_ID, REL_TYP_ID) SELECT 'a3639797-f080-4ca4-a84b-13b4aa54598d', '95e6843a-26ff-4046-b6f4-eb440d4b85f7', VRSN_SEQ_ID, '2c4dafc2-566a-41ae-9ebc-3097d7d22f4a' FROM CD_VRSN_TBL WHERE CD_ID = '95e6843a-26ff-4046-b6f4-eb440d4b85f7' AND OBSLT_UTC IS NULL;
INSERT INTO REF_TERM_NAME_TBL(REF_TERM_ID, LANG_CS, TERM_NAME, CRT_USR_ID, PHON_ALG_ID) VALUES('a3639797-f080-4ca4-a84b-13b4aa54598d', 'en', 'Anonymous', 'fadca076-3690-4a6e-af9e-f1cd68e8c7e8', '402CD339-D0E4-46CE-8FC2-12A4B0E17226');
INSERT INTO CD_NAME_TBL(CD_ID, EFFT_VRSN_SEQ_ID, LANG_CS, VAL, PHON_ALG_ID) SELECT '95e6843a-26ff-4046-b6f4-eb440d4b85f7', VRSN_SEQ_ID, 'en', 'Anonymous', '402CD339-D0E4-46CE-8FC2-12A4B0E17226' FROM CD_VRSN_TBL WHERE CD_ID = '95e6843a-26ff-4046-b6f4-eb440d4b85f7' AND OBSLT_UTC IS NULL;
INSERT INTO CD_TBL VALUES('87964bff-e442-481d-9749-69b2a84a1fbe',TRUE);
INSERT INTO CD_VRSN_TBL (CD_ID, STS_CD_ID, CRT_USR_ID, MNEMONIC, CLS_ID) VALUES ('87964bff-e442-481d-9749-69b2a84a1fbe', 'c8064cbd-fa06-4530-b430-1a52f1530c27', 'fadca076-3690-4a6e-af9e-f1cd68e8c7e8', 'Search', '0d6b3439-c9be-4480-af39-eeb457c052d0');
INSERT INTO REF_TERM_TBL(REF_TERM_ID, CS_ID, MNEMONIC, CRT_USR_ID)  VALUES('8f88ff32-da99-4e16-bb1a-633d04a05e1a', '77816823-9392-4ca7-83dd-6e7d4b4164e7', 'SRCH', 'fadca076-3690-4a6e-af9e-f1cd68e8c7e8');
INSERT INTO CD_REF_TERM_ASSOC_TBL(REF_TERM_ID, CD_ID, EFFT_VRSN_SEQ_ID, REL_TYP_ID) SELECT '8f88ff32-da99-4e16-bb1a-633d04a05e1a', '87964bff-e442-481d-9749-69b2a84a1fbe', VRSN_SEQ_ID, '2c4dafc2-566a-41ae-9ebc-3097d7d22f4a' FROM CD_VRSN_TBL WHERE CD_ID = '87964bff-e442-481d-9749-69b2a84a1fbe' AND OBSLT_UTC IS NULL;
INSERT INTO REF_TERM_NAME_TBL(REF_TERM_ID, LANG_CS, TERM_NAME, CRT_USR_ID, PHON_ALG_ID) VALUES('8f88ff32-da99-4e16-bb1a-633d04a05e1a', 'en', 'Search', 'fadca076-3690-4a6e-af9e-f1cd68e8c7e8', '402CD339-D0E4-46CE-8FC2-12A4B0E17226');
INSERT INTO CD_NAME_TBL(CD_ID, EFFT_VRSN_SEQ_ID, LANG_CS, VAL, PHON_ALG_ID) SELECT '87964bff-e442-481d-9749-69b2a84a1fbe', VRSN_SEQ_ID, 'en', 'Search', '402CD339-D0E4-46CE-8FC2-12A4B0E17226' FROM CD_VRSN_TBL WHERE CD_ID = '87964bff-e442-481d-9749-69b2a84a1fbe' AND OBSLT_UTC IS NULL;

INSERT INTO CD_SYS_TBL (CS_ID, DOMAIN, OID, CRT_USR_ID, URL)  VALUES ('0c4d091e-8701-4953-b16d-b8ca8e85de46','PostalAddressUse','2.16.840.1.113883.5.1012','fadca076-3690-4a6e-af9e-f1cd68e8c7e8','http://openiz.org/conceptset/v3-PostalAddressUse');

INSERT INTO CD_TBL VALUES('493c3e9d-4f65-4e4d-9582-c9008f4f2eb4',TRUE);
INSERT INTO CD_VRSN_TBL (CD_ID, STS_CD_ID, CRT_USR_ID, MNEMONIC, CLS_ID) VALUES ('493c3e9d-4f65-4e4d-9582-c9008f4f2eb4', 'c8064cbd-fa06-4530-b430-1a52f1530c27', 'fadca076-3690-4a6e-af9e-f1cd68e8c7e8', 'HomeAddress', '0d6b3439-c9be-4480-af39-eeb457c052d0');
INSERT INTO REF_TERM_TBL(REF_TERM_ID, CS_ID, MNEMONIC, CRT_USR_ID)  VALUES('2ec2061f-64d6-47db-a319-1b68f126a866', '0c4d091e-8701-4953-b16d-b8ca8e85de46', 'H', 'fadca076-3690-4a6e-af9e-f1cd68e8c7e8');
INSERT INTO CD_REF_TERM_ASSOC_TBL(REF_TERM_ID, CD_ID, EFFT_VRSN_SEQ_ID, REL_TYP_ID) SELECT '2ec2061f-64d6-47db-a319-1b68f126a866', '493c3e9d-4f65-4e4d-9582-c9008f4f2eb4', VRSN_SEQ_ID, '2c4dafc2-566a-41ae-9ebc-3097d7d22f4a' FROM CD_VRSN_TBL WHERE CD_ID = '493c3e9d-4f65-4e4d-9582-c9008f4f2eb4' AND OBSLT_UTC IS NULL;
INSERT INTO REF_TERM_NAME_TBL(REF_TERM_ID, LANG_CS, TERM_NAME, CRT_USR_ID, PHON_ALG_ID) VALUES('2ec2061f-64d6-47db-a319-1b68f126a866', 'en', 'HomeAddress', 'fadca076-3690-4a6e-af9e-f1cd68e8c7e8', '402CD339-D0E4-46CE-8FC2-12A4B0E17226');
INSERT INTO CD_NAME_TBL(CD_ID, EFFT_VRSN_SEQ_ID, LANG_CS, VAL, PHON_ALG_ID) SELECT '493c3e9d-4f65-4e4d-9582-c9008f4f2eb4', VRSN_SEQ_ID, 'en', 'HomeAddress', '402CD339-D0E4-46CE-8FC2-12A4B0E17226' FROM CD_VRSN_TBL WHERE CD_ID = '493c3e9d-4f65-4e4d-9582-c9008f4f2eb4' AND OBSLT_UTC IS NULL;
INSERT INTO CD_TBL VALUES('c4faafd8-fc90-4330-8b4b-e4e64c86b87b',TRUE);
INSERT INTO CD_VRSN_TBL (CD_ID, STS_CD_ID, CRT_USR_ID, MNEMONIC, CLS_ID) VALUES ('c4faafd8-fc90-4330-8b4b-e4e64c86b87b', 'c8064cbd-fa06-4530-b430-1a52f1530c27', 'fadca076-3690-4a6e-af9e-f1cd68e8c7e8', 'PrimaryHome', '0d6b3439-c9be-4480-af39-eeb457c052d0');
INSERT INTO REF_TERM_TBL(REF_TERM_ID, CS_ID, MNEMONIC, CRT_USR_ID)  VALUES('c0f74c6a-d012-4a6c-946a-a6c032388f16', '0c4d091e-8701-4953-b16d-b8ca8e85de46', 'HP', 'fadca076-3690-4a6e-af9e-f1cd68e8c7e8');
INSERT INTO CD_REF_TERM_ASSOC_TBL(REF_TERM_ID, CD_ID, EFFT_VRSN_SEQ_ID, REL_TYP_ID) SELECT 'c0f74c6a-d012-4a6c-946a-a6c032388f16', 'c4faafd8-fc90-4330-8b4b-e4e64c86b87b', VRSN_SEQ_ID, '2c4dafc2-566a-41ae-9ebc-3097d7d22f4a' FROM CD_VRSN_TBL WHERE CD_ID = 'c4faafd8-fc90-4330-8b4b-e4e64c86b87b' AND OBSLT_UTC IS NULL;
INSERT INTO REF_TERM_NAME_TBL(REF_TERM_ID, LANG_CS, TERM_NAME, CRT_USR_ID, PHON_ALG_ID) VALUES('c0f74c6a-d012-4a6c-946a-a6c032388f16', 'en', 'PrimaryHome', 'fadca076-3690-4a6e-af9e-f1cd68e8c7e8', '402CD339-D0E4-46CE-8FC2-12A4B0E17226');
INSERT INTO CD_NAME_TBL(CD_ID, EFFT_VRSN_SEQ_ID, LANG_CS, VAL, PHON_ALG_ID) SELECT 'c4faafd8-fc90-4330-8b4b-e4e64c86b87b', VRSN_SEQ_ID, 'en', 'PrimaryHome', '402CD339-D0E4-46CE-8FC2-12A4B0E17226' FROM CD_VRSN_TBL WHERE CD_ID = 'c4faafd8-fc90-4330-8b4b-e4e64c86b87b' AND OBSLT_UTC IS NULL;
INSERT INTO CD_TBL VALUES('5d69534c-4597-4d11-bb98-56a9918f5238',TRUE);
INSERT INTO CD_VRSN_TBL (CD_ID, STS_CD_ID, CRT_USR_ID, MNEMONIC, CLS_ID) VALUES ('5d69534c-4597-4d11-bb98-56a9918f5238', 'c8064cbd-fa06-4530-b430-1a52f1530c27', 'fadca076-3690-4a6e-af9e-f1cd68e8c7e8', 'VacationHome', '0d6b3439-c9be-4480-af39-eeb457c052d0');
INSERT INTO REF_TERM_TBL(REF_TERM_ID, CS_ID, MNEMONIC, CRT_USR_ID)  VALUES('2724e1e6-edc0-4801-a321-20b6a18bd8e1', '0c4d091e-8701-4953-b16d-b8ca8e85de46', 'HV', 'fadca076-3690-4a6e-af9e-f1cd68e8c7e8');
INSERT INTO CD_REF_TERM_ASSOC_TBL(REF_TERM_ID, CD_ID, EFFT_VRSN_SEQ_ID, REL_TYP_ID) SELECT '2724e1e6-edc0-4801-a321-20b6a18bd8e1', '5d69534c-4597-4d11-bb98-56a9918f5238', VRSN_SEQ_ID, '2c4dafc2-566a-41ae-9ebc-3097d7d22f4a' FROM CD_VRSN_TBL WHERE CD_ID = '5d69534c-4597-4d11-bb98-56a9918f5238' AND OBSLT_UTC IS NULL;
INSERT INTO REF_TERM_NAME_TBL(REF_TERM_ID, LANG_CS, TERM_NAME, CRT_USR_ID, PHON_ALG_ID) VALUES('2724e1e6-edc0-4801-a321-20b6a18bd8e1', 'en', 'VacationHome', 'fadca076-3690-4a6e-af9e-f1cd68e8c7e8', '402CD339-D0E4-46CE-8FC2-12A4B0E17226');
INSERT INTO CD_NAME_TBL(CD_ID, EFFT_VRSN_SEQ_ID, LANG_CS, VAL, PHON_ALG_ID) SELECT '5d69534c-4597-4d11-bb98-56a9918f5238', VRSN_SEQ_ID, 'en', 'VacationHome', '402CD339-D0E4-46CE-8FC2-12A4B0E17226' FROM CD_VRSN_TBL WHERE CD_ID = '5d69534c-4597-4d11-bb98-56a9918f5238' AND OBSLT_UTC IS NULL;
INSERT INTO CD_TBL VALUES('eaa6f08e-bb8e-4457-9dc0-3a1555fadf5c',TRUE);
INSERT INTO CD_VRSN_TBL (CD_ID, STS_CD_ID, CRT_USR_ID, MNEMONIC, CLS_ID) VALUES ('eaa6f08e-bb8e-4457-9dc0-3a1555fadf5c', 'c8064cbd-fa06-4530-b430-1a52f1530c27', 'fadca076-3690-4a6e-af9e-f1cd68e8c7e8', 'WorkPlace', '0d6b3439-c9be-4480-af39-eeb457c052d0');
INSERT INTO REF_TERM_TBL(REF_TERM_ID, CS_ID, MNEMONIC, CRT_USR_ID)  VALUES('3c764602-ad5d-49e1-b919-d0f369226051', '0c4d091e-8701-4953-b16d-b8ca8e85de46', 'WP', 'fadca076-3690-4a6e-af9e-f1cd68e8c7e8');
INSERT INTO CD_REF_TERM_ASSOC_TBL(REF_TERM_ID, CD_ID, EFFT_VRSN_SEQ_ID, REL_TYP_ID) SELECT '3c764602-ad5d-49e1-b919-d0f369226051', 'eaa6f08e-bb8e-4457-9dc0-3a1555fadf5c', VRSN_SEQ_ID, '2c4dafc2-566a-41ae-9ebc-3097d7d22f4a' FROM CD_VRSN_TBL WHERE CD_ID = 'eaa6f08e-bb8e-4457-9dc0-3a1555fadf5c' AND OBSLT_UTC IS NULL;
INSERT INTO REF_TERM_NAME_TBL(REF_TERM_ID, LANG_CS, TERM_NAME, CRT_USR_ID, PHON_ALG_ID) VALUES('3c764602-ad5d-49e1-b919-d0f369226051', 'en', 'WorkPlace', 'fadca076-3690-4a6e-af9e-f1cd68e8c7e8', '402CD339-D0E4-46CE-8FC2-12A4B0E17226');
INSERT INTO CD_NAME_TBL(CD_ID, EFFT_VRSN_SEQ_ID, LANG_CS, VAL, PHON_ALG_ID) SELECT 'eaa6f08e-bb8e-4457-9dc0-3a1555fadf5c', VRSN_SEQ_ID, 'en', 'WorkPlace', '402CD339-D0E4-46CE-8FC2-12A4B0E17226' FROM CD_VRSN_TBL WHERE CD_ID = 'eaa6f08e-bb8e-4457-9dc0-3a1555fadf5c' AND OBSLT_UTC IS NULL;
INSERT INTO CD_TBL VALUES('d0db6edb-6cdc-4671-8bc2-00f1c808e188',TRUE);
INSERT INTO CD_VRSN_TBL (CD_ID, STS_CD_ID, CRT_USR_ID, MNEMONIC, CLS_ID) VALUES ('d0db6edb-6cdc-4671-8bc2-00f1c808e188', 'c8064cbd-fa06-4530-b430-1a52f1530c27', 'fadca076-3690-4a6e-af9e-f1cd68e8c7e8', 'Direct', '0d6b3439-c9be-4480-af39-eeb457c052d0');
INSERT INTO REF_TERM_TBL(REF_TERM_ID, CS_ID, MNEMONIC, CRT_USR_ID)  VALUES('5a8c4e15-348b-4d0d-b71a-b49c0cc26680', '0c4d091e-8701-4953-b16d-b8ca8e85de46', 'DIR', 'fadca076-3690-4a6e-af9e-f1cd68e8c7e8');
INSERT INTO CD_REF_TERM_ASSOC_TBL(REF_TERM_ID, CD_ID, EFFT_VRSN_SEQ_ID, REL_TYP_ID) SELECT '5a8c4e15-348b-4d0d-b71a-b49c0cc26680', 'd0db6edb-6cdc-4671-8bc2-00f1c808e188', VRSN_SEQ_ID, '2c4dafc2-566a-41ae-9ebc-3097d7d22f4a' FROM CD_VRSN_TBL WHERE CD_ID = 'd0db6edb-6cdc-4671-8bc2-00f1c808e188' AND OBSLT_UTC IS NULL;
INSERT INTO REF_TERM_NAME_TBL(REF_TERM_ID, LANG_CS, TERM_NAME, CRT_USR_ID, PHON_ALG_ID) VALUES('5a8c4e15-348b-4d0d-b71a-b49c0cc26680', 'en', 'Direct', 'fadca076-3690-4a6e-af9e-f1cd68e8c7e8', '402CD339-D0E4-46CE-8FC2-12A4B0E17226');
INSERT INTO CD_NAME_TBL(CD_ID, EFFT_VRSN_SEQ_ID, LANG_CS, VAL, PHON_ALG_ID) SELECT 'd0db6edb-6cdc-4671-8bc2-00f1c808e188', VRSN_SEQ_ID, 'en', 'Direct', '402CD339-D0E4-46CE-8FC2-12A4B0E17226' FROM CD_VRSN_TBL WHERE CD_ID = 'd0db6edb-6cdc-4671-8bc2-00f1c808e188' AND OBSLT_UTC IS NULL;
INSERT INTO CD_TBL VALUES('ec35ea7c-55d2-4619-a56b-f7a986412f7f',TRUE);
INSERT INTO CD_VRSN_TBL (CD_ID, STS_CD_ID, CRT_USR_ID, MNEMONIC, CLS_ID) VALUES ('ec35ea7c-55d2-4619-a56b-f7a986412f7f', 'c8064cbd-fa06-4530-b430-1a52f1530c27', 'fadca076-3690-4a6e-af9e-f1cd68e8c7e8', 'Public', '0d6b3439-c9be-4480-af39-eeb457c052d0');
INSERT INTO REF_TERM_TBL(REF_TERM_ID, CS_ID, MNEMONIC, CRT_USR_ID)  VALUES('30c4cd73-e808-465c-87fb-812f0428efac', '0c4d091e-8701-4953-b16d-b8ca8e85de46', 'PUB', 'fadca076-3690-4a6e-af9e-f1cd68e8c7e8');
INSERT INTO CD_REF_TERM_ASSOC_TBL(REF_TERM_ID, CD_ID, EFFT_VRSN_SEQ_ID, REL_TYP_ID) SELECT '30c4cd73-e808-465c-87fb-812f0428efac', 'ec35ea7c-55d2-4619-a56b-f7a986412f7f', VRSN_SEQ_ID, '2c4dafc2-566a-41ae-9ebc-3097d7d22f4a' FROM CD_VRSN_TBL WHERE CD_ID = 'ec35ea7c-55d2-4619-a56b-f7a986412f7f' AND OBSLT_UTC IS NULL;
INSERT INTO REF_TERM_NAME_TBL(REF_TERM_ID, LANG_CS, TERM_NAME, CRT_USR_ID, PHON_ALG_ID) VALUES('30c4cd73-e808-465c-87fb-812f0428efac', 'en', 'Public', 'fadca076-3690-4a6e-af9e-f1cd68e8c7e8', '402CD339-D0E4-46CE-8FC2-12A4B0E17226');
INSERT INTO CD_NAME_TBL(CD_ID, EFFT_VRSN_SEQ_ID, LANG_CS, VAL, PHON_ALG_ID) SELECT 'ec35ea7c-55d2-4619-a56b-f7a986412f7f', VRSN_SEQ_ID, 'en', 'Public', '402CD339-D0E4-46CE-8FC2-12A4B0E17226' FROM CD_VRSN_TBL WHERE CD_ID = 'ec35ea7c-55d2-4619-a56b-f7a986412f7f' AND OBSLT_UTC IS NULL;
INSERT INTO CD_TBL VALUES('f3132fc0-aadd-40b7-b875-961c40695389',TRUE);
INSERT INTO CD_VRSN_TBL (CD_ID, STS_CD_ID, CRT_USR_ID, MNEMONIC, CLS_ID) VALUES ('f3132fc0-aadd-40b7-b875-961c40695389', 'c8064cbd-fa06-4530-b430-1a52f1530c27', 'fadca076-3690-4a6e-af9e-f1cd68e8c7e8', 'BadAddress', '0d6b3439-c9be-4480-af39-eeb457c052d0');
INSERT INTO REF_TERM_TBL(REF_TERM_ID, CS_ID, MNEMONIC, CRT_USR_ID)  VALUES('5d13cef8-403a-41c3-a274-0c2c0eead23e', '0c4d091e-8701-4953-b16d-b8ca8e85de46', 'BAD', 'fadca076-3690-4a6e-af9e-f1cd68e8c7e8');
INSERT INTO CD_REF_TERM_ASSOC_TBL(REF_TERM_ID, CD_ID, EFFT_VRSN_SEQ_ID, REL_TYP_ID) SELECT '5d13cef8-403a-41c3-a274-0c2c0eead23e', 'f3132fc0-aadd-40b7-b875-961c40695389', VRSN_SEQ_ID, '2c4dafc2-566a-41ae-9ebc-3097d7d22f4a' FROM CD_VRSN_TBL WHERE CD_ID = 'f3132fc0-aadd-40b7-b875-961c40695389' AND OBSLT_UTC IS NULL;
INSERT INTO REF_TERM_NAME_TBL(REF_TERM_ID, LANG_CS, TERM_NAME, CRT_USR_ID, PHON_ALG_ID) VALUES('5d13cef8-403a-41c3-a274-0c2c0eead23e', 'en', 'BadAddress', 'fadca076-3690-4a6e-af9e-f1cd68e8c7e8', '402CD339-D0E4-46CE-8FC2-12A4B0E17226');
INSERT INTO CD_NAME_TBL(CD_ID, EFFT_VRSN_SEQ_ID, LANG_CS, VAL, PHON_ALG_ID) SELECT 'f3132fc0-aadd-40b7-b875-961c40695389', VRSN_SEQ_ID, 'en', 'BadAddress', '402CD339-D0E4-46CE-8FC2-12A4B0E17226' FROM CD_VRSN_TBL WHERE CD_ID = 'f3132fc0-aadd-40b7-b875-961c40695389' AND OBSLT_UTC IS NULL;
INSERT INTO CD_TBL VALUES('5724a9b6-24b6-43b7-8075-7a0d61fcb814',TRUE);
INSERT INTO CD_VRSN_TBL (CD_ID, STS_CD_ID, CRT_USR_ID, MNEMONIC, CLS_ID) VALUES ('5724a9b6-24b6-43b7-8075-7a0d61fcb814', 'c8064cbd-fa06-4530-b430-1a52f1530c27', 'fadca076-3690-4a6e-af9e-f1cd68e8c7e8', 'PhysicalVisit', '0d6b3439-c9be-4480-af39-eeb457c052d0');
INSERT INTO REF_TERM_TBL(REF_TERM_ID, CS_ID, MNEMONIC, CRT_USR_ID)  VALUES('4c3cbe50-f4e0-49f5-af08-4420998cf6ea', '0c4d091e-8701-4953-b16d-b8ca8e85de46', 'PHYS', 'fadca076-3690-4a6e-af9e-f1cd68e8c7e8');
INSERT INTO CD_REF_TERM_ASSOC_TBL(REF_TERM_ID, CD_ID, EFFT_VRSN_SEQ_ID, REL_TYP_ID) SELECT '4c3cbe50-f4e0-49f5-af08-4420998cf6ea', '5724a9b6-24b6-43b7-8075-7a0d61fcb814', VRSN_SEQ_ID, '2c4dafc2-566a-41ae-9ebc-3097d7d22f4a' FROM CD_VRSN_TBL WHERE CD_ID = '5724a9b6-24b6-43b7-8075-7a0d61fcb814' AND OBSLT_UTC IS NULL;
INSERT INTO REF_TERM_NAME_TBL(REF_TERM_ID, LANG_CS, TERM_NAME, CRT_USR_ID, PHON_ALG_ID) VALUES('4c3cbe50-f4e0-49f5-af08-4420998cf6ea', 'en', 'PhysicalVisit', 'fadca076-3690-4a6e-af9e-f1cd68e8c7e8', '402CD339-D0E4-46CE-8FC2-12A4B0E17226');
INSERT INTO CD_NAME_TBL(CD_ID, EFFT_VRSN_SEQ_ID, LANG_CS, VAL, PHON_ALG_ID) SELECT '5724a9b6-24b6-43b7-8075-7a0d61fcb814', VRSN_SEQ_ID, 'en', 'PhysicalVisit', '402CD339-D0E4-46CE-8FC2-12A4B0E17226' FROM CD_VRSN_TBL WHERE CD_ID = '5724a9b6-24b6-43b7-8075-7a0d61fcb814' AND OBSLT_UTC IS NULL;
INSERT INTO CD_TBL VALUES('7246e98d-20c6-4ae6-85ad-4aa09649feb7',TRUE);
INSERT INTO CD_VRSN_TBL (CD_ID, STS_CD_ID, CRT_USR_ID, MNEMONIC, CLS_ID) VALUES ('7246e98d-20c6-4ae6-85ad-4aa09649feb7', 'c8064cbd-fa06-4530-b430-1a52f1530c27', 'fadca076-3690-4a6e-af9e-f1cd68e8c7e8', 'PostalAddress', '0d6b3439-c9be-4480-af39-eeb457c052d0');
INSERT INTO REF_TERM_TBL(REF_TERM_ID, CS_ID, MNEMONIC, CRT_USR_ID)  VALUES('ced1b8ea-72f9-4fbc-a372-b3535d00f449', '0c4d091e-8701-4953-b16d-b8ca8e85de46', 'PST', 'fadca076-3690-4a6e-af9e-f1cd68e8c7e8');
INSERT INTO CD_REF_TERM_ASSOC_TBL(REF_TERM_ID, CD_ID, EFFT_VRSN_SEQ_ID, REL_TYP_ID) SELECT 'ced1b8ea-72f9-4fbc-a372-b3535d00f449', '7246e98d-20c6-4ae6-85ad-4aa09649feb7', VRSN_SEQ_ID, '2c4dafc2-566a-41ae-9ebc-3097d7d22f4a' FROM CD_VRSN_TBL WHERE CD_ID = '7246e98d-20c6-4ae6-85ad-4aa09649feb7' AND OBSLT_UTC IS NULL;
INSERT INTO REF_TERM_NAME_TBL(REF_TERM_ID, LANG_CS, TERM_NAME, CRT_USR_ID, PHON_ALG_ID) VALUES('ced1b8ea-72f9-4fbc-a372-b3535d00f449', 'en', 'PostalAddress', 'fadca076-3690-4a6e-af9e-f1cd68e8c7e8', '402CD339-D0E4-46CE-8FC2-12A4B0E17226');
INSERT INTO CD_NAME_TBL(CD_ID, EFFT_VRSN_SEQ_ID, LANG_CS, VAL, PHON_ALG_ID) SELECT '7246e98d-20c6-4ae6-85ad-4aa09649feb7', VRSN_SEQ_ID, 'en', 'PostalAddress', '402CD339-D0E4-46CE-8FC2-12A4B0E17226' FROM CD_VRSN_TBL WHERE CD_ID = '7246e98d-20c6-4ae6-85ad-4aa09649feb7' AND OBSLT_UTC IS NULL;
INSERT INTO CD_TBL VALUES('cef6ea31-a097-4f59-8723-a38c727c6597',TRUE);
INSERT INTO CD_VRSN_TBL (CD_ID, STS_CD_ID, CRT_USR_ID, MNEMONIC, CLS_ID) VALUES ('cef6ea31-a097-4f59-8723-a38c727c6597', 'c8064cbd-fa06-4530-b430-1a52f1530c27', 'fadca076-3690-4a6e-af9e-f1cd68e8c7e8', 'TemporaryAddress', '0d6b3439-c9be-4480-af39-eeb457c052d0');
INSERT INTO REF_TERM_TBL(REF_TERM_ID, CS_ID, MNEMONIC, CRT_USR_ID)  VALUES('ac7da8f9-7830-483c-adc0-b6f6836c88a0', '0c4d091e-8701-4953-b16d-b8ca8e85de46', 'TMP', 'fadca076-3690-4a6e-af9e-f1cd68e8c7e8');
INSERT INTO CD_REF_TERM_ASSOC_TBL(REF_TERM_ID, CD_ID, EFFT_VRSN_SEQ_ID, REL_TYP_ID) SELECT 'ac7da8f9-7830-483c-adc0-b6f6836c88a0', 'cef6ea31-a097-4f59-8723-a38c727c6597', VRSN_SEQ_ID, '2c4dafc2-566a-41ae-9ebc-3097d7d22f4a' FROM CD_VRSN_TBL WHERE CD_ID = 'cef6ea31-a097-4f59-8723-a38c727c6597' AND OBSLT_UTC IS NULL;
INSERT INTO REF_TERM_NAME_TBL(REF_TERM_ID, LANG_CS, TERM_NAME, CRT_USR_ID, PHON_ALG_ID) VALUES('ac7da8f9-7830-483c-adc0-b6f6836c88a0', 'en', 'TemporaryAddress', 'fadca076-3690-4a6e-af9e-f1cd68e8c7e8', '402CD339-D0E4-46CE-8FC2-12A4B0E17226');
INSERT INTO CD_NAME_TBL(CD_ID, EFFT_VRSN_SEQ_ID, LANG_CS, VAL, PHON_ALG_ID) SELECT 'cef6ea31-a097-4f59-8723-a38c727c6597', VRSN_SEQ_ID, 'en', 'TemporaryAddress', '402CD339-D0E4-46CE-8FC2-12A4B0E17226' FROM CD_VRSN_TBL WHERE CD_ID = 'cef6ea31-a097-4f59-8723-a38c727c6597' AND OBSLT_UTC IS NULL;
INSERT INTO REF_TERM_TBL(REF_TERM_ID, CS_ID, MNEMONIC, CRT_USR_ID)  VALUES('649d73dc-8bcd-46b3-99ef-238deb53a32e', '0c4d091e-8701-4953-b16d-b8ca8e85de46', 'ABC', 'fadca076-3690-4a6e-af9e-f1cd68e8c7e8');
INSERT INTO CD_REF_TERM_ASSOC_TBL(REF_TERM_ID, CD_ID, EFFT_VRSN_SEQ_ID, REL_TYP_ID) SELECT '649d73dc-8bcd-46b3-99ef-238deb53a32e', '71D1C07C-6EE6-4240-8A95-19F96583512E', VRSN_SEQ_ID, '2c4dafc2-566a-41ae-9ebc-3097d7d22f4a' FROM CD_VRSN_TBL WHERE CD_ID = '71D1C07C-6EE6-4240-8A95-19F96583512E' AND OBSLT_UTC IS NULL;
INSERT INTO REF_TERM_NAME_TBL(REF_TERM_ID, LANG_CS, TERM_NAME, CRT_USR_ID, PHON_ALG_ID) VALUES('649d73dc-8bcd-46b3-99ef-238deb53a32e', 'en', 'Alphabetic', 'fadca076-3690-4a6e-af9e-f1cd68e8c7e8', '402CD339-D0E4-46CE-8FC2-12A4B0E17226');
INSERT INTO REF_TERM_TBL(REF_TERM_ID, CS_ID, MNEMONIC, CRT_USR_ID)  VALUES('3c870b22-0359-44eb-aceb-48429bfb22fd', '0c4d091e-8701-4953-b16d-b8ca8e85de46', 'IDE', 'fadca076-3690-4a6e-af9e-f1cd68e8c7e8');
INSERT INTO CD_REF_TERM_ASSOC_TBL(REF_TERM_ID, CD_ID, EFFT_VRSN_SEQ_ID, REL_TYP_ID) SELECT '3c870b22-0359-44eb-aceb-48429bfb22fd', '09000479-4672-44F8-BB4A-72FB25F7356A', VRSN_SEQ_ID, '2c4dafc2-566a-41ae-9ebc-3097d7d22f4a' FROM CD_VRSN_TBL WHERE CD_ID = '09000479-4672-44F8-BB4A-72FB25F7356A' AND OBSLT_UTC IS NULL;
INSERT INTO REF_TERM_NAME_TBL(REF_TERM_ID, LANG_CS, TERM_NAME, CRT_USR_ID, PHON_ALG_ID) VALUES('3c870b22-0359-44eb-aceb-48429bfb22fd', 'en', 'Ideographic', 'fadca076-3690-4a6e-af9e-f1cd68e8c7e8', '402CD339-D0E4-46CE-8FC2-12A4B0E17226');
INSERT INTO CD_NAME_TBL(CD_ID, EFFT_VRSN_SEQ_ID, LANG_CS, VAL, PHON_ALG_ID) SELECT '09000479-4672-44F8-BB4A-72FB25F7356A', VRSN_SEQ_ID, 'en', 'Ideographic', '402CD339-D0E4-46CE-8FC2-12A4B0E17226' FROM CD_VRSN_TBL WHERE CD_ID = '09000479-4672-44F8-BB4A-72FB25F7356A' AND OBSLT_UTC IS NULL;
INSERT INTO REF_TERM_TBL(REF_TERM_ID, CS_ID, MNEMONIC, CRT_USR_ID)  VALUES('4a55ce8a-b854-4061-bf5c-b0e830c9ae50', '0c4d091e-8701-4953-b16d-b8ca8e85de46', 'SYL', 'fadca076-3690-4a6e-af9e-f1cd68e8c7e8');
INSERT INTO CD_REF_TERM_ASSOC_TBL(REF_TERM_ID, CD_ID, EFFT_VRSN_SEQ_ID, REL_TYP_ID) SELECT '4a55ce8a-b854-4061-bf5c-b0e830c9ae50', 'B4CA3BF0-A7FC-44F3-87D5-E126BEDA93FF', VRSN_SEQ_ID, '2c4dafc2-566a-41ae-9ebc-3097d7d22f4a' FROM CD_VRSN_TBL WHERE CD_ID = 'B4CA3BF0-A7FC-44F3-87D5-E126BEDA93FF' AND OBSLT_UTC IS NULL;
INSERT INTO REF_TERM_NAME_TBL(REF_TERM_ID, LANG_CS, TERM_NAME, CRT_USR_ID, PHON_ALG_ID) VALUES('4a55ce8a-b854-4061-bf5c-b0e830c9ae50', 'en', 'Syllabic', 'fadca076-3690-4a6e-af9e-f1cd68e8c7e8', '402CD339-D0E4-46CE-8FC2-12A4B0E17226');
INSERT INTO CD_NAME_TBL(CD_ID, EFFT_VRSN_SEQ_ID, LANG_CS, VAL, PHON_ALG_ID) SELECT 'B4CA3BF0-A7FC-44F3-87D5-E126BEDA93FF', VRSN_SEQ_ID, 'en', 'Syllabic', '402CD339-D0E4-46CE-8FC2-12A4B0E17226' FROM CD_VRSN_TBL WHERE CD_ID = 'B4CA3BF0-A7FC-44F3-87D5-E126BEDA93FF' AND OBSLT_UTC IS NULL;
INSERT INTO REF_TERM_TBL(REF_TERM_ID, CS_ID, MNEMONIC, CRT_USR_ID)  VALUES('e3298844-5739-4c5b-bb17-0447b7233ab1', '0c4d091e-8701-4953-b16d-b8ca8e85de46', 'SNDX', 'fadca076-3690-4a6e-af9e-f1cd68e8c7e8');
INSERT INTO CD_REF_TERM_ASSOC_TBL(REF_TERM_ID, CD_ID, EFFT_VRSN_SEQ_ID, REL_TYP_ID) SELECT 'e3298844-5739-4c5b-bb17-0447b7233ab1', 'E5794E3B-3025-436F-9417-5886FEEAD55A', VRSN_SEQ_ID, '2c4dafc2-566a-41ae-9ebc-3097d7d22f4a' FROM CD_VRSN_TBL WHERE CD_ID = 'E5794E3B-3025-436F-9417-5886FEEAD55A' AND OBSLT_UTC IS NULL;
INSERT INTO REF_TERM_NAME_TBL(REF_TERM_ID, LANG_CS, TERM_NAME, CRT_USR_ID, PHON_ALG_ID) VALUES('e3298844-5739-4c5b-bb17-0447b7233ab1', 'en', 'Soundex', 'fadca076-3690-4a6e-af9e-f1cd68e8c7e8', '402CD339-D0E4-46CE-8FC2-12A4B0E17226');
INSERT INTO CD_NAME_TBL(CD_ID, EFFT_VRSN_SEQ_ID, LANG_CS, VAL, PHON_ALG_ID) SELECT 'E5794E3B-3025-436F-9417-5886FEEAD55A', VRSN_SEQ_ID, 'en', 'Soundex', '402CD339-D0E4-46CE-8FC2-12A4B0E17226' FROM CD_VRSN_TBL WHERE CD_ID = 'E5794E3B-3025-436F-9417-5886FEEAD55A' AND OBSLT_UTC IS NULL;
INSERT INTO REF_TERM_TBL(REF_TERM_ID, CS_ID, MNEMONIC, CRT_USR_ID)  VALUES('38a893ed-9898-4a69-817e-b23cd14ff430', '0c4d091e-8701-4953-b16d-b8ca8e85de46', 'PHON', 'fadca076-3690-4a6e-af9e-f1cd68e8c7e8');
INSERT INTO CD_REF_TERM_ASSOC_TBL(REF_TERM_ID, CD_ID, EFFT_VRSN_SEQ_ID, REL_TYP_ID) SELECT '38a893ed-9898-4a69-817e-b23cd14ff430', '2B085D38-3308-4664-9F89-48D8EF4DABA7', VRSN_SEQ_ID, '2c4dafc2-566a-41ae-9ebc-3097d7d22f4a' FROM CD_VRSN_TBL WHERE CD_ID = '2B085D38-3308-4664-9F89-48D8EF4DABA7' AND OBSLT_UTC IS NULL;
INSERT INTO REF_TERM_NAME_TBL(REF_TERM_ID, LANG_CS, TERM_NAME, CRT_USR_ID, PHON_ALG_ID) VALUES('38a893ed-9898-4a69-817e-b23cd14ff430', 'en', 'Phonetic', 'fadca076-3690-4a6e-af9e-f1cd68e8c7e8', '402CD339-D0E4-46CE-8FC2-12A4B0E17226');
INSERT INTO CD_NAME_TBL(CD_ID, EFFT_VRSN_SEQ_ID, LANG_CS, VAL, PHON_ALG_ID) SELECT '2B085D38-3308-4664-9F89-48D8EF4DABA7', VRSN_SEQ_ID, 'en', 'Phonetic', '402CD339-D0E4-46CE-8FC2-12A4B0E17226' FROM CD_VRSN_TBL WHERE CD_ID = '2B085D38-3308-4664-9F89-48D8EF4DABA7' AND OBSLT_UTC IS NULL;
INSERT INTO CD_SYS_TBL (CS_ID, DOMAIN, OID, CRT_USR_ID, URL)  VALUES ('6b20d99c-c075-4ccd-a999-8371e7132e7d','EntityNamePartType','2.16.840.1.113883.5.1121','fadca076-3690-4a6e-af9e-f1cd68e8c7e8','http://openiz.org/conceptset/v3-EntityNamePartType');
INSERT INTO CD_TBL VALUES('29b98455-ed61-49f8-a161-2d73363e1df0',TRUE);
INSERT INTO CD_VRSN_TBL (CD_ID, STS_CD_ID, CRT_USR_ID, MNEMONIC, CLS_ID) VALUES ('29b98455-ed61-49f8-a161-2d73363e1df0', 'c8064cbd-fa06-4530-b430-1a52f1530c27', 'fadca076-3690-4a6e-af9e-f1cd68e8c7e8', 'Family', '0d6b3439-c9be-4480-af39-eeb457c052d0');
INSERT INTO REF_TERM_TBL(REF_TERM_ID, CS_ID, MNEMONIC, CRT_USR_ID)  VALUES('84bf1a1c-88ca-4478-a04a-69715d76e8a5', '6b20d99c-c075-4ccd-a999-8371e7132e7d', 'FAM', 'fadca076-3690-4a6e-af9e-f1cd68e8c7e8');
INSERT INTO CD_REF_TERM_ASSOC_TBL(REF_TERM_ID, CD_ID, EFFT_VRSN_SEQ_ID, REL_TYP_ID) SELECT '84bf1a1c-88ca-4478-a04a-69715d76e8a5', '29b98455-ed61-49f8-a161-2d73363e1df0', VRSN_SEQ_ID, '2c4dafc2-566a-41ae-9ebc-3097d7d22f4a' FROM CD_VRSN_TBL WHERE CD_ID = '29b98455-ed61-49f8-a161-2d73363e1df0' AND OBSLT_UTC IS NULL;
INSERT INTO REF_TERM_NAME_TBL(REF_TERM_ID, LANG_CS, TERM_NAME, CRT_USR_ID, PHON_ALG_ID) VALUES('84bf1a1c-88ca-4478-a04a-69715d76e8a5', 'en', 'Family', 'fadca076-3690-4a6e-af9e-f1cd68e8c7e8', '402CD339-D0E4-46CE-8FC2-12A4B0E17226');
INSERT INTO CD_NAME_TBL(CD_ID, EFFT_VRSN_SEQ_ID, LANG_CS, VAL, PHON_ALG_ID) SELECT '29b98455-ed61-49f8-a161-2d73363e1df0', VRSN_SEQ_ID, 'en', 'Family', '402CD339-D0E4-46CE-8FC2-12A4B0E17226' FROM CD_VRSN_TBL WHERE CD_ID = '29b98455-ed61-49f8-a161-2d73363e1df0' AND OBSLT_UTC IS NULL;
INSERT INTO CD_TBL VALUES('2f64bde2-a696-4b0a-9690-b21ebd7e5092',TRUE);
INSERT INTO CD_VRSN_TBL (CD_ID, STS_CD_ID, CRT_USR_ID, MNEMONIC, CLS_ID) VALUES ('2f64bde2-a696-4b0a-9690-b21ebd7e5092', 'c8064cbd-fa06-4530-b430-1a52f1530c27', 'fadca076-3690-4a6e-af9e-f1cd68e8c7e8', 'Given', '0d6b3439-c9be-4480-af39-eeb457c052d0');
INSERT INTO REF_TERM_TBL(REF_TERM_ID, CS_ID, MNEMONIC, CRT_USR_ID)  VALUES('252ce55c-9983-4bf9-9b33-6b6a4d928094', '6b20d99c-c075-4ccd-a999-8371e7132e7d', 'GIV', 'fadca076-3690-4a6e-af9e-f1cd68e8c7e8');
INSERT INTO CD_REF_TERM_ASSOC_TBL(REF_TERM_ID, CD_ID, EFFT_VRSN_SEQ_ID, REL_TYP_ID) SELECT '252ce55c-9983-4bf9-9b33-6b6a4d928094', '2f64bde2-a696-4b0a-9690-b21ebd7e5092', VRSN_SEQ_ID, '2c4dafc2-566a-41ae-9ebc-3097d7d22f4a' FROM CD_VRSN_TBL WHERE CD_ID = '2f64bde2-a696-4b0a-9690-b21ebd7e5092' AND OBSLT_UTC IS NULL;
INSERT INTO REF_TERM_NAME_TBL(REF_TERM_ID, LANG_CS, TERM_NAME, CRT_USR_ID, PHON_ALG_ID) VALUES('252ce55c-9983-4bf9-9b33-6b6a4d928094', 'en', 'Given', 'fadca076-3690-4a6e-af9e-f1cd68e8c7e8', '402CD339-D0E4-46CE-8FC2-12A4B0E17226');
INSERT INTO CD_NAME_TBL(CD_ID, EFFT_VRSN_SEQ_ID, LANG_CS, VAL, PHON_ALG_ID) SELECT '2f64bde2-a696-4b0a-9690-b21ebd7e5092', VRSN_SEQ_ID, 'en', 'Given', '402CD339-D0E4-46CE-8FC2-12A4B0E17226' FROM CD_VRSN_TBL WHERE CD_ID = '2f64bde2-a696-4b0a-9690-b21ebd7e5092' AND OBSLT_UTC IS NULL;
INSERT INTO CD_TBL VALUES('a787187b-6be4-401e-8836-97fc000c5d16',TRUE);
INSERT INTO CD_VRSN_TBL (CD_ID, STS_CD_ID, CRT_USR_ID, MNEMONIC, CLS_ID) VALUES ('a787187b-6be4-401e-8836-97fc000c5d16', 'c8064cbd-fa06-4530-b430-1a52f1530c27', 'fadca076-3690-4a6e-af9e-f1cd68e8c7e8', 'Prefix', '0d6b3439-c9be-4480-af39-eeb457c052d0');
INSERT INTO REF_TERM_TBL(REF_TERM_ID, CS_ID, MNEMONIC, CRT_USR_ID)  VALUES('71292db8-e409-4040-af80-081dfdf8b3f1', '6b20d99c-c075-4ccd-a999-8371e7132e7d', 'PFX', 'fadca076-3690-4a6e-af9e-f1cd68e8c7e8');
INSERT INTO CD_REF_TERM_ASSOC_TBL(REF_TERM_ID, CD_ID, EFFT_VRSN_SEQ_ID, REL_TYP_ID) SELECT '71292db8-e409-4040-af80-081dfdf8b3f1', 'a787187b-6be4-401e-8836-97fc000c5d16', VRSN_SEQ_ID, '2c4dafc2-566a-41ae-9ebc-3097d7d22f4a' FROM CD_VRSN_TBL WHERE CD_ID = 'a787187b-6be4-401e-8836-97fc000c5d16' AND OBSLT_UTC IS NULL;
INSERT INTO REF_TERM_NAME_TBL(REF_TERM_ID, LANG_CS, TERM_NAME, CRT_USR_ID, PHON_ALG_ID) VALUES('71292db8-e409-4040-af80-081dfdf8b3f1', 'en', 'Prefix', 'fadca076-3690-4a6e-af9e-f1cd68e8c7e8', '402CD339-D0E4-46CE-8FC2-12A4B0E17226');
INSERT INTO CD_NAME_TBL(CD_ID, EFFT_VRSN_SEQ_ID, LANG_CS, VAL, PHON_ALG_ID) SELECT 'a787187b-6be4-401e-8836-97fc000c5d16', VRSN_SEQ_ID, 'en', 'Prefix', '402CD339-D0E4-46CE-8FC2-12A4B0E17226' FROM CD_VRSN_TBL WHERE CD_ID = 'a787187b-6be4-401e-8836-97fc000c5d16' AND OBSLT_UTC IS NULL;
INSERT INTO CD_TBL VALUES('064523df-bb03-4932-9323-cdf0cc9590ba',TRUE);
INSERT INTO CD_VRSN_TBL (CD_ID, STS_CD_ID, CRT_USR_ID, MNEMONIC, CLS_ID) VALUES ('064523df-bb03-4932-9323-cdf0cc9590ba', 'c8064cbd-fa06-4530-b430-1a52f1530c27', 'fadca076-3690-4a6e-af9e-f1cd68e8c7e8', 'Suffix', '0d6b3439-c9be-4480-af39-eeb457c052d0');
INSERT INTO REF_TERM_TBL(REF_TERM_ID, CS_ID, MNEMONIC, CRT_USR_ID)  VALUES('8e80d277-9b46-4949-bdc1-2adf6cbe8750', '6b20d99c-c075-4ccd-a999-8371e7132e7d', 'SFX', 'fadca076-3690-4a6e-af9e-f1cd68e8c7e8');
INSERT INTO CD_REF_TERM_ASSOC_TBL(REF_TERM_ID, CD_ID, EFFT_VRSN_SEQ_ID, REL_TYP_ID) SELECT '8e80d277-9b46-4949-bdc1-2adf6cbe8750', '064523df-bb03-4932-9323-cdf0cc9590ba', VRSN_SEQ_ID, '2c4dafc2-566a-41ae-9ebc-3097d7d22f4a' FROM CD_VRSN_TBL WHERE CD_ID = '064523df-bb03-4932-9323-cdf0cc9590ba' AND OBSLT_UTC IS NULL;
INSERT INTO REF_TERM_NAME_TBL(REF_TERM_ID, LANG_CS, TERM_NAME, CRT_USR_ID, PHON_ALG_ID) VALUES('8e80d277-9b46-4949-bdc1-2adf6cbe8750', 'en', 'Suffix', 'fadca076-3690-4a6e-af9e-f1cd68e8c7e8', '402CD339-D0E4-46CE-8FC2-12A4B0E17226');
INSERT INTO CD_NAME_TBL(CD_ID, EFFT_VRSN_SEQ_ID, LANG_CS, VAL, PHON_ALG_ID) SELECT '064523df-bb03-4932-9323-cdf0cc9590ba', VRSN_SEQ_ID, 'en', 'Suffix', '402CD339-D0E4-46CE-8FC2-12A4B0E17226' FROM CD_VRSN_TBL WHERE CD_ID = '064523df-bb03-4932-9323-cdf0cc9590ba' AND OBSLT_UTC IS NULL;
INSERT INTO CD_TBL VALUES('4386d92a-d81b-4033-b968-01e57e20d5e0',TRUE);
INSERT INTO CD_VRSN_TBL (CD_ID, STS_CD_ID, CRT_USR_ID, MNEMONIC, CLS_ID) VALUES ('4386d92a-d81b-4033-b968-01e57e20d5e0', 'c8064cbd-fa06-4530-b430-1a52f1530c27', 'fadca076-3690-4a6e-af9e-f1cd68e8c7e8', 'Title', '0d6b3439-c9be-4480-af39-eeb457c052d0');
INSERT INTO REF_TERM_TBL(REF_TERM_ID, CS_ID, MNEMONIC, CRT_USR_ID)  VALUES('12522a68-8aab-46a4-a688-c1185b8580d6', '6b20d99c-c075-4ccd-a999-8371e7132e7d', 'TITLE', 'fadca076-3690-4a6e-af9e-f1cd68e8c7e8');
INSERT INTO CD_REF_TERM_ASSOC_TBL(REF_TERM_ID, CD_ID, EFFT_VRSN_SEQ_ID, REL_TYP_ID) SELECT '12522a68-8aab-46a4-a688-c1185b8580d6', '4386d92a-d81b-4033-b968-01e57e20d5e0', VRSN_SEQ_ID, '2c4dafc2-566a-41ae-9ebc-3097d7d22f4a' FROM CD_VRSN_TBL WHERE CD_ID = '4386d92a-d81b-4033-b968-01e57e20d5e0' AND OBSLT_UTC IS NULL;
INSERT INTO REF_TERM_NAME_TBL(REF_TERM_ID, LANG_CS, TERM_NAME, CRT_USR_ID, PHON_ALG_ID) VALUES('12522a68-8aab-46a4-a688-c1185b8580d6', 'en', 'Title', 'fadca076-3690-4a6e-af9e-f1cd68e8c7e8', '402CD339-D0E4-46CE-8FC2-12A4B0E17226');
INSERT INTO CD_NAME_TBL(CD_ID, EFFT_VRSN_SEQ_ID, LANG_CS, VAL, PHON_ALG_ID) SELECT '4386d92a-d81b-4033-b968-01e57e20d5e0', VRSN_SEQ_ID, 'en', 'Title', '402CD339-D0E4-46CE-8FC2-12A4B0E17226' FROM CD_VRSN_TBL WHERE CD_ID = '4386d92a-d81b-4033-b968-01e57e20d5e0' AND OBSLT_UTC IS NULL;
INSERT INTO CD_TBL VALUES('4c6b9519-a493-44a9-80e6-32d85109b04b',TRUE);
INSERT INTO CD_VRSN_TBL (CD_ID, STS_CD_ID, CRT_USR_ID, MNEMONIC, CLS_ID) VALUES ('4c6b9519-a493-44a9-80e6-32d85109b04b', 'c8064cbd-fa06-4530-b430-1a52f1530c27', 'fadca076-3690-4a6e-af9e-f1cd68e8c7e8', 'Delimiter', '0d6b3439-c9be-4480-af39-eeb457c052d0');
INSERT INTO REF_TERM_TBL(REF_TERM_ID, CS_ID, MNEMONIC, CRT_USR_ID)  VALUES('c0039ec8-5135-4f95-bd36-9460e2709ec8', '6b20d99c-c075-4ccd-a999-8371e7132e7d', 'DEL', 'fadca076-3690-4a6e-af9e-f1cd68e8c7e8');
INSERT INTO CD_REF_TERM_ASSOC_TBL(REF_TERM_ID, CD_ID, EFFT_VRSN_SEQ_ID, REL_TYP_ID) SELECT 'c0039ec8-5135-4f95-bd36-9460e2709ec8', '4c6b9519-a493-44a9-80e6-32d85109b04b', VRSN_SEQ_ID, '2c4dafc2-566a-41ae-9ebc-3097d7d22f4a' FROM CD_VRSN_TBL WHERE CD_ID = '4c6b9519-a493-44a9-80e6-32d85109b04b' AND OBSLT_UTC IS NULL;
INSERT INTO REF_TERM_NAME_TBL(REF_TERM_ID, LANG_CS, TERM_NAME, CRT_USR_ID, PHON_ALG_ID) VALUES('c0039ec8-5135-4f95-bd36-9460e2709ec8', 'en', 'Delimiter', 'fadca076-3690-4a6e-af9e-f1cd68e8c7e8', '402CD339-D0E4-46CE-8FC2-12A4B0E17226');
INSERT INTO CD_NAME_TBL(CD_ID, EFFT_VRSN_SEQ_ID, LANG_CS, VAL, PHON_ALG_ID) SELECT '4c6b9519-a493-44a9-80e6-32d85109b04b', VRSN_SEQ_ID, 'en', 'Delimiter', '402CD339-D0E4-46CE-8FC2-12A4B0E17226' FROM CD_VRSN_TBL WHERE CD_ID = '4c6b9519-a493-44a9-80e6-32d85109b04b' AND OBSLT_UTC IS NULL;
INSERT INTO CD_SYS_TBL (CS_ID, DOMAIN, OID, CRT_USR_ID, URL)  VALUES ('20dad23d-f524-4a93-bd49-780ab3d6fd6e','AddressPartType','2.16.840.1.113883.5.16','fadca076-3690-4a6e-af9e-f1cd68e8c7e8','http://openiz.org/conceptset/v3-AddressPartType');
INSERT INTO CD_TBL VALUES('4f342d28-8850-4daf-8bca-0b44a255f7ed',TRUE);
INSERT INTO CD_VRSN_TBL (CD_ID, STS_CD_ID, CRT_USR_ID, MNEMONIC, CLS_ID) VALUES ('4f342d28-8850-4daf-8bca-0b44a255f7ed', 'c8064cbd-fa06-4530-b430-1a52f1530c27', 'fadca076-3690-4a6e-af9e-f1cd68e8c7e8', 'AddressLine', '0d6b3439-c9be-4480-af39-eeb457c052d0');
INSERT INTO REF_TERM_TBL(REF_TERM_ID, CS_ID, MNEMONIC, CRT_USR_ID)  VALUES('2b6a7d81-90ce-428a-a8fc-1fc596e2805f', '20dad23d-f524-4a93-bd49-780ab3d6fd6e', 'AL', 'fadca076-3690-4a6e-af9e-f1cd68e8c7e8');
INSERT INTO CD_REF_TERM_ASSOC_TBL(REF_TERM_ID, CD_ID, EFFT_VRSN_SEQ_ID, REL_TYP_ID) SELECT '2b6a7d81-90ce-428a-a8fc-1fc596e2805f', '4f342d28-8850-4daf-8bca-0b44a255f7ed', VRSN_SEQ_ID, '2c4dafc2-566a-41ae-9ebc-3097d7d22f4a' FROM CD_VRSN_TBL WHERE CD_ID = '4f342d28-8850-4daf-8bca-0b44a255f7ed' AND OBSLT_UTC IS NULL;
INSERT INTO REF_TERM_NAME_TBL(REF_TERM_ID, LANG_CS, TERM_NAME, CRT_USR_ID, PHON_ALG_ID) VALUES('2b6a7d81-90ce-428a-a8fc-1fc596e2805f', 'en', 'AddressLine', 'fadca076-3690-4a6e-af9e-f1cd68e8c7e8', '402CD339-D0E4-46CE-8FC2-12A4B0E17226');
INSERT INTO CD_NAME_TBL(CD_ID, EFFT_VRSN_SEQ_ID, LANG_CS, VAL, PHON_ALG_ID) SELECT '4f342d28-8850-4daf-8bca-0b44a255f7ed', VRSN_SEQ_ID, 'en', 'AddressLine', '402CD339-D0E4-46CE-8FC2-12A4B0E17226' FROM CD_VRSN_TBL WHERE CD_ID = '4f342d28-8850-4daf-8bca-0b44a255f7ed' AND OBSLT_UTC IS NULL;
INSERT INTO CD_TBL VALUES('d2312b8e-bdfb-4012-9397-f14336f8d206',TRUE);
INSERT INTO CD_VRSN_TBL (CD_ID, STS_CD_ID, CRT_USR_ID, MNEMONIC, CLS_ID) VALUES ('d2312b8e-bdfb-4012-9397-f14336f8d206', 'c8064cbd-fa06-4530-b430-1a52f1530c27', 'fadca076-3690-4a6e-af9e-f1cd68e8c7e8', 'AdditionalLocator', '0d6b3439-c9be-4480-af39-eeb457c052d0');
INSERT INTO REF_TERM_TBL(REF_TERM_ID, CS_ID, MNEMONIC, CRT_USR_ID)  VALUES('783956f8-21ca-49a3-b69e-2b38d0452723', '20dad23d-f524-4a93-bd49-780ab3d6fd6e', 'ADL', 'fadca076-3690-4a6e-af9e-f1cd68e8c7e8');
INSERT INTO CD_REF_TERM_ASSOC_TBL(REF_TERM_ID, CD_ID, EFFT_VRSN_SEQ_ID, REL_TYP_ID) SELECT '783956f8-21ca-49a3-b69e-2b38d0452723', 'd2312b8e-bdfb-4012-9397-f14336f8d206', VRSN_SEQ_ID, '2c4dafc2-566a-41ae-9ebc-3097d7d22f4a' FROM CD_VRSN_TBL WHERE CD_ID = 'd2312b8e-bdfb-4012-9397-f14336f8d206' AND OBSLT_UTC IS NULL;
INSERT INTO REF_TERM_NAME_TBL(REF_TERM_ID, LANG_CS, TERM_NAME, CRT_USR_ID, PHON_ALG_ID) VALUES('783956f8-21ca-49a3-b69e-2b38d0452723', 'en', 'AdditionalLocator', 'fadca076-3690-4a6e-af9e-f1cd68e8c7e8', '402CD339-D0E4-46CE-8FC2-12A4B0E17226');
INSERT INTO CD_NAME_TBL(CD_ID, EFFT_VRSN_SEQ_ID, LANG_CS, VAL, PHON_ALG_ID) SELECT 'd2312b8e-bdfb-4012-9397-f14336f8d206', VRSN_SEQ_ID, 'en', 'AdditionalLocator', '402CD339-D0E4-46CE-8FC2-12A4B0E17226' FROM CD_VRSN_TBL WHERE CD_ID = 'd2312b8e-bdfb-4012-9397-f14336f8d206' AND OBSLT_UTC IS NULL;
INSERT INTO CD_TBL VALUES('908c09df-81fe-45ac-9233-0881a278a401',TRUE);
INSERT INTO CD_VRSN_TBL (CD_ID, STS_CD_ID, CRT_USR_ID, MNEMONIC, CLS_ID) VALUES ('908c09df-81fe-45ac-9233-0881a278a401', 'c8064cbd-fa06-4530-b430-1a52f1530c27', 'fadca076-3690-4a6e-af9e-f1cd68e8c7e8', 'UnitIdentifier', '0d6b3439-c9be-4480-af39-eeb457c052d0');
INSERT INTO REF_TERM_TBL(REF_TERM_ID, CS_ID, MNEMONIC, CRT_USR_ID)  VALUES('27ec05b4-0963-4721-9288-1b9bd4199aaa', '20dad23d-f524-4a93-bd49-780ab3d6fd6e', 'UNID', 'fadca076-3690-4a6e-af9e-f1cd68e8c7e8');
INSERT INTO CD_REF_TERM_ASSOC_TBL(REF_TERM_ID, CD_ID, EFFT_VRSN_SEQ_ID, REL_TYP_ID) SELECT '27ec05b4-0963-4721-9288-1b9bd4199aaa', '908c09df-81fe-45ac-9233-0881a278a401', VRSN_SEQ_ID, '2c4dafc2-566a-41ae-9ebc-3097d7d22f4a' FROM CD_VRSN_TBL WHERE CD_ID = '908c09df-81fe-45ac-9233-0881a278a401' AND OBSLT_UTC IS NULL;
INSERT INTO REF_TERM_NAME_TBL(REF_TERM_ID, LANG_CS, TERM_NAME, CRT_USR_ID, PHON_ALG_ID) VALUES('27ec05b4-0963-4721-9288-1b9bd4199aaa', 'en', 'UnitIdentifier', 'fadca076-3690-4a6e-af9e-f1cd68e8c7e8', '402CD339-D0E4-46CE-8FC2-12A4B0E17226');
INSERT INTO CD_NAME_TBL(CD_ID, EFFT_VRSN_SEQ_ID, LANG_CS, VAL, PHON_ALG_ID) SELECT '908c09df-81fe-45ac-9233-0881a278a401', VRSN_SEQ_ID, 'en', 'UnitIdentifier', '402CD339-D0E4-46CE-8FC2-12A4B0E17226' FROM CD_VRSN_TBL WHERE CD_ID = '908c09df-81fe-45ac-9233-0881a278a401' AND OBSLT_UTC IS NULL;
INSERT INTO CD_TBL VALUES('b18e71cb-203c-4640-83f0-cc86debbbbc0',TRUE);
INSERT INTO CD_VRSN_TBL (CD_ID, STS_CD_ID, CRT_USR_ID, MNEMONIC, CLS_ID) VALUES ('b18e71cb-203c-4640-83f0-cc86debbbbc0', 'c8064cbd-fa06-4530-b430-1a52f1530c27', 'fadca076-3690-4a6e-af9e-f1cd68e8c7e8', 'UnitDesignator', '0d6b3439-c9be-4480-af39-eeb457c052d0');
INSERT INTO REF_TERM_TBL(REF_TERM_ID, CS_ID, MNEMONIC, CRT_USR_ID)  VALUES('a3af77ce-0146-4931-b697-32cebab4b1c3', '20dad23d-f524-4a93-bd49-780ab3d6fd6e', 'UNIT', 'fadca076-3690-4a6e-af9e-f1cd68e8c7e8');
INSERT INTO CD_REF_TERM_ASSOC_TBL(REF_TERM_ID, CD_ID, EFFT_VRSN_SEQ_ID, REL_TYP_ID) SELECT 'a3af77ce-0146-4931-b697-32cebab4b1c3', 'b18e71cb-203c-4640-83f0-cc86debbbbc0', VRSN_SEQ_ID, '2c4dafc2-566a-41ae-9ebc-3097d7d22f4a' FROM CD_VRSN_TBL WHERE CD_ID = 'b18e71cb-203c-4640-83f0-cc86debbbbc0' AND OBSLT_UTC IS NULL;
INSERT INTO REF_TERM_NAME_TBL(REF_TERM_ID, LANG_CS, TERM_NAME, CRT_USR_ID, PHON_ALG_ID) VALUES('a3af77ce-0146-4931-b697-32cebab4b1c3', 'en', 'UnitDesignator', 'fadca076-3690-4a6e-af9e-f1cd68e8c7e8', '402CD339-D0E4-46CE-8FC2-12A4B0E17226');
INSERT INTO CD_NAME_TBL(CD_ID, EFFT_VRSN_SEQ_ID, LANG_CS, VAL, PHON_ALG_ID) SELECT 'b18e71cb-203c-4640-83f0-cc86debbbbc0', VRSN_SEQ_ID, 'en', 'UnitDesignator', '402CD339-D0E4-46CE-8FC2-12A4B0E17226' FROM CD_VRSN_TBL WHERE CD_ID = 'b18e71cb-203c-4640-83f0-cc86debbbbc0' AND OBSLT_UTC IS NULL;
INSERT INTO CD_TBL VALUES('f6139b21-3a36-4a3f-b498-0c661f06df59',TRUE);
INSERT INTO CD_VRSN_TBL (CD_ID, STS_CD_ID, CRT_USR_ID, MNEMONIC, CLS_ID) VALUES ('f6139b21-3a36-4a3f-b498-0c661f06df59', 'c8064cbd-fa06-4530-b430-1a52f1530c27', 'fadca076-3690-4a6e-af9e-f1cd68e8c7e8', 'DeliveryAddressLine', '0d6b3439-c9be-4480-af39-eeb457c052d0');
INSERT INTO REF_TERM_TBL(REF_TERM_ID, CS_ID, MNEMONIC, CRT_USR_ID)  VALUES('630c62e9-f379-4271-b121-211f7a1a3255', '20dad23d-f524-4a93-bd49-780ab3d6fd6e', 'DAL', 'fadca076-3690-4a6e-af9e-f1cd68e8c7e8');
INSERT INTO CD_REF_TERM_ASSOC_TBL(REF_TERM_ID, CD_ID, EFFT_VRSN_SEQ_ID, REL_TYP_ID) SELECT '630c62e9-f379-4271-b121-211f7a1a3255', 'f6139b21-3a36-4a3f-b498-0c661f06df59', VRSN_SEQ_ID, '2c4dafc2-566a-41ae-9ebc-3097d7d22f4a' FROM CD_VRSN_TBL WHERE CD_ID = 'f6139b21-3a36-4a3f-b498-0c661f06df59' AND OBSLT_UTC IS NULL;
INSERT INTO REF_TERM_NAME_TBL(REF_TERM_ID, LANG_CS, TERM_NAME, CRT_USR_ID, PHON_ALG_ID) VALUES('630c62e9-f379-4271-b121-211f7a1a3255', 'en', 'DeliveryAddressLine', 'fadca076-3690-4a6e-af9e-f1cd68e8c7e8', '402CD339-D0E4-46CE-8FC2-12A4B0E17226');
INSERT INTO CD_NAME_TBL(CD_ID, EFFT_VRSN_SEQ_ID, LANG_CS, VAL, PHON_ALG_ID) SELECT 'f6139b21-3a36-4a3f-b498-0c661f06df59', VRSN_SEQ_ID, 'en', 'DeliveryAddressLine', '402CD339-D0E4-46CE-8FC2-12A4B0E17226' FROM CD_VRSN_TBL WHERE CD_ID = 'f6139b21-3a36-4a3f-b498-0c661f06df59' AND OBSLT_UTC IS NULL;
INSERT INTO CD_TBL VALUES('684fb800-145c-47c5-98c5-e7aa53802b69',TRUE);
INSERT INTO CD_VRSN_TBL (CD_ID, STS_CD_ID, CRT_USR_ID, MNEMONIC, CLS_ID) VALUES ('684fb800-145c-47c5-98c5-e7aa53802b69', 'c8064cbd-fa06-4530-b430-1a52f1530c27', 'fadca076-3690-4a6e-af9e-f1cd68e8c7e8', 'DeliveryInstallationType', '0d6b3439-c9be-4480-af39-eeb457c052d0');
INSERT INTO REF_TERM_TBL(REF_TERM_ID, CS_ID, MNEMONIC, CRT_USR_ID)  VALUES('160dc82b-87b4-4c5e-a0eb-f753737e71fc', '20dad23d-f524-4a93-bd49-780ab3d6fd6e', 'DINST', 'fadca076-3690-4a6e-af9e-f1cd68e8c7e8');
INSERT INTO CD_REF_TERM_ASSOC_TBL(REF_TERM_ID, CD_ID, EFFT_VRSN_SEQ_ID, REL_TYP_ID) SELECT '160dc82b-87b4-4c5e-a0eb-f753737e71fc', '684fb800-145c-47c5-98c5-e7aa53802b69', VRSN_SEQ_ID, '2c4dafc2-566a-41ae-9ebc-3097d7d22f4a' FROM CD_VRSN_TBL WHERE CD_ID = '684fb800-145c-47c5-98c5-e7aa53802b69' AND OBSLT_UTC IS NULL;
INSERT INTO REF_TERM_NAME_TBL(REF_TERM_ID, LANG_CS, TERM_NAME, CRT_USR_ID, PHON_ALG_ID) VALUES('160dc82b-87b4-4c5e-a0eb-f753737e71fc', 'en', 'DeliveryInstallationType', 'fadca076-3690-4a6e-af9e-f1cd68e8c7e8', '402CD339-D0E4-46CE-8FC2-12A4B0E17226');
INSERT INTO CD_NAME_TBL(CD_ID, EFFT_VRSN_SEQ_ID, LANG_CS, VAL, PHON_ALG_ID) SELECT '684fb800-145c-47c5-98c5-e7aa53802b69', VRSN_SEQ_ID, 'en', 'DeliveryInstallationType', '402CD339-D0E4-46CE-8FC2-12A4B0E17226' FROM CD_VRSN_TBL WHERE CD_ID = '684fb800-145c-47c5-98c5-e7aa53802b69' AND OBSLT_UTC IS NULL;
INSERT INTO CD_TBL VALUES('ec9d5ab8-3be1-448f-9346-6a08253f9dea',TRUE);
INSERT INTO CD_VRSN_TBL (CD_ID, STS_CD_ID, CRT_USR_ID, MNEMONIC, CLS_ID) VALUES ('ec9d5ab8-3be1-448f-9346-6a08253f9dea', 'c8064cbd-fa06-4530-b430-1a52f1530c27', 'fadca076-3690-4a6e-af9e-f1cd68e8c7e8', 'DeliveryInstallationArea', '0d6b3439-c9be-4480-af39-eeb457c052d0');
INSERT INTO REF_TERM_TBL(REF_TERM_ID, CS_ID, MNEMONIC, CRT_USR_ID)  VALUES('872b2e07-887c-464d-8a89-d500e94482a7', '20dad23d-f524-4a93-bd49-780ab3d6fd6e', 'DINSTA', 'fadca076-3690-4a6e-af9e-f1cd68e8c7e8');
INSERT INTO CD_REF_TERM_ASSOC_TBL(REF_TERM_ID, CD_ID, EFFT_VRSN_SEQ_ID, REL_TYP_ID) SELECT '872b2e07-887c-464d-8a89-d500e94482a7', 'ec9d5ab8-3be1-448f-9346-6a08253f9dea', VRSN_SEQ_ID, '2c4dafc2-566a-41ae-9ebc-3097d7d22f4a' FROM CD_VRSN_TBL WHERE CD_ID = 'ec9d5ab8-3be1-448f-9346-6a08253f9dea' AND OBSLT_UTC IS NULL;
INSERT INTO REF_TERM_NAME_TBL(REF_TERM_ID, LANG_CS, TERM_NAME, CRT_USR_ID, PHON_ALG_ID) VALUES('872b2e07-887c-464d-8a89-d500e94482a7', 'en', 'DeliveryInstallationArea', 'fadca076-3690-4a6e-af9e-f1cd68e8c7e8', '402CD339-D0E4-46CE-8FC2-12A4B0E17226');
INSERT INTO CD_NAME_TBL(CD_ID, EFFT_VRSN_SEQ_ID, LANG_CS, VAL, PHON_ALG_ID) SELECT 'ec9d5ab8-3be1-448f-9346-6a08253f9dea', VRSN_SEQ_ID, 'en', 'DeliveryInstallationArea', '402CD339-D0E4-46CE-8FC2-12A4B0E17226' FROM CD_VRSN_TBL WHERE CD_ID = 'ec9d5ab8-3be1-448f-9346-6a08253f9dea' AND OBSLT_UTC IS NULL;
INSERT INTO CD_TBL VALUES('78fb6eed-6549-4f22-ab3e-f3696da050bc',TRUE);
INSERT INTO CD_VRSN_TBL (CD_ID, STS_CD_ID, CRT_USR_ID, MNEMONIC, CLS_ID) VALUES ('78fb6eed-6549-4f22-ab3e-f3696da050bc', 'c8064cbd-fa06-4530-b430-1a52f1530c27', 'fadca076-3690-4a6e-af9e-f1cd68e8c7e8', 'DeliveryInstallationQualifier', '0d6b3439-c9be-4480-af39-eeb457c052d0');
INSERT INTO REF_TERM_TBL(REF_TERM_ID, CS_ID, MNEMONIC, CRT_USR_ID)  VALUES('3e6e1deb-40d9-4985-af57-9fef0cea3681', '20dad23d-f524-4a93-bd49-780ab3d6fd6e', 'DINSTQ', 'fadca076-3690-4a6e-af9e-f1cd68e8c7e8');
INSERT INTO CD_REF_TERM_ASSOC_TBL(REF_TERM_ID, CD_ID, EFFT_VRSN_SEQ_ID, REL_TYP_ID) SELECT '3e6e1deb-40d9-4985-af57-9fef0cea3681', '78fb6eed-6549-4f22-ab3e-f3696da050bc', VRSN_SEQ_ID, '2c4dafc2-566a-41ae-9ebc-3097d7d22f4a' FROM CD_VRSN_TBL WHERE CD_ID = '78fb6eed-6549-4f22-ab3e-f3696da050bc' AND OBSLT_UTC IS NULL;
INSERT INTO REF_TERM_NAME_TBL(REF_TERM_ID, LANG_CS, TERM_NAME, CRT_USR_ID, PHON_ALG_ID) VALUES('3e6e1deb-40d9-4985-af57-9fef0cea3681', 'en', 'DeliveryInstallationQualifier', 'fadca076-3690-4a6e-af9e-f1cd68e8c7e8', '402CD339-D0E4-46CE-8FC2-12A4B0E17226');
INSERT INTO CD_NAME_TBL(CD_ID, EFFT_VRSN_SEQ_ID, LANG_CS, VAL, PHON_ALG_ID) SELECT '78fb6eed-6549-4f22-ab3e-f3696da050bc', VRSN_SEQ_ID, 'en', 'DeliveryInstallationQualifier', '402CD339-D0E4-46CE-8FC2-12A4B0E17226' FROM CD_VRSN_TBL WHERE CD_ID = '78fb6eed-6549-4f22-ab3e-f3696da050bc' AND OBSLT_UTC IS NULL;
INSERT INTO CD_TBL VALUES('12608636-910d-4bac-b849-7f999de20332',TRUE);
INSERT INTO CD_VRSN_TBL (CD_ID, STS_CD_ID, CRT_USR_ID, MNEMONIC, CLS_ID) VALUES ('12608636-910d-4bac-b849-7f999de20332', 'c8064cbd-fa06-4530-b430-1a52f1530c27', 'fadca076-3690-4a6e-af9e-f1cd68e8c7e8', 'DeliveryMode', '0d6b3439-c9be-4480-af39-eeb457c052d0');
INSERT INTO REF_TERM_TBL(REF_TERM_ID, CS_ID, MNEMONIC, CRT_USR_ID)  VALUES('e7849865-74c3-450a-a5a7-ba58b91613b1', '20dad23d-f524-4a93-bd49-780ab3d6fd6e', 'DMOD', 'fadca076-3690-4a6e-af9e-f1cd68e8c7e8');
INSERT INTO CD_REF_TERM_ASSOC_TBL(REF_TERM_ID, CD_ID, EFFT_VRSN_SEQ_ID, REL_TYP_ID) SELECT 'e7849865-74c3-450a-a5a7-ba58b91613b1', '12608636-910d-4bac-b849-7f999de20332', VRSN_SEQ_ID, '2c4dafc2-566a-41ae-9ebc-3097d7d22f4a' FROM CD_VRSN_TBL WHERE CD_ID = '12608636-910d-4bac-b849-7f999de20332' AND OBSLT_UTC IS NULL;
INSERT INTO REF_TERM_NAME_TBL(REF_TERM_ID, LANG_CS, TERM_NAME, CRT_USR_ID, PHON_ALG_ID) VALUES('e7849865-74c3-450a-a5a7-ba58b91613b1', 'en', 'DeliveryMode', 'fadca076-3690-4a6e-af9e-f1cd68e8c7e8', '402CD339-D0E4-46CE-8FC2-12A4B0E17226');
INSERT INTO CD_NAME_TBL(CD_ID, EFFT_VRSN_SEQ_ID, LANG_CS, VAL, PHON_ALG_ID) SELECT '12608636-910d-4bac-b849-7f999de20332', VRSN_SEQ_ID, 'en', 'DeliveryMode', '402CD339-D0E4-46CE-8FC2-12A4B0E17226' FROM CD_VRSN_TBL WHERE CD_ID = '12608636-910d-4bac-b849-7f999de20332' AND OBSLT_UTC IS NULL;
INSERT INTO CD_TBL VALUES('08bd6027-47eb-43de-8454-59b7a5d00a3e',TRUE);
INSERT INTO CD_VRSN_TBL (CD_ID, STS_CD_ID, CRT_USR_ID, MNEMONIC, CLS_ID) VALUES ('08bd6027-47eb-43de-8454-59b7a5d00a3e', 'c8064cbd-fa06-4530-b430-1a52f1530c27', 'fadca076-3690-4a6e-af9e-f1cd68e8c7e8', 'DeliveryModeIdentifier', '0d6b3439-c9be-4480-af39-eeb457c052d0');
INSERT INTO REF_TERM_TBL(REF_TERM_ID, CS_ID, MNEMONIC, CRT_USR_ID)  VALUES('ee8570ef-e93e-4eb8-8231-53697828ba45', '20dad23d-f524-4a93-bd49-780ab3d6fd6e', 'DMODID', 'fadca076-3690-4a6e-af9e-f1cd68e8c7e8');
INSERT INTO CD_REF_TERM_ASSOC_TBL(REF_TERM_ID, CD_ID, EFFT_VRSN_SEQ_ID, REL_TYP_ID) SELECT 'ee8570ef-e93e-4eb8-8231-53697828ba45', '08bd6027-47eb-43de-8454-59b7a5d00a3e', VRSN_SEQ_ID, '2c4dafc2-566a-41ae-9ebc-3097d7d22f4a' FROM CD_VRSN_TBL WHERE CD_ID = '08bd6027-47eb-43de-8454-59b7a5d00a3e' AND OBSLT_UTC IS NULL;
INSERT INTO REF_TERM_NAME_TBL(REF_TERM_ID, LANG_CS, TERM_NAME, CRT_USR_ID, PHON_ALG_ID) VALUES('ee8570ef-e93e-4eb8-8231-53697828ba45', 'en', 'DeliveryModeIdentifier', 'fadca076-3690-4a6e-af9e-f1cd68e8c7e8', '402CD339-D0E4-46CE-8FC2-12A4B0E17226');
INSERT INTO CD_NAME_TBL(CD_ID, EFFT_VRSN_SEQ_ID, LANG_CS, VAL, PHON_ALG_ID) SELECT '08bd6027-47eb-43de-8454-59b7a5d00a3e', VRSN_SEQ_ID, 'en', 'DeliveryModeIdentifier', '402CD339-D0E4-46CE-8FC2-12A4B0E17226' FROM CD_VRSN_TBL WHERE CD_ID = '08bd6027-47eb-43de-8454-59b7a5d00a3e' AND OBSLT_UTC IS NULL;
INSERT INTO CD_TBL VALUES('f69dcfa8-df18-403b-9217-c59680bad99e',TRUE);
INSERT INTO CD_VRSN_TBL (CD_ID, STS_CD_ID, CRT_USR_ID, MNEMONIC, CLS_ID) VALUES ('f69dcfa8-df18-403b-9217-c59680bad99e', 'c8064cbd-fa06-4530-b430-1a52f1530c27', 'fadca076-3690-4a6e-af9e-f1cd68e8c7e8', 'StreetAddressLine', '0d6b3439-c9be-4480-af39-eeb457c052d0');
INSERT INTO REF_TERM_TBL(REF_TERM_ID, CS_ID, MNEMONIC, CRT_USR_ID)  VALUES('f47b1094-b4ab-4f33-a22e-9c6c10784a09', '20dad23d-f524-4a93-bd49-780ab3d6fd6e', 'SAL', 'fadca076-3690-4a6e-af9e-f1cd68e8c7e8');
INSERT INTO CD_REF_TERM_ASSOC_TBL(REF_TERM_ID, CD_ID, EFFT_VRSN_SEQ_ID, REL_TYP_ID) SELECT 'f47b1094-b4ab-4f33-a22e-9c6c10784a09', 'f69dcfa8-df18-403b-9217-c59680bad99e', VRSN_SEQ_ID, '2c4dafc2-566a-41ae-9ebc-3097d7d22f4a' FROM CD_VRSN_TBL WHERE CD_ID = 'f69dcfa8-df18-403b-9217-c59680bad99e' AND OBSLT_UTC IS NULL;
INSERT INTO REF_TERM_NAME_TBL(REF_TERM_ID, LANG_CS, TERM_NAME, CRT_USR_ID, PHON_ALG_ID) VALUES('f47b1094-b4ab-4f33-a22e-9c6c10784a09', 'en', 'StreetAddressLine', 'fadca076-3690-4a6e-af9e-f1cd68e8c7e8', '402CD339-D0E4-46CE-8FC2-12A4B0E17226');
INSERT INTO CD_NAME_TBL(CD_ID, EFFT_VRSN_SEQ_ID, LANG_CS, VAL, PHON_ALG_ID) SELECT 'f69dcfa8-df18-403b-9217-c59680bad99e', VRSN_SEQ_ID, 'en', 'StreetAddressLine', '402CD339-D0E4-46CE-8FC2-12A4B0E17226' FROM CD_VRSN_TBL WHERE CD_ID = 'f69dcfa8-df18-403b-9217-c59680bad99e' AND OBSLT_UTC IS NULL;
INSERT INTO CD_TBL VALUES('f3c86e99-8afc-4947-9dd8-86412a34b1c7',TRUE);
INSERT INTO CD_VRSN_TBL (CD_ID, STS_CD_ID, CRT_USR_ID, MNEMONIC, CLS_ID) VALUES ('f3c86e99-8afc-4947-9dd8-86412a34b1c7', 'c8064cbd-fa06-4530-b430-1a52f1530c27', 'fadca076-3690-4a6e-af9e-f1cd68e8c7e8', 'BuildingNumber', '0d6b3439-c9be-4480-af39-eeb457c052d0');
INSERT INTO REF_TERM_TBL(REF_TERM_ID, CS_ID, MNEMONIC, CRT_USR_ID)  VALUES('9db7ae71-c570-465a-a3ca-418b2a12ccf0', '20dad23d-f524-4a93-bd49-780ab3d6fd6e', 'BNR', 'fadca076-3690-4a6e-af9e-f1cd68e8c7e8');
INSERT INTO CD_REF_TERM_ASSOC_TBL(REF_TERM_ID, CD_ID, EFFT_VRSN_SEQ_ID, REL_TYP_ID) SELECT '9db7ae71-c570-465a-a3ca-418b2a12ccf0', 'f3c86e99-8afc-4947-9dd8-86412a34b1c7', VRSN_SEQ_ID, '2c4dafc2-566a-41ae-9ebc-3097d7d22f4a' FROM CD_VRSN_TBL WHERE CD_ID = 'f3c86e99-8afc-4947-9dd8-86412a34b1c7' AND OBSLT_UTC IS NULL;
INSERT INTO REF_TERM_NAME_TBL(REF_TERM_ID, LANG_CS, TERM_NAME, CRT_USR_ID, PHON_ALG_ID) VALUES('9db7ae71-c570-465a-a3ca-418b2a12ccf0', 'en', 'BuildingNumber', 'fadca076-3690-4a6e-af9e-f1cd68e8c7e8', '402CD339-D0E4-46CE-8FC2-12A4B0E17226');
INSERT INTO CD_NAME_TBL(CD_ID, EFFT_VRSN_SEQ_ID, LANG_CS, VAL, PHON_ALG_ID) SELECT 'f3c86e99-8afc-4947-9dd8-86412a34b1c7', VRSN_SEQ_ID, 'en', 'BuildingNumber', '402CD339-D0E4-46CE-8FC2-12A4B0E17226' FROM CD_VRSN_TBL WHERE CD_ID = 'f3c86e99-8afc-4947-9dd8-86412a34b1c7' AND OBSLT_UTC IS NULL;
INSERT INTO CD_TBL VALUES('3258b4d6-e4dc-43e6-9f29-fd8423a2ae12',TRUE);
INSERT INTO CD_VRSN_TBL (CD_ID, STS_CD_ID, CRT_USR_ID, MNEMONIC, CLS_ID) VALUES ('3258b4d6-e4dc-43e6-9f29-fd8423a2ae12', 'c8064cbd-fa06-4530-b430-1a52f1530c27', 'fadca076-3690-4a6e-af9e-f1cd68e8c7e8', 'BuildingNumberNumeric', '0d6b3439-c9be-4480-af39-eeb457c052d0');
INSERT INTO REF_TERM_TBL(REF_TERM_ID, CS_ID, MNEMONIC, CRT_USR_ID)  VALUES('96e92631-9da9-45cb-9c9d-d515a2ed6d7a', '20dad23d-f524-4a93-bd49-780ab3d6fd6e', 'BNN', 'fadca076-3690-4a6e-af9e-f1cd68e8c7e8');
INSERT INTO CD_REF_TERM_ASSOC_TBL(REF_TERM_ID, CD_ID, EFFT_VRSN_SEQ_ID, REL_TYP_ID) SELECT '96e92631-9da9-45cb-9c9d-d515a2ed6d7a', '3258b4d6-e4dc-43e6-9f29-fd8423a2ae12', VRSN_SEQ_ID, '2c4dafc2-566a-41ae-9ebc-3097d7d22f4a' FROM CD_VRSN_TBL WHERE CD_ID = '3258b4d6-e4dc-43e6-9f29-fd8423a2ae12' AND OBSLT_UTC IS NULL;
INSERT INTO REF_TERM_NAME_TBL(REF_TERM_ID, LANG_CS, TERM_NAME, CRT_USR_ID, PHON_ALG_ID) VALUES('96e92631-9da9-45cb-9c9d-d515a2ed6d7a', 'en', 'BuildingNumberNumeric', 'fadca076-3690-4a6e-af9e-f1cd68e8c7e8', '402CD339-D0E4-46CE-8FC2-12A4B0E17226');
INSERT INTO CD_NAME_TBL(CD_ID, EFFT_VRSN_SEQ_ID, LANG_CS, VAL, PHON_ALG_ID) SELECT '3258b4d6-e4dc-43e6-9f29-fd8423a2ae12', VRSN_SEQ_ID, 'en', 'BuildingNumberNumeric', '402CD339-D0E4-46CE-8FC2-12A4B0E17226' FROM CD_VRSN_TBL WHERE CD_ID = '3258b4d6-e4dc-43e6-9f29-fd8423a2ae12' AND OBSLT_UTC IS NULL;
INSERT INTO CD_TBL VALUES('b2dbf05c-584d-46db-8cbf-026a6ea30d81',TRUE);
INSERT INTO CD_VRSN_TBL (CD_ID, STS_CD_ID, CRT_USR_ID, MNEMONIC, CLS_ID) VALUES ('b2dbf05c-584d-46db-8cbf-026a6ea30d81', 'c8064cbd-fa06-4530-b430-1a52f1530c27', 'fadca076-3690-4a6e-af9e-f1cd68e8c7e8', 'BuildingNumberSuffix', '0d6b3439-c9be-4480-af39-eeb457c052d0');
INSERT INTO REF_TERM_TBL(REF_TERM_ID, CS_ID, MNEMONIC, CRT_USR_ID)  VALUES('364bc2a5-efea-42a6-ae79-75bdebd10776', '20dad23d-f524-4a93-bd49-780ab3d6fd6e', 'BNS', 'fadca076-3690-4a6e-af9e-f1cd68e8c7e8');
INSERT INTO CD_REF_TERM_ASSOC_TBL(REF_TERM_ID, CD_ID, EFFT_VRSN_SEQ_ID, REL_TYP_ID) SELECT '364bc2a5-efea-42a6-ae79-75bdebd10776', 'b2dbf05c-584d-46db-8cbf-026a6ea30d81', VRSN_SEQ_ID, '2c4dafc2-566a-41ae-9ebc-3097d7d22f4a' FROM CD_VRSN_TBL WHERE CD_ID = 'b2dbf05c-584d-46db-8cbf-026a6ea30d81' AND OBSLT_UTC IS NULL;
INSERT INTO REF_TERM_NAME_TBL(REF_TERM_ID, LANG_CS, TERM_NAME, CRT_USR_ID, PHON_ALG_ID) VALUES('364bc2a5-efea-42a6-ae79-75bdebd10776', 'en', 'BuildingNumberSuffix', 'fadca076-3690-4a6e-af9e-f1cd68e8c7e8', '402CD339-D0E4-46CE-8FC2-12A4B0E17226');
INSERT INTO CD_NAME_TBL(CD_ID, EFFT_VRSN_SEQ_ID, LANG_CS, VAL, PHON_ALG_ID) SELECT 'b2dbf05c-584d-46db-8cbf-026a6ea30d81', VRSN_SEQ_ID, 'en', 'BuildingNumberSuffix', '402CD339-D0E4-46CE-8FC2-12A4B0E17226' FROM CD_VRSN_TBL WHERE CD_ID = 'b2dbf05c-584d-46db-8cbf-026a6ea30d81' AND OBSLT_UTC IS NULL;
INSERT INTO CD_TBL VALUES('0432d671-abc3-4249-872c-afd5274c2298',TRUE);
INSERT INTO CD_VRSN_TBL (CD_ID, STS_CD_ID, CRT_USR_ID, MNEMONIC, CLS_ID) VALUES ('0432d671-abc3-4249-872c-afd5274c2298', 'c8064cbd-fa06-4530-b430-1a52f1530c27', 'fadca076-3690-4a6e-af9e-f1cd68e8c7e8', 'StreetName', '0d6b3439-c9be-4480-af39-eeb457c052d0');
INSERT INTO REF_TERM_TBL(REF_TERM_ID, CS_ID, MNEMONIC, CRT_USR_ID)  VALUES('773fd1dc-f52c-4351-8f45-ef4c449c889f', '20dad23d-f524-4a93-bd49-780ab3d6fd6e', 'STR', 'fadca076-3690-4a6e-af9e-f1cd68e8c7e8');
INSERT INTO CD_REF_TERM_ASSOC_TBL(REF_TERM_ID, CD_ID, EFFT_VRSN_SEQ_ID, REL_TYP_ID) SELECT '773fd1dc-f52c-4351-8f45-ef4c449c889f', '0432d671-abc3-4249-872c-afd5274c2298', VRSN_SEQ_ID, '2c4dafc2-566a-41ae-9ebc-3097d7d22f4a' FROM CD_VRSN_TBL WHERE CD_ID = '0432d671-abc3-4249-872c-afd5274c2298' AND OBSLT_UTC IS NULL;
INSERT INTO REF_TERM_NAME_TBL(REF_TERM_ID, LANG_CS, TERM_NAME, CRT_USR_ID, PHON_ALG_ID) VALUES('773fd1dc-f52c-4351-8f45-ef4c449c889f', 'en', 'StreetName', 'fadca076-3690-4a6e-af9e-f1cd68e8c7e8', '402CD339-D0E4-46CE-8FC2-12A4B0E17226');
INSERT INTO CD_NAME_TBL(CD_ID, EFFT_VRSN_SEQ_ID, LANG_CS, VAL, PHON_ALG_ID) SELECT '0432d671-abc3-4249-872c-afd5274c2298', VRSN_SEQ_ID, 'en', 'StreetName', '402CD339-D0E4-46CE-8FC2-12A4B0E17226' FROM CD_VRSN_TBL WHERE CD_ID = '0432d671-abc3-4249-872c-afd5274c2298' AND OBSLT_UTC IS NULL;
INSERT INTO CD_TBL VALUES('37c7dbc8-4ac6-464a-af65-d65fcba60238',TRUE);
INSERT INTO CD_VRSN_TBL (CD_ID, STS_CD_ID, CRT_USR_ID, MNEMONIC, CLS_ID) VALUES ('37c7dbc8-4ac6-464a-af65-d65fcba60238', 'c8064cbd-fa06-4530-b430-1a52f1530c27', 'fadca076-3690-4a6e-af9e-f1cd68e8c7e8', 'StreetNameBase', '0d6b3439-c9be-4480-af39-eeb457c052d0');
INSERT INTO REF_TERM_TBL(REF_TERM_ID, CS_ID, MNEMONIC, CRT_USR_ID)  VALUES('5591cb89-5e3b-4e69-b0b3-3c38f8e68ccd', '20dad23d-f524-4a93-bd49-780ab3d6fd6e', 'STB', 'fadca076-3690-4a6e-af9e-f1cd68e8c7e8');
INSERT INTO CD_REF_TERM_ASSOC_TBL(REF_TERM_ID, CD_ID, EFFT_VRSN_SEQ_ID, REL_TYP_ID) SELECT '5591cb89-5e3b-4e69-b0b3-3c38f8e68ccd', '37c7dbc8-4ac6-464a-af65-d65fcba60238', VRSN_SEQ_ID, '2c4dafc2-566a-41ae-9ebc-3097d7d22f4a' FROM CD_VRSN_TBL WHERE CD_ID = '37c7dbc8-4ac6-464a-af65-d65fcba60238' AND OBSLT_UTC IS NULL;
INSERT INTO REF_TERM_NAME_TBL(REF_TERM_ID, LANG_CS, TERM_NAME, CRT_USR_ID, PHON_ALG_ID) VALUES('5591cb89-5e3b-4e69-b0b3-3c38f8e68ccd', 'en', 'StreetNameBase', 'fadca076-3690-4a6e-af9e-f1cd68e8c7e8', '402CD339-D0E4-46CE-8FC2-12A4B0E17226');
INSERT INTO CD_NAME_TBL(CD_ID, EFFT_VRSN_SEQ_ID, LANG_CS, VAL, PHON_ALG_ID) SELECT '37c7dbc8-4ac6-464a-af65-d65fcba60238', VRSN_SEQ_ID, 'en', 'StreetNameBase', '402CD339-D0E4-46CE-8FC2-12A4B0E17226' FROM CD_VRSN_TBL WHERE CD_ID = '37c7dbc8-4ac6-464a-af65-d65fcba60238' AND OBSLT_UTC IS NULL;
INSERT INTO CD_TBL VALUES('121953f6-0465-41de-8f7a-b0e08204c771',TRUE);
INSERT INTO CD_VRSN_TBL (CD_ID, STS_CD_ID, CRT_USR_ID, MNEMONIC, CLS_ID) VALUES ('121953f6-0465-41de-8f7a-b0e08204c771', 'c8064cbd-fa06-4530-b430-1a52f1530c27', 'fadca076-3690-4a6e-af9e-f1cd68e8c7e8', 'StreetType', '0d6b3439-c9be-4480-af39-eeb457c052d0');
INSERT INTO REF_TERM_TBL(REF_TERM_ID, CS_ID, MNEMONIC, CRT_USR_ID)  VALUES('1db2a859-5a94-4316-a55b-a335e4d19a3c', '20dad23d-f524-4a93-bd49-780ab3d6fd6e', 'STTYP', 'fadca076-3690-4a6e-af9e-f1cd68e8c7e8');
INSERT INTO CD_REF_TERM_ASSOC_TBL(REF_TERM_ID, CD_ID, EFFT_VRSN_SEQ_ID, REL_TYP_ID) SELECT '1db2a859-5a94-4316-a55b-a335e4d19a3c', '121953f6-0465-41de-8f7a-b0e08204c771', VRSN_SEQ_ID, '2c4dafc2-566a-41ae-9ebc-3097d7d22f4a' FROM CD_VRSN_TBL WHERE CD_ID = '121953f6-0465-41de-8f7a-b0e08204c771' AND OBSLT_UTC IS NULL;
INSERT INTO REF_TERM_NAME_TBL(REF_TERM_ID, LANG_CS, TERM_NAME, CRT_USR_ID, PHON_ALG_ID) VALUES('1db2a859-5a94-4316-a55b-a335e4d19a3c', 'en', 'StreetType', 'fadca076-3690-4a6e-af9e-f1cd68e8c7e8', '402CD339-D0E4-46CE-8FC2-12A4B0E17226');
INSERT INTO CD_NAME_TBL(CD_ID, EFFT_VRSN_SEQ_ID, LANG_CS, VAL, PHON_ALG_ID) SELECT '121953f6-0465-41de-8f7a-b0e08204c771', VRSN_SEQ_ID, 'en', 'StreetType', '402CD339-D0E4-46CE-8FC2-12A4B0E17226' FROM CD_VRSN_TBL WHERE CD_ID = '121953f6-0465-41de-8f7a-b0e08204c771' AND OBSLT_UTC IS NULL;
INSERT INTO CD_TBL VALUES('1f678716-ab8f-4856-9f76-d82fe3165c22',TRUE);
INSERT INTO CD_VRSN_TBL (CD_ID, STS_CD_ID, CRT_USR_ID, MNEMONIC, CLS_ID) VALUES ('1f678716-ab8f-4856-9f76-d82fe3165c22', 'c8064cbd-fa06-4530-b430-1a52f1530c27', 'fadca076-3690-4a6e-af9e-f1cd68e8c7e8', 'Direction', '0d6b3439-c9be-4480-af39-eeb457c052d0');
INSERT INTO REF_TERM_TBL(REF_TERM_ID, CS_ID, MNEMONIC, CRT_USR_ID)  VALUES('75c05fc9-be00-46df-a02f-89603abe1291', '20dad23d-f524-4a93-bd49-780ab3d6fd6e', 'DIR', 'fadca076-3690-4a6e-af9e-f1cd68e8c7e8');
INSERT INTO CD_REF_TERM_ASSOC_TBL(REF_TERM_ID, CD_ID, EFFT_VRSN_SEQ_ID, REL_TYP_ID) SELECT '75c05fc9-be00-46df-a02f-89603abe1291', '1f678716-ab8f-4856-9f76-d82fe3165c22', VRSN_SEQ_ID, '2c4dafc2-566a-41ae-9ebc-3097d7d22f4a' FROM CD_VRSN_TBL WHERE CD_ID = '1f678716-ab8f-4856-9f76-d82fe3165c22' AND OBSLT_UTC IS NULL;
INSERT INTO REF_TERM_NAME_TBL(REF_TERM_ID, LANG_CS, TERM_NAME, CRT_USR_ID, PHON_ALG_ID) VALUES('75c05fc9-be00-46df-a02f-89603abe1291', 'en', 'Direction', 'fadca076-3690-4a6e-af9e-f1cd68e8c7e8', '402CD339-D0E4-46CE-8FC2-12A4B0E17226');
INSERT INTO CD_NAME_TBL(CD_ID, EFFT_VRSN_SEQ_ID, LANG_CS, VAL, PHON_ALG_ID) SELECT '1f678716-ab8f-4856-9f76-d82fe3165c22', VRSN_SEQ_ID, 'en', 'Direction', '402CD339-D0E4-46CE-8FC2-12A4B0E17226' FROM CD_VRSN_TBL WHERE CD_ID = '1f678716-ab8f-4856-9f76-d82fe3165c22' AND OBSLT_UTC IS NULL;
INSERT INTO CD_TBL VALUES('8c89a89e-08c5-4374-87f9-adb3c9261df6',TRUE);
INSERT INTO CD_VRSN_TBL (CD_ID, STS_CD_ID, CRT_USR_ID, MNEMONIC, CLS_ID) VALUES ('8c89a89e-08c5-4374-87f9-adb3c9261df6', 'c8064cbd-fa06-4530-b430-1a52f1530c27', 'fadca076-3690-4a6e-af9e-f1cd68e8c7e8', 'CareOf', '0d6b3439-c9be-4480-af39-eeb457c052d0');
INSERT INTO REF_TERM_TBL(REF_TERM_ID, CS_ID, MNEMONIC, CRT_USR_ID)  VALUES('9cbbb345-7f40-4164-b8f6-732c8da78685', '20dad23d-f524-4a93-bd49-780ab3d6fd6e', 'CAR', 'fadca076-3690-4a6e-af9e-f1cd68e8c7e8');
INSERT INTO CD_REF_TERM_ASSOC_TBL(REF_TERM_ID, CD_ID, EFFT_VRSN_SEQ_ID, REL_TYP_ID) SELECT '9cbbb345-7f40-4164-b8f6-732c8da78685', '8c89a89e-08c5-4374-87f9-adb3c9261df6', VRSN_SEQ_ID, '2c4dafc2-566a-41ae-9ebc-3097d7d22f4a' FROM CD_VRSN_TBL WHERE CD_ID = '8c89a89e-08c5-4374-87f9-adb3c9261df6' AND OBSLT_UTC IS NULL;
INSERT INTO REF_TERM_NAME_TBL(REF_TERM_ID, LANG_CS, TERM_NAME, CRT_USR_ID, PHON_ALG_ID) VALUES('9cbbb345-7f40-4164-b8f6-732c8da78685', 'en', 'CareOf', 'fadca076-3690-4a6e-af9e-f1cd68e8c7e8', '402CD339-D0E4-46CE-8FC2-12A4B0E17226');
INSERT INTO CD_NAME_TBL(CD_ID, EFFT_VRSN_SEQ_ID, LANG_CS, VAL, PHON_ALG_ID) SELECT '8c89a89e-08c5-4374-87f9-adb3c9261df6', VRSN_SEQ_ID, 'en', 'CareOf', '402CD339-D0E4-46CE-8FC2-12A4B0E17226' FROM CD_VRSN_TBL WHERE CD_ID = '8c89a89e-08c5-4374-87f9-adb3c9261df6' AND OBSLT_UTC IS NULL;
INSERT INTO CD_TBL VALUES('4b3a347c-28fa-4560-a1a9-3795c9db3d3b',TRUE);
INSERT INTO CD_VRSN_TBL (CD_ID, STS_CD_ID, CRT_USR_ID, MNEMONIC, CLS_ID) VALUES ('4b3a347c-28fa-4560-a1a9-3795c9db3d3b', 'c8064cbd-fa06-4530-b430-1a52f1530c27', 'fadca076-3690-4a6e-af9e-f1cd68e8c7e8', 'CensusTract', '0d6b3439-c9be-4480-af39-eeb457c052d0');
INSERT INTO REF_TERM_TBL(REF_TERM_ID, CS_ID, MNEMONIC, CRT_USR_ID)  VALUES('0971fbf5-24b7-4d40-b648-5d84aa841417', '20dad23d-f524-4a93-bd49-780ab3d6fd6e', 'CEN', 'fadca076-3690-4a6e-af9e-f1cd68e8c7e8');
INSERT INTO CD_REF_TERM_ASSOC_TBL(REF_TERM_ID, CD_ID, EFFT_VRSN_SEQ_ID, REL_TYP_ID) SELECT '0971fbf5-24b7-4d40-b648-5d84aa841417', '4b3a347c-28fa-4560-a1a9-3795c9db3d3b', VRSN_SEQ_ID, '2c4dafc2-566a-41ae-9ebc-3097d7d22f4a' FROM CD_VRSN_TBL WHERE CD_ID = '4b3a347c-28fa-4560-a1a9-3795c9db3d3b' AND OBSLT_UTC IS NULL;
INSERT INTO REF_TERM_NAME_TBL(REF_TERM_ID, LANG_CS, TERM_NAME, CRT_USR_ID, PHON_ALG_ID) VALUES('0971fbf5-24b7-4d40-b648-5d84aa841417', 'en', 'CensusTract', 'fadca076-3690-4a6e-af9e-f1cd68e8c7e8', '402CD339-D0E4-46CE-8FC2-12A4B0E17226');
INSERT INTO CD_NAME_TBL(CD_ID, EFFT_VRSN_SEQ_ID, LANG_CS, VAL, PHON_ALG_ID) SELECT '4b3a347c-28fa-4560-a1a9-3795c9db3d3b', VRSN_SEQ_ID, 'en', 'CensusTract', '402CD339-D0E4-46CE-8FC2-12A4B0E17226' FROM CD_VRSN_TBL WHERE CD_ID = '4b3a347c-28fa-4560-a1a9-3795c9db3d3b' AND OBSLT_UTC IS NULL;
INSERT INTO REF_TERM_TBL(REF_TERM_ID, CS_ID, MNEMONIC, CRT_USR_ID)  VALUES('3abd0e6e-0a47-4cdc-9be4-227e72e2e9c6', '20dad23d-f524-4a93-bd49-780ab3d6fd6e', 'CNT', 'fadca076-3690-4a6e-af9e-f1cd68e8c7e8');
INSERT INTO CD_REF_TERM_ASSOC_TBL(REF_TERM_ID, CD_ID, EFFT_VRSN_SEQ_ID, REL_TYP_ID) SELECT '3abd0e6e-0a47-4cdc-9be4-227e72e2e9c6', '48B2FFB3-07DB-47BA-AD73-FC8FB8502471', VRSN_SEQ_ID, '2c4dafc2-566a-41ae-9ebc-3097d7d22f4a' FROM CD_VRSN_TBL WHERE CD_ID = '48B2FFB3-07DB-47BA-AD73-FC8FB8502471' AND OBSLT_UTC IS NULL;
INSERT INTO REF_TERM_NAME_TBL(REF_TERM_ID, LANG_CS, TERM_NAME, CRT_USR_ID, PHON_ALG_ID) VALUES('3abd0e6e-0a47-4cdc-9be4-227e72e2e9c6', 'en', 'Country', 'fadca076-3690-4a6e-af9e-f1cd68e8c7e8', '402CD339-D0E4-46CE-8FC2-12A4B0E17226');
INSERT INTO CD_TBL VALUES('d9489d56-ddac-4596-b5c6-8f41d73d8dc5',TRUE);
INSERT INTO CD_VRSN_TBL (CD_ID, STS_CD_ID, CRT_USR_ID, MNEMONIC, CLS_ID) VALUES ('d9489d56-ddac-4596-b5c6-8f41d73d8dc5', 'c8064cbd-fa06-4530-b430-1a52f1530c27', 'fadca076-3690-4a6e-af9e-f1cd68e8c7e8', 'County', '0d6b3439-c9be-4480-af39-eeb457c052d0');
INSERT INTO REF_TERM_TBL(REF_TERM_ID, CS_ID, MNEMONIC, CRT_USR_ID)  VALUES('bc70b40e-046d-40c6-b4a9-f54e1549acf8', '20dad23d-f524-4a93-bd49-780ab3d6fd6e', 'CPA', 'fadca076-3690-4a6e-af9e-f1cd68e8c7e8');
INSERT INTO CD_REF_TERM_ASSOC_TBL(REF_TERM_ID, CD_ID, EFFT_VRSN_SEQ_ID, REL_TYP_ID) SELECT 'bc70b40e-046d-40c6-b4a9-f54e1549acf8', 'd9489d56-ddac-4596-b5c6-8f41d73d8dc5', VRSN_SEQ_ID, '2c4dafc2-566a-41ae-9ebc-3097d7d22f4a' FROM CD_VRSN_TBL WHERE CD_ID = 'd9489d56-ddac-4596-b5c6-8f41d73d8dc5' AND OBSLT_UTC IS NULL;
INSERT INTO REF_TERM_NAME_TBL(REF_TERM_ID, LANG_CS, TERM_NAME, CRT_USR_ID, PHON_ALG_ID) VALUES('bc70b40e-046d-40c6-b4a9-f54e1549acf8', 'en', 'County', 'fadca076-3690-4a6e-af9e-f1cd68e8c7e8', '402CD339-D0E4-46CE-8FC2-12A4B0E17226');
INSERT INTO CD_NAME_TBL(CD_ID, EFFT_VRSN_SEQ_ID, LANG_CS, VAL, PHON_ALG_ID) SELECT 'd9489d56-ddac-4596-b5c6-8f41d73d8dc5', VRSN_SEQ_ID, 'en', 'County', '402CD339-D0E4-46CE-8FC2-12A4B0E17226' FROM CD_VRSN_TBL WHERE CD_ID = 'd9489d56-ddac-4596-b5c6-8f41d73d8dc5' AND OBSLT_UTC IS NULL;
INSERT INTO CD_TBL VALUES('05b85461-578b-4988-bca6-e3e94be9db76',TRUE);
INSERT INTO CD_VRSN_TBL (CD_ID, STS_CD_ID, CRT_USR_ID, MNEMONIC, CLS_ID) VALUES ('05b85461-578b-4988-bca6-e3e94be9db76', 'c8064cbd-fa06-4530-b430-1a52f1530c27', 'fadca076-3690-4a6e-af9e-f1cd68e8c7e8', 'City', '0d6b3439-c9be-4480-af39-eeb457c052d0');
INSERT INTO REF_TERM_TBL(REF_TERM_ID, CS_ID, MNEMONIC, CRT_USR_ID)  VALUES('f2e4b634-bdde-4cab-aa43-0a88bc14b8f0', '20dad23d-f524-4a93-bd49-780ab3d6fd6e', 'CTY', 'fadca076-3690-4a6e-af9e-f1cd68e8c7e8');
INSERT INTO CD_REF_TERM_ASSOC_TBL(REF_TERM_ID, CD_ID, EFFT_VRSN_SEQ_ID, REL_TYP_ID) SELECT 'f2e4b634-bdde-4cab-aa43-0a88bc14b8f0', '05b85461-578b-4988-bca6-e3e94be9db76', VRSN_SEQ_ID, '2c4dafc2-566a-41ae-9ebc-3097d7d22f4a' FROM CD_VRSN_TBL WHERE CD_ID = '05b85461-578b-4988-bca6-e3e94be9db76' AND OBSLT_UTC IS NULL;
INSERT INTO REF_TERM_NAME_TBL(REF_TERM_ID, LANG_CS, TERM_NAME, CRT_USR_ID, PHON_ALG_ID) VALUES('f2e4b634-bdde-4cab-aa43-0a88bc14b8f0', 'en', 'City', 'fadca076-3690-4a6e-af9e-f1cd68e8c7e8', '402CD339-D0E4-46CE-8FC2-12A4B0E17226');
INSERT INTO CD_NAME_TBL(CD_ID, EFFT_VRSN_SEQ_ID, LANG_CS, VAL, PHON_ALG_ID) SELECT '05b85461-578b-4988-bca6-e3e94be9db76', VRSN_SEQ_ID, 'en', 'City', '402CD339-D0E4-46CE-8FC2-12A4B0E17226' FROM CD_VRSN_TBL WHERE CD_ID = '05b85461-578b-4988-bca6-e3e94be9db76' AND OBSLT_UTC IS NULL;
INSERT INTO REF_TERM_TBL(REF_TERM_ID, CS_ID, MNEMONIC, CRT_USR_ID)  VALUES('679cc887-86ab-4ac8-a7ea-a870bf62a709', '20dad23d-f524-4a93-bd49-780ab3d6fd6e', 'DEL', 'fadca076-3690-4a6e-af9e-f1cd68e8c7e8');
INSERT INTO CD_REF_TERM_ASSOC_TBL(REF_TERM_ID, CD_ID, EFFT_VRSN_SEQ_ID, REL_TYP_ID) SELECT '679cc887-86ab-4ac8-a7ea-a870bf62a709', '4C6B9519-A493-44A9-80E6-32D85109B04B', VRSN_SEQ_ID, '2c4dafc2-566a-41ae-9ebc-3097d7d22f4a' FROM CD_VRSN_TBL WHERE CD_ID = '4C6B9519-A493-44A9-80E6-32D85109B04B' AND OBSLT_UTC IS NULL;
INSERT INTO REF_TERM_NAME_TBL(REF_TERM_ID, LANG_CS, TERM_NAME, CRT_USR_ID, PHON_ALG_ID) VALUES('679cc887-86ab-4ac8-a7ea-a870bf62a709', 'en', 'Delimiter', 'fadca076-3690-4a6e-af9e-f1cd68e8c7e8', '402CD339-D0E4-46CE-8FC2-12A4B0E17226');
INSERT INTO CD_TBL VALUES('2047f216-f41e-4cfb-a024-05d4d3de52f5',TRUE);
INSERT INTO CD_VRSN_TBL (CD_ID, STS_CD_ID, CRT_USR_ID, MNEMONIC, CLS_ID) VALUES ('2047f216-f41e-4cfb-a024-05d4d3de52f5', 'c8064cbd-fa06-4530-b430-1a52f1530c27', 'fadca076-3690-4a6e-af9e-f1cd68e8c7e8', 'PostBox', '0d6b3439-c9be-4480-af39-eeb457c052d0');
INSERT INTO REF_TERM_TBL(REF_TERM_ID, CS_ID, MNEMONIC, CRT_USR_ID)  VALUES('3c09edd8-9ac1-41c5-9b39-5dd5c4eee88e', '20dad23d-f524-4a93-bd49-780ab3d6fd6e', 'POB', 'fadca076-3690-4a6e-af9e-f1cd68e8c7e8');
INSERT INTO CD_REF_TERM_ASSOC_TBL(REF_TERM_ID, CD_ID, EFFT_VRSN_SEQ_ID, REL_TYP_ID) SELECT '3c09edd8-9ac1-41c5-9b39-5dd5c4eee88e', '2047f216-f41e-4cfb-a024-05d4d3de52f5', VRSN_SEQ_ID, '2c4dafc2-566a-41ae-9ebc-3097d7d22f4a' FROM CD_VRSN_TBL WHERE CD_ID = '2047f216-f41e-4cfb-a024-05d4d3de52f5' AND OBSLT_UTC IS NULL;
INSERT INTO REF_TERM_NAME_TBL(REF_TERM_ID, LANG_CS, TERM_NAME, CRT_USR_ID, PHON_ALG_ID) VALUES('3c09edd8-9ac1-41c5-9b39-5dd5c4eee88e', 'en', 'PostBox', 'fadca076-3690-4a6e-af9e-f1cd68e8c7e8', '402CD339-D0E4-46CE-8FC2-12A4B0E17226');
INSERT INTO CD_NAME_TBL(CD_ID, EFFT_VRSN_SEQ_ID, LANG_CS, VAL, PHON_ALG_ID) SELECT '2047f216-f41e-4cfb-a024-05d4d3de52f5', VRSN_SEQ_ID, 'en', 'PostBox', '402CD339-D0E4-46CE-8FC2-12A4B0E17226' FROM CD_VRSN_TBL WHERE CD_ID = '2047f216-f41e-4cfb-a024-05d4d3de52f5' AND OBSLT_UTC IS NULL;
INSERT INTO CD_TBL VALUES('acafe0f2-e209-43bb-8633-3665fd7c90ba',TRUE);
INSERT INTO CD_VRSN_TBL (CD_ID, STS_CD_ID, CRT_USR_ID, MNEMONIC, CLS_ID) VALUES ('acafe0f2-e209-43bb-8633-3665fd7c90ba', 'c8064cbd-fa06-4530-b430-1a52f1530c27', 'fadca076-3690-4a6e-af9e-f1cd68e8c7e8', 'Precinct', '0d6b3439-c9be-4480-af39-eeb457c052d0');
INSERT INTO REF_TERM_TBL(REF_TERM_ID, CS_ID, MNEMONIC, CRT_USR_ID)  VALUES('c0dfdb60-8646-4c1d-afc1-203c90a704fc', '20dad23d-f524-4a93-bd49-780ab3d6fd6e', 'PRE', 'fadca076-3690-4a6e-af9e-f1cd68e8c7e8');
INSERT INTO CD_REF_TERM_ASSOC_TBL(REF_TERM_ID, CD_ID, EFFT_VRSN_SEQ_ID, REL_TYP_ID) SELECT 'c0dfdb60-8646-4c1d-afc1-203c90a704fc', 'acafe0f2-e209-43bb-8633-3665fd7c90ba', VRSN_SEQ_ID, '2c4dafc2-566a-41ae-9ebc-3097d7d22f4a' FROM CD_VRSN_TBL WHERE CD_ID = 'acafe0f2-e209-43bb-8633-3665fd7c90ba' AND OBSLT_UTC IS NULL;
INSERT INTO REF_TERM_NAME_TBL(REF_TERM_ID, LANG_CS, TERM_NAME, CRT_USR_ID, PHON_ALG_ID) VALUES('c0dfdb60-8646-4c1d-afc1-203c90a704fc', 'en', 'Precinct', 'fadca076-3690-4a6e-af9e-f1cd68e8c7e8', '402CD339-D0E4-46CE-8FC2-12A4B0E17226');
INSERT INTO CD_NAME_TBL(CD_ID, EFFT_VRSN_SEQ_ID, LANG_CS, VAL, PHON_ALG_ID) SELECT 'acafe0f2-e209-43bb-8633-3665fd7c90ba', VRSN_SEQ_ID, 'en', 'Precinct', '402CD339-D0E4-46CE-8FC2-12A4B0E17226' FROM CD_VRSN_TBL WHERE CD_ID = 'acafe0f2-e209-43bb-8633-3665fd7c90ba' AND OBSLT_UTC IS NULL;
INSERT INTO REF_TERM_TBL(REF_TERM_ID, CS_ID, MNEMONIC, CRT_USR_ID)  VALUES('8c947fe0-729d-441b-ada1-f807199f2970', '20dad23d-f524-4a93-bd49-780ab3d6fd6e', 'STA', 'fadca076-3690-4a6e-af9e-f1cd68e8c7e8');
INSERT INTO CD_REF_TERM_ASSOC_TBL(REF_TERM_ID, CD_ID, EFFT_VRSN_SEQ_ID, REL_TYP_ID) SELECT '8c947fe0-729d-441b-ada1-f807199f2970', '8CF4B0B0-84E5-4122-85FE-6AFA8240C218', VRSN_SEQ_ID, '2c4dafc2-566a-41ae-9ebc-3097d7d22f4a' FROM CD_VRSN_TBL WHERE CD_ID = '8CF4B0B0-84E5-4122-85FE-6AFA8240C218' AND OBSLT_UTC IS NULL;
INSERT INTO REF_TERM_NAME_TBL(REF_TERM_ID, LANG_CS, TERM_NAME, CRT_USR_ID, PHON_ALG_ID) VALUES('8c947fe0-729d-441b-ada1-f807199f2970', 'en', 'State', 'fadca076-3690-4a6e-af9e-f1cd68e8c7e8', '402CD339-D0E4-46CE-8FC2-12A4B0E17226');
INSERT INTO CD_TBL VALUES('78a47122-f9bf-450f-a93f-90a103c5f1e8',TRUE);
INSERT INTO CD_VRSN_TBL (CD_ID, STS_CD_ID, CRT_USR_ID, MNEMONIC, CLS_ID) VALUES ('78a47122-f9bf-450f-a93f-90a103c5f1e8', 'c8064cbd-fa06-4530-b430-1a52f1530c27', 'fadca076-3690-4a6e-af9e-f1cd68e8c7e8', 'PostalCode', '0d6b3439-c9be-4480-af39-eeb457c052d0');
INSERT INTO REF_TERM_TBL(REF_TERM_ID, CS_ID, MNEMONIC, CRT_USR_ID)  VALUES('5f81675a-475c-4490-b0e9-20495e55e270', '20dad23d-f524-4a93-bd49-780ab3d6fd6e', 'ZIP', 'fadca076-3690-4a6e-af9e-f1cd68e8c7e8');
INSERT INTO CD_REF_TERM_ASSOC_TBL(REF_TERM_ID, CD_ID, EFFT_VRSN_SEQ_ID, REL_TYP_ID) SELECT '5f81675a-475c-4490-b0e9-20495e55e270', '78a47122-f9bf-450f-a93f-90a103c5f1e8', VRSN_SEQ_ID, '2c4dafc2-566a-41ae-9ebc-3097d7d22f4a' FROM CD_VRSN_TBL WHERE CD_ID = '78a47122-f9bf-450f-a93f-90a103c5f1e8' AND OBSLT_UTC IS NULL;
INSERT INTO REF_TERM_NAME_TBL(REF_TERM_ID, LANG_CS, TERM_NAME, CRT_USR_ID, PHON_ALG_ID) VALUES('5f81675a-475c-4490-b0e9-20495e55e270', 'en', 'PostalCode', 'fadca076-3690-4a6e-af9e-f1cd68e8c7e8', '402CD339-D0E4-46CE-8FC2-12A4B0E17226');
INSERT INTO CD_NAME_TBL(CD_ID, EFFT_VRSN_SEQ_ID, LANG_CS, VAL, PHON_ALG_ID) SELECT '78a47122-f9bf-450f-a93f-90a103c5f1e8', VRSN_SEQ_ID, 'en', 'PostalCode', '402CD339-D0E4-46CE-8FC2-12A4B0E17226' FROM CD_VRSN_TBL WHERE CD_ID = '78a47122-f9bf-450f-a93f-90a103c5f1e8' AND OBSLT_UTC IS NULL;

INSERT INTO CD_SET_MEM_ASSOC_TBL(CD_ID, SET_ID) SELECT CD_ID, '5CCA5869-8A7B-47A3-83DB-041D5AF5C9DA' from REF_TERM_TBL INNER JOIN CD_SYS_TBL ON (CD_SYS_TBL.CS_ID = REF_TERM_TBL.CS_ID)
	LEFT JOIN CD_REF_TERM_ASSOC_TBL ON (CD_REF_TERM_ASSOC_TBL.REF_TERM_ID = REF_TERM_TBL.REF_TERM_ID)
	WHERE CD_SYS_TBL.DOMAIN = 'AddressPartType';

INSERT INTO CD_SET_MEM_ASSOC_TBL(CD_ID, SET_ID) SELECT CD_ID, '8DF14280-3D05-45A6-BFAE-15B63DFC3791' from REF_TERM_TBL INNER JOIN CD_SYS_TBL ON (CD_SYS_TBL.CS_ID = REF_TERM_TBL.CS_ID)
	LEFT JOIN CD_REF_TERM_ASSOC_TBL ON (CD_REF_TERM_ASSOC_TBL.REF_TERM_ID = REF_TERM_TBL.REF_TERM_ID)
	WHERE CD_SYS_TBL.DOMAIN = 'EntityNamePartType';

INSERT INTO CD_SET_MEM_ASSOC_TBL(CD_ID, SET_ID) SELECT CD_ID, 'C68A7690-D78D-4AFC-8A36-1EBDFB86F15F' from REF_TERM_TBL INNER JOIN CD_SYS_TBL ON (CD_SYS_TBL.CS_ID = REF_TERM_TBL.CS_ID)
	LEFT JOIN CD_REF_TERM_ASSOC_TBL ON (CD_REF_TERM_ASSOC_TBL.REF_TERM_ID = REF_TERM_TBL.REF_TERM_ID)
	WHERE CD_SYS_TBL.DOMAIN = 'PostalAddressUse';

INSERT INTO CD_SET_MEM_ASSOC_TBL(CD_ID, SET_ID) SELECT CD_ID, '8DF14280-3D05-45A6-BFAE-15B63DFC379F' from REF_TERM_TBL INNER JOIN CD_SYS_TBL ON (CD_SYS_TBL.CS_ID = REF_TERM_TBL.CS_ID)
	LEFT JOIN CD_REF_TERM_ASSOC_TBL ON (CD_REF_TERM_ASSOC_TBL.REF_TERM_ID = REF_TERM_TBL.REF_TERM_ID)
	WHERE CD_SYS_TBL.DOMAIN = 'EntityNameUse';


INSERT INTO CD_SYS_TBL (CS_ID, DOMAIN, OID, CRT_USR_ID, URL)  VALUES ('59b60ec6-f1d0-4c7f-8e3b-a7b809dc26cf','TelecommunicationAddressUse','2.16.840.1.113883.5.1011','fadca076-3690-4a6e-af9e-f1cd68e8c7e8','http://openiz.org/conceptset/v3-TelecomAddressUse');

INSERT INTO CD_TBL VALUES('1ecd7b17-b5ff-4cae-9c3b-c1258132d137',TRUE);
INSERT INTO CD_VRSN_TBL (CD_ID, STS_CD_ID, CRT_USR_ID, MNEMONIC, CLS_ID) VALUES ('1ecd7b17-b5ff-4cae-9c3b-c1258132d137', 'c8064cbd-fa06-4530-b430-1a52f1530c27', 'fadca076-3690-4a6e-af9e-f1cd68e8c7e8', 'AnsweringService', '0d6b3439-c9be-4480-af39-eeb457c052d0');
INSERT INTO REF_TERM_TBL(REF_TERM_ID, CS_ID, MNEMONIC, CRT_USR_ID)  VALUES('8917551f-137c-4cd4-9b70-d036f2a44f60', '59b60ec6-f1d0-4c7f-8e3b-a7b809dc26cf', 'AS', 'fadca076-3690-4a6e-af9e-f1cd68e8c7e8');
INSERT INTO CD_REF_TERM_ASSOC_TBL(REF_TERM_ID, CD_ID, EFFT_VRSN_SEQ_ID, REL_TYP_ID) SELECT '8917551f-137c-4cd4-9b70-d036f2a44f60', '78a47122-f9bf-450f-a93f-90a103c5f1e8', VRSN_SEQ_ID, '2c4dafc2-566a-41ae-9ebc-3097d7d22f4a' FROM CD_VRSN_TBL WHERE CD_ID = '1ecd7b17-b5ff-4cae-9c3b-c1258132d137' AND OBSLT_UTC IS NULL;
INSERT INTO REF_TERM_NAME_TBL(REF_TERM_ID, LANG_CS, TERM_NAME, CRT_USR_ID, PHON_ALG_ID) VALUES('8917551f-137c-4cd4-9b70-d036f2a44f60', 'en', 'Answering Service', 'fadca076-3690-4a6e-af9e-f1cd68e8c7e8', '402CD339-D0E4-46CE-8FC2-12A4B0E17226');
INSERT INTO CD_NAME_TBL(CD_ID, EFFT_VRSN_SEQ_ID, LANG_CS, VAL, PHON_ALG_ID) SELECT CD_ID, VRSN_SEQ_ID, 'en', 'Answering Service', '402CD339-D0E4-46CE-8FC2-12A4B0E17226' FROM CD_VRSN_TBL WHERE CD_ID = '1ecd7b17-b5ff-4cae-9c3b-c1258132d137' AND OBSLT_UTC IS NULL;

INSERT INTO REF_TERM_TBL(REF_TERM_ID, CS_ID, MNEMONIC, CRT_USR_ID)  VALUES('b5c7f3e3-5ec9-4ae4-acb1-aac6700fb516', '59b60ec6-f1d0-4c7f-8e3b-a7b809dc26cf', 'EC', 'fadca076-3690-4a6e-af9e-f1cd68e8c7e8');
INSERT INTO CD_REF_TERM_ASSOC_TBL(REF_TERM_ID, CD_ID, EFFT_VRSN_SEQ_ID, REL_TYP_ID) SELECT 'b5c7f3e3-5ec9-4ae4-acb1-aac6700fb516', '78a47122-f9bf-450f-a93f-90a103c5f1e8', VRSN_SEQ_ID, '2c4dafc2-566a-41ae-9ebc-3097d7d22f4a' FROM CD_VRSN_TBL WHERE CD_ID = '25985f42-476a-4455-a977-4e97a554d710' AND OBSLT_UTC IS NULL;
INSERT INTO REF_TERM_NAME_TBL(REF_TERM_ID, LANG_CS, TERM_NAME, CRT_USR_ID, PHON_ALG_ID) VALUES('b5c7f3e3-5ec9-4ae4-acb1-aac6700fb516', 'en', 'Emergency Contact', 'fadca076-3690-4a6e-af9e-f1cd68e8c7e8', '402CD339-D0E4-46CE-8FC2-12A4B0E17226');
INSERT INTO CD_NAME_TBL(CD_ID, EFFT_VRSN_SEQ_ID, LANG_CS, VAL, PHON_ALG_ID) SELECT CD_ID, VRSN_SEQ_ID, 'en', 'Emergency Contact', '402CD339-D0E4-46CE-8FC2-12A4B0E17226' FROM CD_VRSN_TBL WHERE CD_ID = '25985f42-476a-4455-a977-4e97a554d710' AND OBSLT_UTC IS NULL;


INSERT INTO CD_TBL VALUES('e161f90e-5939-430e-861a-f8e885cc353d',TRUE);
INSERT INTO CD_VRSN_TBL (CD_ID, STS_CD_ID, CRT_USR_ID, MNEMONIC, CLS_ID) VALUES ('e161f90e-5939-430e-861a-f8e885cc353d', 'c8064cbd-fa06-4530-b430-1a52f1530c27', 'fadca076-3690-4a6e-af9e-f1cd68e8c7e8', 'MobileContact', '0d6b3439-c9be-4480-af39-eeb457c052d0');
INSERT INTO REF_TERM_TBL(REF_TERM_ID, CS_ID, MNEMONIC, CRT_USR_ID)  VALUES('ee8979bd-970c-4c30-8c6a-61f6d91f767f', '59b60ec6-f1d0-4c7f-8e3b-a7b809dc26cf', 'MC', 'fadca076-3690-4a6e-af9e-f1cd68e8c7e8');
INSERT INTO CD_REF_TERM_ASSOC_TBL(REF_TERM_ID, CD_ID, EFFT_VRSN_SEQ_ID, REL_TYP_ID) SELECT 'ee8979bd-970c-4c30-8c6a-61f6d91f767f', '78a47122-f9bf-450f-a93f-90a103c5f1e8', VRSN_SEQ_ID, '2c4dafc2-566a-41ae-9ebc-3097d7d22f4a' FROM CD_VRSN_TBL WHERE CD_ID = 'e161f90e-5939-430e-861a-f8e885cc353d' AND OBSLT_UTC IS NULL;
INSERT INTO REF_TERM_NAME_TBL(REF_TERM_ID, LANG_CS, TERM_NAME, CRT_USR_ID, PHON_ALG_ID) VALUES('ee8979bd-970c-4c30-8c6a-61f6d91f767f', 'en', 'Mobile Phone', 'fadca076-3690-4a6e-af9e-f1cd68e8c7e8', '402CD339-D0E4-46CE-8FC2-12A4B0E17226');
INSERT INTO CD_NAME_TBL(CD_ID, EFFT_VRSN_SEQ_ID, LANG_CS, VAL, PHON_ALG_ID) SELECT CD_ID, VRSN_SEQ_ID, 'en', 'Mobile Phone', '402CD339-D0E4-46CE-8FC2-12A4B0E17226' FROM CD_VRSN_TBL WHERE CD_ID = 'e161f90e-5939-430e-861a-f8e885cc353d' AND OBSLT_UTC IS NULL;

INSERT INTO CD_TBL VALUES('788000b4-e37a-4055-a2aa-c650089ce3b1',TRUE);
INSERT INTO CD_VRSN_TBL (CD_ID, STS_CD_ID, CRT_USR_ID, MNEMONIC, CLS_ID) VALUES ('788000b4-e37a-4055-a2aa-c650089ce3b1', 'c8064cbd-fa06-4530-b430-1a52f1530c27', 'fadca076-3690-4a6e-af9e-f1cd68e8c7e8', 'Pager', '0d6b3439-c9be-4480-af39-eeb457c052d0');
INSERT INTO REF_TERM_TBL(REF_TERM_ID, CS_ID, MNEMONIC, CRT_USR_ID)  VALUES('806c2a3a-4317-4a46-92bb-0fb953a61e40', '59b60ec6-f1d0-4c7f-8e3b-a7b809dc26cf', 'PG', 'fadca076-3690-4a6e-af9e-f1cd68e8c7e8');
INSERT INTO CD_REF_TERM_ASSOC_TBL(REF_TERM_ID, CD_ID, EFFT_VRSN_SEQ_ID, REL_TYP_ID) SELECT '806c2a3a-4317-4a46-92bb-0fb953a61e40', '78a47122-f9bf-450f-a93f-90a103c5f1e8', VRSN_SEQ_ID, '2c4dafc2-566a-41ae-9ebc-3097d7d22f4a' FROM CD_VRSN_TBL WHERE CD_ID = '788000b4-e37a-4055-a2aa-c650089ce3b1' AND OBSLT_UTC IS NULL;
INSERT INTO REF_TERM_NAME_TBL(REF_TERM_ID, LANG_CS, TERM_NAME, CRT_USR_ID, PHON_ALG_ID) VALUES('806c2a3a-4317-4a46-92bb-0fb953a61e40', 'en', 'Pager', 'fadca076-3690-4a6e-af9e-f1cd68e8c7e8', '402CD339-D0E4-46CE-8FC2-12A4B0E17226');
INSERT INTO CD_NAME_TBL(CD_ID, EFFT_VRSN_SEQ_ID, LANG_CS, VAL, PHON_ALG_ID) SELECT CD_ID, VRSN_SEQ_ID, 'en', 'Pager', '402CD339-D0E4-46CE-8FC2-12A4B0E17226' FROM CD_VRSN_TBL WHERE CD_ID = '788000b4-e37a-4055-a2aa-c650089ce3b1' AND OBSLT_UTC IS NULL;

-- STOCK CODES
INSERT INTO CD_TBL VALUES('31f6fbb8-b510-4624-a639-eb7e93a19b27',TRUE);
INSERT INTO CD_VRSN_TBL (CD_ID, STS_CD_ID, CRT_USR_ID, MNEMONIC, CLS_ID) VALUES ('31f6fbb8-b510-4624-a639-eb7e93a19b27', 'c8064cbd-fa06-4530-b430-1a52f1530c27', 'fadca076-3690-4a6e-af9e-f1cd68e8c7e8', 'StockTransfer', '17FD5254-8C25-4ABB-B246-083FBE9AFA15');
INSERT INTO REF_TERM_TBL(REF_TERM_ID, CS_ID, MNEMONIC, CRT_USR_ID)  VALUES('0063d641-2daf-436d-95f2-39c7e50f4197', 'BAB1D66A-1E98-4BFD-9B4A-7C4BE88F35D1', 'TRNFR', 'fadca076-3690-4a6e-af9e-f1cd68e8c7e8');
INSERT INTO CD_REF_TERM_ASSOC_TBL(REF_TERM_ID, CD_ID, EFFT_VRSN_SEQ_ID, REL_TYP_ID) SELECT '0063d641-2daf-436d-95f2-39c7e50f4197', '78a47122-f9bf-450f-a93f-90a103c5f1e8', VRSN_SEQ_ID, '2c4dafc2-566a-41ae-9ebc-3097d7d22f4a' FROM CD_VRSN_TBL WHERE CD_ID = '31f6fbb8-b510-4624-a639-eb7e93a19b27' AND OBSLT_UTC IS NULL;
INSERT INTO REF_TERM_NAME_TBL(REF_TERM_ID, LANG_CS, TERM_NAME, CRT_USR_ID, PHON_ALG_ID) VALUES('0063d641-2daf-436d-95f2-39c7e50f4197', 'en', 'Transfer', 'fadca076-3690-4a6e-af9e-f1cd68e8c7e8', '402CD339-D0E4-46CE-8FC2-12A4B0E17226');
INSERT INTO CD_NAME_TBL(CD_ID, EFFT_VRSN_SEQ_ID, LANG_CS, VAL, PHON_ALG_ID) SELECT CD_ID, VRSN_SEQ_ID, 'en', 'Transfer', '402CD339-D0E4-46CE-8FC2-12A4B0E17226' FROM CD_VRSN_TBL WHERE CD_ID = '31f6fbb8-b510-4624-a639-eb7e93a19b27' AND OBSLT_UTC IS NULL;

INSERT INTO CD_TBL VALUES('63ae8c25-d607-4382-a704-63a6b6930faf',TRUE);
INSERT INTO CD_VRSN_TBL (CD_ID, STS_CD_ID, CRT_USR_ID, MNEMONIC, CLS_ID) VALUES ('63ae8c25-d607-4382-a704-63a6b6930faf', 'c8064cbd-fa06-4530-b430-1a52f1530c27', 'fadca076-3690-4a6e-af9e-f1cd68e8c7e8', 'Adjustment', '17FD5254-8C25-4ABB-B246-083FBE9AFA15');
INSERT INTO CD_NAME_TBL(CD_ID, EFFT_VRSN_SEQ_ID, LANG_CS, VAL, PHON_ALG_ID) SELECT CD_ID, VRSN_SEQ_ID, 'en', 'Adjustment', '402CD339-D0E4-46CE-8FC2-12A4B0E17226' FROM CD_VRSN_TBL WHERE CD_ID = '63ae8c25-d607-4382-a704-63a6b6930faf' AND OBSLT_UTC IS NULL;

INSERT INTO CD_SET_MEM_ASSOC_TBL (CD_ID, SET_ID) VALUES ('31f6fbb8-b510-4624-a639-eb7e93a19b27','62C5FDE0-A3AA-45DF-94E9-242F4451644A');
INSERT INTO CD_SET_MEM_ASSOC_TBL (CD_ID, SET_ID) VALUES ('63ae8c25-d607-4382-a704-63a6b6930faf','62C5FDE0-A3AA-45DF-94E9-242F4451644A');

INSERT INTO CD_SET_MEM_ASSOC_TBL (CD_ID, SET_ID) VALUES('1ecd7b17-b5ff-4cae-9c3b-c1258132d137','1dabe3e2-44b8-4c45-9102-25ea147e5710');
INSERT INTO CD_SET_MEM_ASSOC_TBL (CD_ID, SET_ID) VALUES('25985f42-476a-4455-a977-4e97a554d710','1dabe3e2-44b8-4c45-9102-25ea147e5710');
INSERT INTO CD_SET_MEM_ASSOC_TBL (CD_ID, SET_ID) VALUES('e161f90e-5939-430e-861a-f8e885cc353d','1dabe3e2-44b8-4c45-9102-25ea147e5710');
INSERT INTO CD_SET_MEM_ASSOC_TBL (CD_ID, SET_ID) VALUES('788000b4-e37a-4055-a2aa-c650089ce3b1','1dabe3e2-44b8-4c45-9102-25ea147e5710');

INSERT INTO CD_SET_MEM_ASSOC_TBL (SET_ID, CD_ID) VALUES ('1DABE3E2-44B8-4C45-9102-25EA147E5710', 'EAA6F08E-BB8E-4457-9DC0-3A1555FADF5C');
INSERT INTO CD_SET_MEM_ASSOC_TBL (SET_ID, CD_ID) VALUES ('1DABE3E2-44B8-4C45-9102-25EA147E5710', 'CEF6EA31-A097-4F59-8723-A38C727C6597');
INSERT INTO CD_SET_MEM_ASSOC_TBL (SET_ID, CD_ID) VALUES ('1DABE3E2-44B8-4C45-9102-25EA147E5710', 'EC35EA7C-55D2-4619-A56B-F7A986412F7F');

-- CORRECTION
INSERT INTO CD_SET_MEM_ASSOC_TBL (CD_ID, SET_ID) VALUES ('D9489D56-DDAC-4596-B5C6-8F41D73D8DC5', '4E6DA567-0094-4F23-8555-11DA499593AF');
INSERT INTO CD_SET_MEM_ASSOC_TBL (CD_ID, SET_ID) VALUES ('9025E5C9-693B-49D4-973C-D7010F3A23EE', '4E6DA567-0094-4F23-8555-11DA499593AF');

-- COMPLETED STATUS
INSERT INTO CD_TBL VALUES ('AFC33800-8225-4061-B168-BACC09CDBAE3', TRUE);
INSERT INTO CD_VRSN_TBL (CD_ID, STS_CD_ID, CRT_USR_ID, MNEMONIC, CLS_ID) VALUES ('AFC33800-8225-4061-B168-BACC09CDBAE3', 'c8064cbd-fa06-4530-b430-1a52f1530c27', 'fadca076-3690-4a6e-af9e-f1cd68e8c7e8', 'COMPLETE', '54B93182-FC19-47A2-82C6-089FD70A4F45');
INSERT INTO CD_SET_MEM_ASSOC_TBL(CD_ID, SET_ID) VALUES ('AFC33800-8225-4061-B168-BACC09CDBAE3', '93a48f6a-6808-4c70-83a2-d02178c2a883');


-- REPLACES CODE
--INSERT INTO CD_TBL VALUES ('e998ca72-3b6a-4099-ab6e-7cf6861a5b61', TRUE);
INSERT INTO CD_SET_MEM_ASSOC_TBL (CD_ID, SET_ID) VALUES ('d1578637-e1cb-415e-b319-4011da033813', 'ee16a667-2085-440a-b1e7-4032d10b9f40');
--INSERT INTO CD_VRSN_TBL (CD_ID, STS_CD_ID, CRT_USR_ID, MNEMONIC, CLS_ID) VALUES ('e998ca72-3b6a-4099-ab6e-7cf6861a5b61', 'c8064cbd-fa06-4530-b430-1a52f1530c27', 'fadca076-3690-4a6e-af9e-f1cd68e8c7e8', 'Replaces', '17fd5254-8c25-4abb-b246-083fbe9afa15');
--INSERT INTO REF_TERM_TBL (REF_TERM_ID, CS_ID, MNEMONIC, CRT_USR_ID)  VALUES('9adb575a-eba2-454b-a087-805f5083b048','ff12d77b-625d-497a-8794-c3726942b113','REPL', 'fadca076-3690-4a6e-af9e-f1cd68e8c7e8');
--INSERT INTO CD_REF_TERM_ASSOC_TBL (REF_TERM_ID, CD_ID, EFFT_VRSN_SEQ_ID, REL_TYP_ID) SELECT '9adb575a-eba2-454b-a087-805f5083b048', 'e998ca72-3b6a-4099-ab6e-7cf6861a5b61', VRSN_SEQ_ID, '2c4dafc2-566a-41ae-9ebc-3097d7d22f4a' FROM CD_VRSN_TBL WHERE CD_ID = 'e998ca72-3b6a-4099-ab6e-7cf6861a5b61' AND OBSLT_UTC IS NULL;
INSERT INTO CD_TBL VALUES('3efd3b6e-02d5-4cc9-9088-ef8f31e321c5',TRUE);
INSERT INTO CD_SET_MEM_ASSOC_TBL (CD_ID, SET_ID) VALUES ('3efd3b6e-02d5-4cc9-9088-ef8f31e321c5', '93a48f6a-6808-4c70-83a2-d02178c2a883');
INSERT INTO CD_VRSN_TBL (CD_ID, STS_CD_ID, CRT_USR_ID, MNEMONIC, CLS_ID) VALUES ('3efd3b6e-02d5-4cc9-9088-ef8f31e321c5', 'c8064cbd-fa06-4530-b430-1a52f1530c27', 'fadca076-3690-4a6e-af9e-f1cd68e8c7e8', 'CANCELLED', '54B93182-FC19-47A2-82C6-089FD70A4F45');
